scenario,candidate,reference,metric,mean_diff,ci_low,ci_high,relative_pct,n_seeds,verdict
abl_agent_time_heterogeneity|agent_time_heterogeneity|0.25,abl_propensity_ev_no_effort_model,hist_profit_per_agent_hour,net_value_per_1k_leads,7276.796115324828,-1736.2126105375137,14353.972512709437,3.313723512863036,6,no meaningful evidence of difference
abl_agent_time_heterogeneity|agent_time_heterogeneity|0.25,abl_propensity_ev_no_optimizer,hist_profit_per_agent_hour,net_value_per_1k_leads,5911.744091360907,-2288.79930889971,13219.990001643933,2.6921031023963615,6,no meaningful evidence of difference
abl_agent_time_heterogeneity|agent_time_heterogeneity|0.25,abl_propensity_ev_no_value_model,hist_profit_per_agent_hour,net_value_per_1k_leads,13418.20931538759,6336.442681512625,20407.692530998498,6.110413842058408,6,better
abl_agent_time_heterogeneity|agent_time_heterogeneity|0.25,abl_t_learner_no_effort_model,hist_profit_per_agent_hour,net_value_per_1k_leads,12734.194428910787,3757.4538670725597,22838.501513770778,5.798925629863893,6,better
abl_agent_time_heterogeneity|agent_time_heterogeneity|0.25,abl_t_learner_no_optimizer,hist_profit_per_agent_hour,net_value_per_1k_leads,11484.879276435488,3956.3419291126193,19211.881770451564,5.23000973197101,6,better
abl_agent_time_heterogeneity|agent_time_heterogeneity|0.25,abl_t_learner_no_value_model,hist_profit_per_agent_hour,net_value_per_1k_leads,15272.860421272473,7591.661537319192,22341.18255124247,6.954988965550627,6,better
abl_agent_time_heterogeneity|agent_time_heterogeneity|0.25,oracle,hist_profit_per_agent_hour,net_value_per_1k_leads,71370.65615483586,55813.44147961648,90551.65694990387,32.500927287308684,6,better
abl_agent_time_heterogeneity|agent_time_heterogeneity|0.25,propensity_ev_gbm,hist_profit_per_agent_hour,net_value_per_1k_leads,22646.03056498525,12897.13731719576,32446.712104476464,10.31259949666142,6,better
abl_agent_time_heterogeneity|agent_time_heterogeneity|0.25,t_learner,hist_profit_per_agent_hour,net_value_per_1k_leads,17599.484791278603,8974.948133835225,28355.779012424435,8.014492318166589,6,better
abl_capacity_value_heterogeneity|capacity_value_heterogeneity|0.25,abl_propensity_ev_no_effort_model,hist_profit_per_agent_hour,net_value_per_1k_leads,13640.65052789017,-6982.1711030255055,41789.35860043912,2.9375341789652127,6,no meaningful evidence of difference
abl_capacity_value_heterogeneity|capacity_value_heterogeneity|0.25,abl_propensity_ev_no_optimizer,hist_profit_per_agent_hour,net_value_per_1k_leads,13195.52712563046,-7408.464726623807,41350.99532983432,2.84167619878152,6,no meaningful evidence of difference
abl_capacity_value_heterogeneity|capacity_value_heterogeneity|0.25,abl_propensity_ev_no_value_model,hist_profit_per_agent_hour,net_value_per_1k_leads,69462.42916027288,31386.629480741616,104065.01888020476,14.95883641290032,6,better
abl_capacity_value_heterogeneity|capacity_value_heterogeneity|0.25,abl_t_learner_no_effort_model,hist_profit_per_agent_hour,net_value_per_1k_leads,47849.56198420551,23328.663239884638,73663.67493988822,10.304473638535395,6,better
abl_capacity_value_heterogeneity|capacity_value_heterogeneity|0.25,abl_t_learner_no_optimizer,hist_profit_per_agent_hour,net_value_per_1k_leads,49811.733833962644,24497.425096567506,77444.14724532177,10.727030235955716,6,better
abl_capacity_value_heterogeneity|capacity_value_heterogeneity|0.25,abl_t_learner_no_value_model,hist_profit_per_agent_hour,net_value_per_1k_leads,85485.91765169046,50641.934803385164,117208.63512449349,18.409518256376536,6,better
abl_capacity_value_heterogeneity|capacity_value_heterogeneity|0.25,oracle,hist_profit_per_agent_hour,net_value_per_1k_leads,154255.9896584578,119548.93403202888,186520.89158155583,33.21925453667577,6,better
abl_capacity_value_heterogeneity|capacity_value_heterogeneity|0.25,propensity_ev_gbm,hist_profit_per_agent_hour,net_value_per_1k_leads,45540.233696095296,20012.87985702965,78981.46726891336,9.807156390878863,6,better
abl_capacity_value_heterogeneity|capacity_value_heterogeneity|0.25,t_learner,hist_profit_per_agent_hour,net_value_per_1k_leads,73977.26974725451,45048.196311911975,102933.26672225729,15.931113982047108,6,better
abl_propensity_not_uplift|propensity_not_uplift|0.25,abl_propensity_ev_no_effort_model,hist_profit_per_agent_hour,net_value_per_1k_leads,-517.2311440274256,-6163.64126898926,4398.775299578415,-0.15868177313656515,6,no meaningful evidence of difference
abl_propensity_not_uplift|propensity_not_uplift|0.25,abl_propensity_ev_no_optimizer,hist_profit_per_agent_hour,net_value_per_1k_leads,-598.2694795979866,-6164.107822214355,4248.7318328797555,-0.18354359154959318,6,no meaningful evidence of difference
abl_propensity_not_uplift|propensity_not_uplift|0.25,abl_propensity_ev_no_value_model,hist_profit_per_agent_hour,net_value_per_1k_leads,-4504.477818824428,-10355.015610396184,2106.2923975555605,-1.3819324988432782,6,no meaningful evidence of difference
abl_propensity_not_uplift|propensity_not_uplift|0.25,abl_t_learner_no_effort_model,hist_profit_per_agent_hour,net_value_per_1k_leads,8811.131216226553,3705.2531865294827,13572.047888954703,2.703174278801033,6,better
abl_propensity_not_uplift|propensity_not_uplift|0.25,abl_t_learner_no_optimizer,hist_profit_per_agent_hour,net_value_per_1k_leads,8823.953729123488,3694.4955568630735,13598.901319158418,2.7071081082040904,6,better
abl_propensity_not_uplift|propensity_not_uplift|0.25,abl_t_learner_no_value_model,hist_profit_per_agent_hour,net_value_per_1k_leads,8329.975469947429,2246.0797662540185,14497.472042714682,2.5555601069630542,6,better
abl_propensity_not_uplift|propensity_not_uplift|0.25,oracle,hist_profit_per_agent_hour,net_value_per_1k_leads,47752.68595749235,39143.98919662284,57048.586580254625,14.650086266589264,6,better
abl_propensity_not_uplift|propensity_not_uplift|0.25,propensity_ev_gbm,hist_profit_per_agent_hour,net_value_per_1k_leads,-311.3475473817962,-5450.958786551525,4031.1001019486525,-0.09551857317711035,6,no meaningful evidence of difference
abl_propensity_not_uplift|propensity_not_uplift|0.25,t_learner,hist_profit_per_agent_hour,net_value_per_1k_leads,9334.24294664376,4676.374088394911,13992.11180489261,2.863660161930178,6,better
abl_sparse|sparse|0.25,abl_propensity_ev_no_effort_model,hist_profit_per_agent_hour,net_value_per_1k_leads,21437.60682109254,14927.708879159947,31728.567340238675,10.520602593025213,6,better
abl_sparse|sparse|0.25,abl_propensity_ev_no_optimizer,hist_profit_per_agent_hour,net_value_per_1k_leads,21492.604813897025,15009.61299915004,31741.538950438833,10.547593106963587,6,better
abl_sparse|sparse|0.25,abl_propensity_ev_no_value_model,hist_profit_per_agent_hour,net_value_per_1k_leads,15822.512346358184,10062.15587571728,23913.146036439593,7.764969560664133,6,better
abl_sparse|sparse|0.25,abl_t_learner_no_effort_model,hist_profit_per_agent_hour,net_value_per_1k_leads,12278.900452592783,4467.241324543303,20929.293128461508,6.025925982276343,6,better
abl_sparse|sparse|0.25,abl_t_learner_no_optimizer,hist_profit_per_agent_hour,net_value_per_1k_leads,11970.155872067442,4280.950741269825,20281.508763711845,5.874408181732418,6,better
abl_sparse|sparse|0.25,abl_t_learner_no_value_model,hist_profit_per_agent_hour,net_value_per_1k_leads,8842.88726070436,3658.872810703353,16428.734182061362,4.339686953921596,6,better
abl_sparse|sparse|0.25,oracle,hist_profit_per_agent_hour,net_value_per_1k_leads,70665.0433667436,59759.97553172467,82334.65730471046,34.679189924732164,6,better
abl_sparse|sparse|0.25,propensity_ev_gbm,hist_profit_per_agent_hour,net_value_per_1k_leads,20733.579562428848,15013.486877932572,29738.88496976734,10.17509802878579,6,better
abl_sparse|sparse|0.25,t_learner,hist_profit_per_agent_hour,net_value_per_1k_leads,12821.025126525748,6438.637580166857,20331.0572797401,6.291976120144831,6,better
abl_value_heterogeneity|value_heterogeneity|0.25,abl_propensity_ev_no_effort_model,hist_profit_per_agent_hour,net_value_per_1k_leads,37838.31239068532,25513.610303985974,49807.38114217677,10.859235041298856,6,better
abl_value_heterogeneity|value_heterogeneity|0.25,abl_propensity_ev_no_optimizer,hist_profit_per_agent_hour,net_value_per_1k_leads,38160.97681705514,25836.09001693049,50136.142492769715,10.951836656541039,6,better
abl_value_heterogeneity|value_heterogeneity|0.25,abl_propensity_ev_no_value_model,hist_profit_per_agent_hour,net_value_per_1k_leads,30495.093814937838,17971.116871785198,41874.15313126562,8.751801293981314,6,better
abl_value_heterogeneity|value_heterogeneity|0.25,abl_t_learner_no_effort_model,hist_profit_per_agent_hour,net_value_per_1k_leads,32953.21985373782,10277.355897912514,58283.75590231202,9.457260040155127,6,better
abl_value_heterogeneity|value_heterogeneity|0.25,abl_t_learner_no_optimizer,hist_profit_per_agent_hour,net_value_per_1k_leads,33147.68964252154,10432.183237281197,58625.398773627145,9.513071016158221,6,better
abl_value_heterogeneity|value_heterogeneity|0.25,abl_t_learner_no_value_model,hist_profit_per_agent_hour,net_value_per_1k_leads,29067.35656876842,4368.121592133078,53863.37472673753,8.342054311259455,6,better
abl_value_heterogeneity|value_heterogeneity|0.25,oracle,hist_profit_per_agent_hour,net_value_per_1k_leads,141184.020661879,109782.04698320577,179302.04699078723,40.518468387621716,6,better
abl_value_heterogeneity|value_heterogeneity|0.25,propensity_ev_gbm,hist_profit_per_agent_hour,net_value_per_1k_leads,37323.86984450447,26285.72661596557,47921.75809797008,10.711594933396018,6,better
abl_value_heterogeneity|value_heterogeneity|0.25,t_learner,hist_profit_per_agent_hour,net_value_per_1k_leads,33878.05366020504,9218.961806142324,61076.81275106272,9.722678528561046,6,better
bayes_hidden_confounding_n5000|hidden_confounding|0.25,abl_bayes_no_hierarchy,hist_profit_per_agent_hour,net_value_per_1k_leads,8100.338833141905,-5901.976517932591,24637.303827336254,3.317624808777548,4,no meaningful evidence of difference
bayes_hidden_confounding_n5000|hidden_confounding|0.25,bayes_hierarchical,hist_profit_per_agent_hour,net_value_per_1k_leads,11136.202337705952,-6749.37523989028,33811.249900149014,4.561011818416678,4,no meaningful evidence of difference
bayes_hidden_confounding_n5000|hidden_confounding|0.25,bayes_hierarchical_abstain25,hist_profit_per_agent_hour,net_value_per_1k_leads,-33864.34087511667,-37292.184381824205,-28742.253793089076,-13.869688630865507,4,worse
bayes_hidden_confounding_n5000|hidden_confounding|0.25,bayes_hierarchical_abstain50,hist_profit_per_agent_hour,net_value_per_1k_leads,-12249.455503988444,-26153.96977673855,12894.855242374004,-5.0169626618305205,4,no meaningful evidence of difference
bayes_hidden_confounding_n5000|hidden_confounding|0.25,bayes_hierarchical_lcb10,hist_profit_per_agent_hour,net_value_per_1k_leads,9646.300473250398,-6825.738040558761,31314.939340950208,3.95079840759761,4,no meaningful evidence of difference
bayes_hidden_confounding_n5000|hidden_confounding|0.25,bayes_hierarchical_lcb25,hist_profit_per_agent_hour,net_value_per_1k_leads,11938.475649508597,-4958.266952912803,34033.9233944333,4.889595831688651,4,no meaningful evidence of difference
bayes_hidden_confounding_n5000|hidden_confounding|0.25,oracle,hist_profit_per_agent_hour,net_value_per_1k_leads,67273.82648059691,35955.82063337501,101188.4576576094,27.553083927830595,4,better
bayes_hidden_confounding_n5000|hidden_confounding|0.25,propensity_ev_gbm,hist_profit_per_agent_hour,net_value_per_1k_leads,16647.874298061884,-6492.184346627371,49671.21055884157,6.818406232426383,4,no meaningful evidence of difference
bayes_hidden_confounding_n5000|hidden_confounding|0.25,propensity_ev_gbm_bootstrap,hist_profit_per_agent_hour,net_value_per_1k_leads,16647.874298061884,-6492.184346627371,49671.21055884157,6.818406232426383,4,no meaningful evidence of difference
bayes_hidden_confounding_n5000|hidden_confounding|0.25,propensity_ev_gbm_bootstrap_abstain25,hist_profit_per_agent_hour,net_value_per_1k_leads,-29723.85709772969,-32029.571870848296,-26371.463724057256,-12.17388651898373,4,worse
bayes_hidden_confounding_n5000|hidden_confounding|0.25,propensity_ev_gbm_bootstrap_abstain50,hist_profit_per_agent_hour,net_value_per_1k_leads,-5775.330952575881,-22931.376490284747,19257.72120046278,-2.3653802195006226,4,no meaningful evidence of difference
bayes_hidden_confounding_n5000|hidden_confounding|0.25,propensity_ev_gbm_bootstrap_lcb10,hist_profit_per_agent_hour,net_value_per_1k_leads,6614.827158957982,-4002.7010106034286,17370.450753842262,2.7092094714045967,4,no meaningful evidence of difference
bayes_hidden_confounding_n5000|hidden_confounding|0.25,propensity_ev_gbm_bootstrap_lcb25,hist_profit_per_agent_hour,net_value_per_1k_leads,18100.27117122658,-2515.834736431352,49907.34029482418,7.4132588673418,4,no meaningful evidence of difference
bayes_hidden_confounding_n5000|hidden_confounding|0.25,t_learner,hist_profit_per_agent_hour,net_value_per_1k_leads,2947.452474837708,-6696.602741365932,14351.12829413364,1.2071768421842088,4,no meaningful evidence of difference
bayes_propensity_not_uplift_n5000|propensity_not_uplift|0.25,abl_bayes_no_hierarchy,hist_profit_per_agent_hour,net_value_per_1k_leads,12710.500996332848,-792.096973054402,29024.140147278275,4.459363084603551,4,no meaningful evidence of difference
bayes_propensity_not_uplift_n5000|propensity_not_uplift|0.25,bayes_hierarchical,hist_profit_per_agent_hour,net_value_per_1k_leads,21089.299294269855,14525.298751143637,33097.270317294526,7.398987874683768,4,better
bayes_propensity_not_uplift_n5000|propensity_not_uplift|0.25,bayes_hierarchical_abstain25,hist_profit_per_agent_hour,net_value_per_1k_leads,-19119.46626748993,-24336.913383709463,-15044.284171260391,-6.7078899639885385,4,worse
bayes_propensity_not_uplift_n5000|propensity_not_uplift|0.25,bayes_hierarchical_abstain50,hist_profit_per_agent_hour,net_value_per_1k_leads,8974.872363649833,-156.40306661486102,19515.084372681216,3.148751927169167,4,no meaningful evidence of difference
bayes_propensity_not_uplift_n5000|propensity_not_uplift|0.25,bayes_hierarchical_lcb10,hist_profit_per_agent_hour,net_value_per_1k_leads,19381.40212485339,10725.148494875764,33306.45734050199,6.799787765121444,4,better
bayes_propensity_not_uplift_n5000|propensity_not_uplift|0.25,bayes_hierarchical_lcb25,hist_profit_per_agent_hour,net_value_per_1k_leads,21378.800118757747,14240.409969323184,33483.308863114886,7.500556592553824,4,better
bayes_propensity_not_uplift_n5000|propensity_not_uplift|0.25,oracle,hist_profit_per_agent_hour,net_value_per_1k_leads,61435.61995365546,47250.538596042694,70803.72256041886,21.554125661931554,4,better
bayes_propensity_not_uplift_n5000|propensity_not_uplift|0.25,propensity_ev_gbm,hist_profit_per_agent_hour,net_value_per_1k_leads,9096.205220779608,2212.638524396243,13833.66648703198,3.1913204509582846,4,better
bayes_propensity_not_uplift_n5000|propensity_not_uplift|0.25,propensity_ev_gbm_bootstrap,hist_profit_per_agent_hour,net_value_per_1k_leads,9096.205220779608,2212.638524396243,13833.66648703198,3.1913204509582846,4,better
bayes_propensity_not_uplift_n5000|propensity_not_uplift|0.25,propensity_ev_gbm_bootstrap_abstain25,hist_profit_per_agent_hour,net_value_per_1k_leads,-17891.94976814671,-29208.543937385053,-6575.355598908369,-6.2772270212381125,4,worse
bayes_propensity_not_uplift_n5000|propensity_not_uplift|0.25,propensity_ev_gbm_bootstrap_abstain50,hist_profit_per_agent_hour,net_value_per_1k_leads,-6374.902031909405,-16041.644469964624,3291.840406145813,-2.236576103275774,4,no meaningful evidence of difference
bayes_propensity_not_uplift_n5000|propensity_not_uplift|0.25,propensity_ev_gbm_bootstrap_lcb10,hist_profit_per_agent_hour,net_value_per_1k_leads,3743.1140388020212,-1204.1727868404487,11085.355296945709,1.3132373437452132,4,no meaningful evidence of difference
bayes_propensity_not_uplift_n5000|propensity_not_uplift|0.25,propensity_ev_gbm_bootstrap_lcb25,hist_profit_per_agent_hour,net_value_per_1k_leads,5468.729460462586,-155.42336830197019,11092.882289227142,1.9186537401402777,4,no meaningful evidence of difference
bayes_propensity_not_uplift_n5000|propensity_not_uplift|0.25,t_learner,hist_profit_per_agent_hour,net_value_per_1k_leads,12826.686721709746,-1767.9705393704062,27421.3439827899,4.500125784268426,4,no meaningful evidence of difference
bayes_sparse_n5000|sparse|0.25,abl_bayes_no_hierarchy,hist_profit_per_agent_hour,net_value_per_1k_leads,12080.637231603716,-6200.786349041722,30362.060812249154,4.789346835194622,4,no meaningful evidence of difference
bayes_sparse_n5000|sparse|0.25,bayes_hierarchical,hist_profit_per_agent_hour,net_value_per_1k_leads,26444.728250382992,13314.99197582237,37761.03115712739,10.483964804623163,4,better
bayes_sparse_n5000|sparse|0.25,bayes_hierarchical_abstain25,hist_profit_per_agent_hour,net_value_per_1k_leads,-32746.18735728045,-39042.39853963669,-26411.628169252508,-12.98216689877886,4,worse
bayes_sparse_n5000|sparse|0.25,bayes_hierarchical_abstain50,hist_profit_per_agent_hour,net_value_per_1k_leads,12238.815897446104,3230.5855254127528,21247.046269479455,4.852056481889888,4,better
bayes_sparse_n5000|sparse|0.25,bayes_hierarchical_lcb10,hist_profit_per_agent_hour,net_value_per_1k_leads,26546.881971715164,4535.052718535604,41428.818512656304,10.524463463144727,4,better
bayes_sparse_n5000|sparse|0.25,bayes_hierarchical_lcb25,hist_profit_per_agent_hour,net_value_per_1k_leads,25732.336720488594,9908.528014273623,36809.67194365345,10.201538467857297,4,better
bayes_sparse_n5000|sparse|0.25,oracle,hist_profit_per_agent_hour,net_value_per_1k_leads,86261.83158424095,56067.33612599352,135587.91243008443,34.19834750233878,4,better
bayes_sparse_n5000|sparse|0.25,propensity_ev_gbm,hist_profit_per_agent_hour,net_value_per_1k_leads,20478.056209237533,5686.275330570643,36134.786200082475,8.118488438678959,4,better
bayes_sparse_n5000|sparse|0.25,propensity_ev_gbm_bootstrap,hist_profit_per_agent_hour,net_value_per_1k_leads,20478.056209237533,5686.275330570643,36134.786200082475,8.118488438678959,4,better
bayes_sparse_n5000|sparse|0.25,propensity_ev_gbm_bootstrap_abstain25,hist_profit_per_agent_hour,net_value_per_1k_leads,-22617.599877568802,-31675.787446269347,-14772.08805136307,-8.966706665932417,4,worse
bayes_sparse_n5000|sparse|0.25,propensity_ev_gbm_bootstrap_abstain50,hist_profit_per_agent_hour,net_value_per_1k_leads,1891.818783545532,-2182.102901100894,7326.942519434917,0.7500081436128624,4,no meaningful evidence of difference
bayes_sparse_n5000|sparse|0.25,propensity_ev_gbm_bootstrap_lcb10,hist_profit_per_agent_hour,net_value_per_1k_leads,16871.14296773196,-2875.5014226467465,40825.352786346884,6.6885341914945124,4,no meaningful evidence of difference
bayes_sparse_n5000|sparse|0.25,propensity_ev_gbm_bootstrap_lcb25,hist_profit_per_agent_hour,net_value_per_1k_leads,15735.261009243804,-1910.7504758377618,38031.82299976595,6.2382158383526605,4,no meaningful evidence of difference
bayes_sparse_n5000|sparse|0.25,t_learner,hist_profit_per_agent_hour,net_value_per_1k_leads,10557.377888042276,-6537.307235759523,37823.005739355474,4.185453416627151,4,no meaningful evidence of difference
bayes_very_rare_outcome_n5000|very_rare_outcome|0.25,abl_bayes_no_hierarchy,hist_profit_per_agent_hour,net_value_per_1k_leads,24.386741826867365,-6264.080527851181,4199.275019942807,0.052337446967022534,4,no meaningful evidence of difference
bayes_very_rare_outcome_n5000|very_rare_outcome|0.25,bayes_hierarchical,hist_profit_per_agent_hour,net_value_per_1k_leads,1585.0994599726123,-3088.0754060847016,5337.624351109452,3.4018508709668587,4,no meaningful evidence of difference
bayes_very_rare_outcome_n5000|very_rare_outcome|0.25,bayes_hierarchical_abstain25,hist_profit_per_agent_hour,net_value_per_1k_leads,-10416.778974177318,-17767.567827827515,-5966.474478152286,-22.355902276685303,4,worse
bayes_very_rare_outcome_n5000|very_rare_outcome|0.25,bayes_hierarchical_abstain50,hist_profit_per_agent_hour,net_value_per_1k_leads,-10248.528664398511,-17768.688312916904,-5629.9738585946725,-21.994812971367285,4,worse
bayes_very_rare_outcome_n5000|very_rare_outcome|0.25,bayes_hierarchical_lcb10,hist_profit_per_agent_hour,net_value_per_1k_leads,1647.340561318977,-5181.008763919668,6041.338711382585,3.535429204801333,4,no meaningful evidence of difference
bayes_very_rare_outcome_n5000|very_rare_outcome|0.25,bayes_hierarchical_lcb25,hist_profit_per_agent_hour,net_value_per_1k_leads,781.786956807855,-5490.201789958187,5337.691420839251,1.6778269800011683,4,no meaningful evidence of difference
bayes_very_rare_outcome_n5000|very_rare_outcome|0.25,oracle,hist_profit_per_agent_hour,net_value_per_1k_leads,8775.817672165374,6066.394747913935,11485.240596416814,18.834163877652166,4,better
bayes_very_rare_outcome_n5000|very_rare_outcome|0.25,propensity_ev_gbm,hist_profit_per_agent_hour,net_value_per_1k_leads,3409.247181277635,-1880.4355313588749,8698.929893914144,7.316733609366707,4,no meaningful evidence of difference
bayes_very_rare_outcome_n5000|very_rare_outcome|0.25,propensity_ev_gbm_bootstrap,hist_profit_per_agent_hour,net_value_per_1k_leads,3409.247181277635,-1880.4355313588749,8698.929893914144,7.316733609366707,4,no meaningful evidence of difference
bayes_very_rare_outcome_n5000|very_rare_outcome|0.25,propensity_ev_gbm_bootstrap_abstain25,hist_profit_per_agent_hour,net_value_per_1k_leads,-4950.584487393842,-6954.458287989126,-3562.4997522113918,-10.624664619169542,4,worse
bayes_very_rare_outcome_n5000|very_rare_outcome|0.25,propensity_ev_gbm_bootstrap_abstain50,hist_profit_per_agent_hour,net_value_per_1k_leads,-1457.4267021107185,-6042.403313425559,2256.8262592009123,-3.127846814124439,4,no meaningful evidence of difference
bayes_very_rare_outcome_n5000|very_rare_outcome|0.25,propensity_ev_gbm_bootstrap_lcb10,hist_profit_per_agent_hour,net_value_per_1k_leads,1989.7298273563179,-4624.994125176045,7318.128965371994,4.270245695685102,4,no meaningful evidence of difference
bayes_very_rare_outcome_n5000|very_rare_outcome|0.25,propensity_ev_gbm_bootstrap_lcb25,hist_profit_per_agent_hour,net_value_per_1k_leads,1965.520465507187,-4848.361773900639,7253.457582268784,4.218288931600759,4,no meaningful evidence of difference
bayes_very_rare_outcome_n5000|very_rare_outcome|0.25,t_learner,hist_profit_per_agent_hour,net_value_per_1k_leads,-2108.5835653498602,-7677.027578730234,3914.4732883923753,-4.525322870538209,4,no meaningful evidence of difference
lead_agent_time_heterogeneity|agent_time_heterogeneity|0.25,call_everyone,hist_profit_per_agent_hour,net_value_per_1k_leads,-12892.616525899524,-16552.56276467938,-9227.916577043885,-6.267422378823535,8,worse
lead_agent_time_heterogeneity|agent_time_heterogeneity|0.25,causal_forest,hist_profit_per_agent_hour,net_value_per_1k_leads,14873.103680307902,6215.981003011468,23931.15299251708,7.23018656928685,8,better
lead_agent_time_heterogeneity|agent_time_heterogeneity|0.25,class_transformation,hist_profit_per_agent_hour,net_value_per_1k_leads,7955.297445670556,1748.9768397952696,15059.740190119235,3.8672684587362807,8,better
lead_agent_time_heterogeneity|agent_time_heterogeneity|0.25,do_nothing,hist_profit_per_agent_hour,net_value_per_1k_leads,-42615.04666962261,-50858.15341025917,-35285.69255589311,-20.716236819365673,8,worse
lead_agent_time_heterogeneity|agent_time_heterogeneity|0.25,dr_learner,hist_profit_per_agent_hour,net_value_per_1k_leads,14067.367771179355,6415.045970716328,22601.508087063023,6.838498252322684,8,better
lead_agent_time_heterogeneity|agent_time_heterogeneity|0.25,existing_policy_capped,hist_profit_per_agent_hour,net_value_per_1k_leads,-3754.894660495782,-8149.560691991452,1795.2224078743402,-1.8253479251508506,8,no meaningful evidence of difference
lead_agent_time_heterogeneity|agent_time_heterogeneity|0.25,existing_policy_replay,hist_profit_per_agent_hour,net_value_per_1k_leads,-11423.706948928824,-17692.222781855722,-5662.534500595247,-5.553348805264576,8,worse
lead_agent_time_heterogeneity|agent_time_heterogeneity|0.25,fifo,hist_profit_per_agent_hour,net_value_per_1k_leads,-14755.679021747706,-20830.502819163725,-9374.870574130106,-7.1731035147022775,8,worse
lead_agent_time_heterogeneity|agent_time_heterogeneity|0.25,funnel_ev_gbm,hist_profit_per_agent_hour,net_value_per_1k_leads,21024.938451780654,13474.100578422,29645.81406658038,10.220746851608054,8,better
lead_agent_time_heterogeneity|agent_time_heterogeneity|0.25,hist_conversion_rate,hist_profit_per_agent_hour,net_value_per_1k_leads,2003.361886118466,-1624.6818025191678,5660.635458463352,0.9738841679435563,8,no meaningful evidence of difference
lead_agent_time_heterogeneity|agent_time_heterogeneity|0.25,hist_net_profit,hist_profit_per_agent_hour,net_value_per_1k_leads,-337.650767413852,-2527.062634863847,1261.960334248596,-0.1641404575762691,8,no meaningful evidence of difference
lead_agent_time_heterogeneity|agent_time_heterogeneity|0.25,hist_roas,hist_profit_per_agent_hour,net_value_per_1k_leads,-4830.92043214841,-8574.656478553343,-1487.104822363345,-2.348430884137411,8,worse
lead_agent_time_heterogeneity|agent_time_heterogeneity|0.25,last_click_attribution,hist_profit_per_agent_hour,net_value_per_1k_leads,-8476.131038361675,-11767.945254172324,-5874.79987226226,-4.120458655459954,8,worse
lead_agent_time_heterogeneity|agent_time_heterogeneity|0.25,lead_score_gbm,hist_profit_per_agent_hour,net_value_per_1k_leads,-3409.953252231093,-12203.41517006514,4969.0824107566195,-1.6576633052602283,8,no meaningful evidence of difference
lead_agent_time_heterogeneity|agent_time_heterogeneity|0.25,lead_score_logit,hist_profit_per_agent_hour,net_value_per_1k_leads,-4438.038013675934,-13883.700009332475,5195.1189162449555,-2.1574409437452364,8,no meaningful evidence of difference
lead_agent_time_heterogeneity|agent_time_heterogeneity|0.25,lowest_cpl,hist_profit_per_agent_hour,net_value_per_1k_leads,-7489.773644631579,-14292.401187981635,-823.8010090271546,-3.640965730919507,8,worse
lead_agent_time_heterogeneity|agent_time_heterogeneity|0.25,oracle,hist_profit_per_agent_hour,net_value_per_1k_leads,65397.47598320533,52170.31295594008,81664.48757846377,31.791343803046896,8,better
lead_agent_time_heterogeneity|agent_time_heterogeneity|0.25,propensity_ev_gbm,hist_profit_per_agent_hour,net_value_per_1k_leads,19784.700348520295,12073.031301386836,28185.814492375357,9.617836183488164,8,better
lead_agent_time_heterogeneity|agent_time_heterogeneity|0.25,propensity_ev_logit,hist_profit_per_agent_hour,net_value_per_1k_leads,23313.06839032488,15739.461647595961,31038.259749123663,11.333063870708074,8,better
lead_agent_time_heterogeneity|agent_time_heterogeneity|0.25,random,hist_profit_per_agent_hour,net_value_per_1k_leads,-13151.982656789693,-16747.632365804453,-9313.10599674626,-6.393506722508496,8,worse
lead_agent_time_heterogeneity|agent_time_heterogeneity|0.25,s_learner,hist_profit_per_agent_hour,net_value_per_1k_leads,23147.39558543828,14405.085606871118,34632.47966524938,11.252526189096054,8,better
lead_agent_time_heterogeneity|agent_time_heterogeneity|0.25,t_learner,hist_profit_per_agent_hour,net_value_per_1k_leads,15410.79569724073,8819.308363039225,24045.55791763804,7.491572066409937,8,better
lead_agent_time_heterogeneity|agent_time_heterogeneity|0.25,x_learner,hist_profit_per_agent_hour,net_value_per_1k_leads,21096.31211083213,12520.426639486524,31444.615870575544,10.255443367020508,8,better
lead_capacity_value_heterogeneity|capacity_value_heterogeneity|0.25,call_everyone,hist_profit_per_agent_hour,net_value_per_1k_leads,-18766.44431255335,-30403.643139078416,-7356.3794976840145,-4.263106416199347,8,worse
lead_capacity_value_heterogeneity|capacity_value_heterogeneity|0.25,causal_forest,hist_profit_per_agent_hour,net_value_per_1k_leads,71372.99263091432,46629.487293351005,98721.9277093418,16.213548915319308,8,better
lead_capacity_value_heterogeneity|capacity_value_heterogeneity|0.25,class_transformation,hist_profit_per_agent_hour,net_value_per_1k_leads,36347.36747642357,14941.64482854046,59874.21136076703,8.25690220906925,8,better
lead_capacity_value_heterogeneity|capacity_value_heterogeneity|0.25,do_nothing,hist_profit_per_agent_hour,net_value_per_1k_leads,-65741.43040542137,-77953.91292526288,-53364.99561749396,-14.934246951831991,8,worse
lead_capacity_value_heterogeneity|capacity_value_heterogeneity|0.25,dr_learner,hist_profit_per_agent_hour,net_value_per_1k_leads,67533.3334141041,44254.960294822886,93549.4667078742,15.341307185848313,8,better
lead_capacity_value_heterogeneity|capacity_value_heterogeneity|0.25,existing_policy_capped,hist_profit_per_agent_hour,net_value_per_1k_leads,-10746.232791806739,-15049.62467109287,-7271.7706634604765,-2.441183486958054,8,worse
lead_capacity_value_heterogeneity|capacity_value_heterogeneity|0.25,existing_policy_replay,hist_profit_per_agent_hour,net_value_per_1k_leads,-16988.381218647068,-23475.83472176447,-10531.76579239282,-3.859190146404507,8,worse
lead_capacity_value_heterogeneity|capacity_value_heterogeneity|0.25,fifo,hist_profit_per_agent_hour,net_value_per_1k_leads,-25733.15666644988,-35512.81424163238,-15282.027461040168,-5.84570968622022,8,worse
lead_capacity_value_heterogeneity|capacity_value_heterogeneity|0.25,funnel_ev_gbm,hist_profit_per_agent_hour,net_value_per_1k_leads,39663.6395010462,16839.524772097822,69128.7490715005,9.010247931389918,8,better
lead_capacity_value_heterogeneity|capacity_value_heterogeneity|0.25,hist_conversion_rate,hist_profit_per_agent_hour,net_value_per_1k_leads,726.0764604192227,-10223.026311941883,10204.069894601933,0.1649402073995417,8,no meaningful evidence of difference
lead_capacity_value_heterogeneity|capacity_value_heterogeneity|0.25,hist_net_profit,hist_profit_per_agent_hour,net_value_per_1k_leads,-195.65216111012705,-2966.7915501290336,2378.0142240558635,-0.04444560565018221,8,no meaningful evidence of difference
lead_capacity_value_heterogeneity|capacity_value_heterogeneity|0.25,hist_roas,hist_profit_per_agent_hour,net_value_per_1k_leads,-6447.6611806877845,-14172.115818127422,-368.2083157800007,-1.4646922608819806,8,statistically worse but below practical threshold
lead_capacity_value_heterogeneity|capacity_value_heterogeneity|0.25,last_click_attribution,hist_profit_per_agent_hour,net_value_per_1k_leads,-18969.655909461744,-31245.292451276255,-7507.104248019203,-4.3092692719965315,8,worse
lead_capacity_value_heterogeneity|capacity_value_heterogeneity|0.25,lead_score_gbm,hist_profit_per_agent_hour,net_value_per_1k_leads,-10869.698869481545,-29197.554307470193,8423.196158139428,-2.4692308367464393,8,no meaningful evidence of difference
lead_capacity_value_heterogeneity|capacity_value_heterogeneity|0.25,lead_score_logit,hist_profit_per_agent_hour,net_value_per_1k_leads,-12020.235800285038,-29536.13040695186,8016.621337264721,-2.730594219713008,8,no meaningful evidence of difference
lead_capacity_value_heterogeneity|capacity_value_heterogeneity|0.25,lowest_cpl,hist_profit_per_agent_hour,net_value_per_1k_leads,-14862.015883179996,-28047.3927517844,-2285.2683047489954,-3.376151295046299,8,worse
lead_capacity_value_heterogeneity|capacity_value_heterogeneity|0.25,oracle,hist_profit_per_agent_hour,net_value_per_1k_leads,142672.8053646819,113290.79221376331,173170.96548521915,32.410473813650256,8,better
lead_capacity_value_heterogeneity|capacity_value_heterogeneity|0.25,propensity_ev_gbm,hist_profit_per_agent_hour,net_value_per_1k_leads,38931.37356552341,18917.90129440181,65982.53699440253,8.843901682942459,8,better
lead_capacity_value_heterogeneity|capacity_value_heterogeneity|0.25,propensity_ev_logit,hist_profit_per_agent_hour,net_value_per_1k_leads,28626.19107876048,6677.745296362431,57406.08368634405,6.502910025293337,8,better
lead_capacity_value_heterogeneity|capacity_value_heterogeneity|0.25,random,hist_profit_per_agent_hour,net_value_per_1k_leads,-19730.6069081017,-29849.149287182136,-9284.801297606056,-4.482131804220885,8,worse
lead_capacity_value_heterogeneity|capacity_value_heterogeneity|0.25,s_learner,hist_profit_per_agent_hour,net_value_per_1k_leads,71670.8354259883,45763.69771034362,99588.83425986745,16.281208803870985,8,better
lead_capacity_value_heterogeneity|capacity_value_heterogeneity|0.25,t_learner,hist_profit_per_agent_hour,net_value_per_1k_leads,61064.00186534542,35409.99824624672,89012.59405004486,13.871692144517048,8,better
lead_capacity_value_heterogeneity|capacity_value_heterogeneity|0.25,x_learner,hist_profit_per_agent_hour,net_value_per_1k_leads,71434.94116663316,49128.156168096255,96407.99424561515,16.227621543873695,8,better
lead_concept_drift|concept_drift|0.25,call_everyone,hist_profit_per_agent_hour,net_value_per_1k_leads,-427.63713443462893,-1077.0624912298936,261.20359646451925,-0.5769735504974443,8,no meaningful evidence of difference
lead_concept_drift|concept_drift|0.25,causal_forest,hist_profit_per_agent_hour,net_value_per_1k_leads,719.4862372711054,-311.8287327532339,2035.058083203651,0.9707401332234272,8,no meaningful evidence of difference
lead_concept_drift|concept_drift|0.25,class_transformation,hist_profit_per_agent_hour,net_value_per_1k_leads,25.647706877604833,-740.9380510241863,775.5447103123311,0.034604217706335545,8,no meaningful evidence of difference
lead_concept_drift|concept_drift|0.25,do_nothing,hist_profit_per_agent_hour,net_value_per_1k_leads,-509.92549390221666,-1369.8931771432572,394.89438124221306,-0.6879980689583917,8,no meaningful evidence of difference
lead_concept_drift|concept_drift|0.25,dr_learner,hist_profit_per_agent_hour,net_value_per_1k_leads,740.0462504089869,-142.1754708761805,1881.8433749455808,0.9984799687597421,8,no meaningful evidence of difference
lead_concept_drift|concept_drift|0.25,existing_policy_capped,hist_profit_per_agent_hour,net_value_per_1k_leads,-381.2447401468853,-725.4509152477998,80.8816020788363,-0.514380332339098,8,no meaningful evidence of difference
lead_concept_drift|concept_drift|0.25,existing_policy_replay,hist_profit_per_agent_hour,net_value_per_1k_leads,-331.7833985829079,-1032.5519846819293,375.1007423106739,-0.4476464508386893,8,no meaningful evidence of difference
lead_concept_drift|concept_drift|0.25,fifo,hist_profit_per_agent_hour,net_value_per_1k_leads,-547.2253519417309,-1270.4174093159618,208.48864216768015,-0.7383235196575263,8,no meaningful evidence of difference
lead_concept_drift|concept_drift|0.25,funnel_ev_gbm,hist_profit_per_agent_hour,net_value_per_1k_leads,1504.3430154409762,340.5912856091745,2976.6578067560604,2.029679045372272,8,better
lead_concept_drift|concept_drift|0.25,hist_conversion_rate,hist_profit_per_agent_hour,net_value_per_1k_leads,178.58882146670658,-103.26795520396536,606.0068575041496,0.24095434681328248,8,no meaningful evidence of difference
lead_concept_drift|concept_drift|0.25,hist_net_profit,hist_profit_per_agent_hour,net_value_per_1k_leads,3.217928874529207,0.0,9.65378662358762,0.004341671240595176,8,no meaningful evidence of difference
lead_concept_drift|concept_drift|0.25,hist_roas,hist_profit_per_agent_hour,net_value_per_1k_leads,-180.58327669072924,-831.9964852828621,251.42023904789878,-0.2436452915869021,8,no meaningful evidence of difference
lead_concept_drift|concept_drift|0.25,last_click_attribution,hist_profit_per_agent_hour,net_value_per_1k_leads,-321.5304737220408,-769.8413063407679,71.7649937946875,-0.43381307206119146,8,no meaningful evidence of difference
lead_concept_drift|concept_drift|0.25,lead_score_gbm,hist_profit_per_agent_hour,net_value_per_1k_leads,1334.0754501012002,446.23672650136996,2462.458275652511,1.799951844907029,8,statistically better but below practical threshold
lead_concept_drift|concept_drift|0.25,lead_score_logit,hist_profit_per_agent_hour,net_value_per_1k_leads,1638.7750498841406,585.858513708485,2885.633035117845,2.211056484251178,8,better
lead_concept_drift|concept_drift|0.25,lowest_cpl,hist_profit_per_agent_hour,net_value_per_1k_leads,-675.4628188512565,-1543.197213619414,39.949535418723826,-0.911343167933413,8,no meaningful evidence of difference
lead_concept_drift|concept_drift|0.25,oracle,hist_profit_per_agent_hour,net_value_per_1k_leads,2488.1194943288533,1275.3878682699565,3935.9518550980974,3.3570029894685747,8,better
lead_concept_drift|concept_drift|0.25,propensity_ev_gbm,hist_profit_per_agent_hour,net_value_per_1k_leads,1628.1833403816418,291.7929161644897,3230.0793085527666,2.196766012855204,8,better
lead_concept_drift|concept_drift|0.25,propensity_ev_logit,hist_profit_per_agent_hour,net_value_per_1k_leads,1784.509609437885,376.09636771407764,3483.609422061123,2.407683436134279,8,better
lead_concept_drift|concept_drift|0.25,random,hist_profit_per_agent_hour,net_value_per_1k_leads,-996.2655012716828,-1873.382141303207,-165.7081655194711,-1.3441742945611963,8,statistically worse but below practical threshold
lead_concept_drift|concept_drift|0.25,s_learner,hist_profit_per_agent_hour,net_value_per_1k_leads,1041.046817278369,259.3176416917863,1953.8705312452953,1.404593825073871,8,statistically better but below practical threshold
lead_concept_drift|concept_drift|0.25,t_learner,hist_profit_per_agent_hour,net_value_per_1k_leads,539.593290888813,-325.7845552198878,1468.7928838560824,0.728026244213622,8,no meaningful evidence of difference
lead_concept_drift|concept_drift|0.25,x_learner,hist_profit_per_agent_hour,net_value_per_1k_leads,834.5913213436133,56.458816977431525,1872.4029583221882,1.1260414007932433,8,statistically better but below practical threshold
lead_delayed_censored|delayed_censored|0.25,call_everyone,hist_profit_per_agent_hour,net_value_per_1k_leads,-14030.55457165312,-20425.508791884407,-8566.7693460628,-6.76207831029446,8,worse
lead_delayed_censored|delayed_censored|0.25,causal_forest,hist_profit_per_agent_hour,net_value_per_1k_leads,16715.0020190188,8705.312401598741,24825.780048407658,8.055857808906111,8,better
lead_delayed_censored|delayed_censored|0.25,class_transformation,hist_profit_per_agent_hour,net_value_per_1k_leads,4479.145123491751,-2250.714352805971,12814.193235507715,2.1587407634918674,8,no meaningful evidence of difference
lead_delayed_censored|delayed_censored|0.25,do_nothing,hist_profit_per_agent_hour,net_value_per_1k_leads,-44395.40268085825,-52547.03939985372,-36939.64628935466,-21.39653055136858,8,worse
lead_delayed_censored|delayed_censored|0.25,dr_learner,hist_profit_per_agent_hour,net_value_per_1k_leads,15209.283964436634,7645.304575733271,23345.702463214635,7.330171354652922,8,better
lead_delayed_censored|delayed_censored|0.25,existing_policy_capped,hist_profit_per_agent_hour,net_value_per_1k_leads,-5329.07722858763,-8705.476886911418,-1642.1625278694337,-2.568368723936384,8,worse
lead_delayed_censored|delayed_censored|0.25,existing_policy_replay,hist_profit_per_agent_hour,net_value_per_1k_leads,-12085.663439151369,-16337.264425101586,-8572.864091625175,-5.824730746745903,8,worse
lead_delayed_censored|delayed_censored|0.25,fifo,hist_profit_per_agent_hour,net_value_per_1k_leads,-15831.213477020403,-21596.923647810218,-10402.612193463114,-7.629912611928058,8,worse
lead_delayed_censored|delayed_censored|0.25,funnel_ev_gbm,hist_profit_per_agent_hour,net_value_per_1k_leads,22634.10252370312,17471.80168618393,28313.115483472724,10.908590459976432,8,better
lead_delayed_censored|delayed_censored|0.25,hist_conversion_rate,hist_profit_per_agent_hour,net_value_per_1k_leads,2539.5584798980217,70.0037092804705,6538.4968692079765,1.2239497182340844,8,statistically better but below practical threshold
lead_delayed_censored|delayed_censored|0.25,hist_net_profit,hist_profit_per_agent_hour,net_value_per_1k_leads,0.0,0.0,0.0,0.0,8,no meaningful evidence of difference
lead_delayed_censored|delayed_censored|0.25,hist_roas,hist_profit_per_agent_hour,net_value_per_1k_leads,-6123.587590545214,-12662.371262294248,-300.16638055227156,-2.9512859677602377,8,worse
lead_delayed_censored|delayed_censored|0.25,last_click_attribution,hist_profit_per_agent_hour,net_value_per_1k_leads,-9376.944154175633,-14042.96411554175,-4874.121021152823,-4.519253345117249,8,worse
lead_delayed_censored|delayed_censored|0.25,lead_score_gbm,hist_profit_per_agent_hour,net_value_per_1k_leads,16791.87465924748,12441.138886309473,21395.420403731372,8.092906865697898,8,better
lead_delayed_censored|delayed_censored|0.25,lead_score_logit,hist_profit_per_agent_hour,net_value_per_1k_leads,19723.589081912098,17068.46988986608,22829.622165622044,9.505857608894505,8,better
lead_delayed_censored|delayed_censored|0.25,lowest_cpl,hist_profit_per_agent_hour,net_value_per_1k_leads,-8285.633585761992,-16192.947463199738,-622.5637697663435,-3.993292130485409,8,worse
lead_delayed_censored|delayed_censored|0.25,oracle,hist_profit_per_agent_hour,net_value_per_1k_leads,64672.5011801598,52892.372635435284,79488.77050923396,31.169154096474543,8,better
lead_delayed_censored|delayed_censored|0.25,propensity_ev_gbm,hist_profit_per_agent_hour,net_value_per_1k_leads,22973.450765842852,16707.812878692337,30190.54413292574,11.072140615894416,8,better
lead_delayed_censored|delayed_censored|0.25,propensity_ev_logit,hist_profit_per_agent_hour,net_value_per_1k_leads,26948.96327075951,20215.99623204417,34062.26958373432,12.988153753116682,8,better
lead_delayed_censored|delayed_censored|0.25,random,hist_profit_per_agent_hour,net_value_per_1k_leads,-14209.203752176361,-18933.816928749926,-9243.120179328063,-6.848178951762244,8,worse
lead_delayed_censored|delayed_censored|0.25,s_learner,hist_profit_per_agent_hour,net_value_per_1k_leads,25432.614422224127,18548.882319159966,33998.251365580654,12.25734374791295,8,better
lead_delayed_censored|delayed_censored|0.25,t_learner,hist_profit_per_agent_hour,net_value_per_1k_leads,18935.388179383473,10354.18099787728,30305.106395549374,9.125981232666895,8,better
lead_delayed_censored|delayed_censored|0.25,x_learner,hist_profit_per_agent_hour,net_value_per_1k_leads,19301.675617174158,11330.190737537136,28535.454742494196,9.302514834797055,8,better
lead_easy_randomized|easy_randomized|0.25,call_everyone,hist_profit_per_agent_hour,net_value_per_1k_leads,-12450.028177457047,-16585.518600305993,-8438.977292601547,-6.046396844996526,8,worse
lead_easy_randomized|easy_randomized|0.25,causal_forest,hist_profit_per_agent_hour,net_value_per_1k_leads,17879.685890110908,8255.058933498618,27991.95002180352,8.683327845895429,8,better
lead_easy_randomized|easy_randomized|0.25,class_transformation,hist_profit_per_agent_hour,net_value_per_1k_leads,6457.241310777372,-1093.5936957295721,15573.00048543352,3.1359803313184296,8,no meaningful evidence of difference
lead_easy_randomized|easy_randomized|0.25,do_nothing,hist_profit_per_agent_hour,net_value_per_1k_leads,-42814.832090724754,-51113.39675752047,-35783.95630237157,-20.793163034052682,8,worse
lead_easy_randomized|easy_randomized|0.25,dr_learner,hist_profit_per_agent_hour,net_value_per_1k_leads,16777.566292962143,7327.139704495516,27199.377674270552,8.148079864121765,8,better
lead_easy_randomized|easy_randomized|0.25,existing_policy_capped,hist_profit_per_agent_hour,net_value_per_1k_leads,-3475.5029175069685,-7819.260631062607,1510.652626668031,-1.6878893425510766,8,no meaningful evidence of difference
lead_easy_randomized|easy_randomized|0.25,existing_policy_replay,hist_profit_per_agent_hour,net_value_per_1k_leads,-10505.092849017878,-15646.609834599429,-5699.4882282523695,-5.101832650765211,8,worse
lead_easy_randomized|easy_randomized|0.25,fifo,hist_profit_per_agent_hour,net_value_per_1k_leads,-14250.186559280268,-20324.336840060583,-9054.55335167569,-6.920649642275991,8,worse
lead_easy_randomized|easy_randomized|0.25,funnel_ev_gbm,hist_profit_per_agent_hour,net_value_per_1k_leads,25301.096474779857,18866.834740786286,32338.854973422924,12.287560133964961,8,better
lead_easy_randomized|easy_randomized|0.25,hist_conversion_rate,hist_profit_per_agent_hour,net_value_per_1k_leads,3861.222268686084,159.6260522789671,8515.199256048749,1.875215205174134,8,statistically better but below practical threshold
lead_easy_randomized|easy_randomized|0.25,hist_net_profit,hist_profit_per_agent_hour,net_value_per_1k_leads,366.66486287026055,0.0,1099.9945886107816,0.1780719881457052,8,no meaningful evidence of difference
lead_easy_randomized|easy_randomized|0.25,hist_roas,hist_profit_per_agent_hour,net_value_per_1k_leads,-4297.569724453784,-8820.986195196392,175.9476742213119,-2.0871287721372385,8,no meaningful evidence of difference
lead_easy_randomized|easy_randomized|0.25,last_click_attribution,hist_profit_per_agent_hour,net_value_per_1k_leads,-7796.690580474691,-11781.280247820727,-4120.81732914094,-3.786488243661563,8,worse
lead_easy_randomized|easy_randomized|0.25,lead_score_gbm,hist_profit_per_agent_hour,net_value_per_1k_leads,18488.144368070527,13816.967406852094,23641.971139507234,8.978827692884359,8,better
lead_easy_randomized|easy_randomized|0.25,lead_score_logit,hist_profit_per_agent_hour,net_value_per_1k_leads,20727.76014477668,15979.683671199235,25861.351989920317,10.066504409215007,8,better
lead_easy_randomized|easy_randomized|0.25,lowest_cpl,hist_profit_per_agent_hour,net_value_per_1k_leads,-6482.481288103074,-13198.275227638322,-196.30025624442533,-3.148238208738035,8,worse
lead_easy_randomized|easy_randomized|0.25,oracle,hist_profit_per_agent_hour,net_value_per_1k_leads,66253.07177029329,53753.69358511668,81148.55479172309,32.17602068150916,8,better
lead_easy_randomized|easy_randomized|0.25,propensity_ev_gbm,hist_profit_per_agent_hour,net_value_per_1k_leads,24863.267308997827,18873.89806192666,31269.369240684802,12.074926969694273,8,better
lead_easy_randomized|easy_randomized|0.25,propensity_ev_logit,hist_profit_per_agent_hour,net_value_per_1k_leads,28410.936644449946,21508.970355202095,35351.02214358327,13.797864168809106,8,better
lead_easy_randomized|easy_randomized|0.25,random,hist_profit_per_agent_hour,net_value_per_1k_leads,-12628.728869080105,-16562.68049181633,-8413.783471482462,-6.133183419502822,8,worse
lead_easy_randomized|easy_randomized|0.25,s_learner,hist_profit_per_agent_hour,net_value_per_1k_leads,27944.771154296817,19211.797269838724,38911.16089486256,13.571469376063838,8,better
lead_easy_randomized|easy_randomized|0.25,t_learner,hist_profit_per_agent_hour,net_value_per_1k_leads,20977.94810186358,13124.19110426325,30066.022624265228,10.188009007664466,8,better
lead_easy_randomized|easy_randomized|0.25,x_learner,hist_profit_per_agent_hour,net_value_per_1k_leads,23304.47212922124,13960.471426930058,34238.18037491791,11.317892999758147,8,better
lead_hidden_confounding|hidden_confounding|0.25,call_everyone,hist_profit_per_agent_hour,net_value_per_1k_leads,-8439.955151772727,-16347.642355601029,922.8570639865029,-3.366710279317052,8,no meaningful evidence of difference
lead_hidden_confounding|hidden_confounding|0.25,causal_forest,hist_profit_per_agent_hour,net_value_per_1k_leads,16139.470855312517,8779.222288621793,24531.935403012398,6.438058195120351,8,better
lead_hidden_confounding|hidden_confounding|0.25,class_transformation,hist_profit_per_agent_hour,net_value_per_1k_leads,-7092.000156159098,-14243.546631533714,-200.88487376663397,-2.829009087997809,8,worse
lead_hidden_confounding|hidden_confounding|0.25,do_nothing,hist_profit_per_agent_hour,net_value_per_1k_leads,-40376.45437575792,-47056.93957362195,-35441.15540182532,-16.106225867881328,8,worse
lead_hidden_confounding|hidden_confounding|0.25,dr_learner,hist_profit_per_agent_hour,net_value_per_1k_leads,16808.69579090031,9898.99381100043,24646.00042155916,6.705012986858252,8,better
lead_hidden_confounding|hidden_confounding|0.25,existing_policy_capped,hist_profit_per_agent_hour,net_value_per_1k_leads,12548.323128751854,7669.117086190624,17674.639045260494,5.005544189045521,8,better
lead_hidden_confounding|hidden_confounding|0.25,existing_policy_replay,hist_profit_per_agent_hour,net_value_per_1k_leads,7394.243224980797,3883.399546697092,11235.361604841553,2.9495742839444508,8,better
lead_hidden_confounding|hidden_confounding|0.25,fifo,hist_profit_per_agent_hour,net_value_per_1k_leads,-7174.108943119965,-9595.881194912667,-4394.162509136686,-2.8617624015062755,8,worse
lead_hidden_confounding|hidden_confounding|0.25,funnel_ev_gbm,hist_profit_per_agent_hour,net_value_per_1k_leads,21041.095740454777,12756.279437753388,31682.35854669553,8.393323429284369,8,better
lead_hidden_confounding|hidden_confounding|0.25,hist_conversion_rate,hist_profit_per_agent_hour,net_value_per_1k_leads,2285.7194661178437,-1788.5020627957128,6530.52098697465,0.9117767907330286,8,no meaningful evidence of difference
lead_hidden_confounding|hidden_confounding|0.25,hist_net_profit,hist_profit_per_agent_hour,net_value_per_1k_leads,536.2479232075348,0.0,1608.7437696226043,0.2139100697645324,8,no meaningful evidence of difference
lead_hidden_confounding|hidden_confounding|0.25,hist_roas,hist_profit_per_agent_hour,net_value_per_1k_leads,-2981.8884794580954,-9094.398525959057,2526.881795178797,-1.189479613936105,8,no meaningful evidence of difference
lead_hidden_confounding|hidden_confounding|0.25,last_click_attribution,hist_profit_per_agent_hour,net_value_per_1k_leads,-5868.642338099071,-9408.453504950961,-2041.7728635019557,-2.3410098904569927,8,worse
lead_hidden_confounding|hidden_confounding|0.25,lead_score_gbm,hist_profit_per_agent_hour,net_value_per_1k_leads,13852.918817112128,4920.61321359655,24485.676824109054,5.525949290183138,8,better
lead_hidden_confounding|hidden_confounding|0.25,lead_score_logit,hist_profit_per_agent_hour,net_value_per_1k_leads,15161.636259671195,8473.340841034165,23194.31936279793,6.047998565013667,8,better
lead_hidden_confounding|hidden_confounding|0.25,lowest_cpl,hist_profit_per_agent_hour,net_value_per_1k_leads,-5662.339244156283,-13748.621393230424,2726.5770902576733,-2.258715288822029,8,no meaningful evidence of difference
lead_hidden_confounding|hidden_confounding|0.25,oracle,hist_profit_per_agent_hour,net_value_per_1k_leads,73967.78627499987,61916.18936160989,87782.56090394076,29.505856596650638,8,better
lead_hidden_confounding|hidden_confounding|0.25,propensity_ev_gbm,hist_profit_per_agent_hour,net_value_per_1k_leads,18900.054622342064,10267.689718720245,29328.47552161168,7.539259040177216,8,better
lead_hidden_confounding|hidden_confounding|0.25,propensity_ev_logit,hist_profit_per_agent_hour,net_value_per_1k_leads,22484.073284932416,14366.971003833434,31656.04673693209,8.96892925235514,8,better
lead_hidden_confounding|hidden_confounding|0.25,random,hist_profit_per_agent_hour,net_value_per_1k_leads,-8142.601258987515,-12733.759097715336,-1227.5291427890297,-3.2480953827408965,8,worse
lead_hidden_confounding|hidden_confounding|0.25,s_learner,hist_profit_per_agent_hour,net_value_per_1k_leads,19703.037336983623,9730.438496406852,30461.29044714692,7.859570002840307,8,better
lead_hidden_confounding|hidden_confounding|0.25,t_learner,hist_profit_per_agent_hour,net_value_per_1k_leads,19215.700771548112,10580.356619856455,29011.115723455183,7.665170744214604,8,better
lead_hidden_confounding|hidden_confounding|0.25,x_learner,hist_profit_per_agent_hour,net_value_per_1k_leads,18895.840924428303,10476.196831524945,28117.6938462762,7.537578190003833,8,better
lead_misleading_attribution|misleading_attribution|0.25,call_everyone,hist_profit_per_agent_hour,net_value_per_1k_leads,-15340.964778441405,-19090.040570283807,-11813.73863801447,-7.2495222520995375,8,worse
lead_misleading_attribution|misleading_attribution|0.25,causal_forest,hist_profit_per_agent_hour,net_value_per_1k_leads,12022.21853581561,8188.863398840625,15814.23622087407,5.681216406772397,8,better
lead_misleading_attribution|misleading_attribution|0.25,class_transformation,hist_profit_per_agent_hour,net_value_per_1k_leads,-1818.0633607410782,-5087.831552827633,1141.5964393872746,-0.8591435401729911,8,no meaningful evidence of difference
lead_misleading_attribution|misleading_attribution|0.25,do_nothing,hist_profit_per_agent_hour,net_value_per_1k_leads,-45213.52275264287,-54062.40655076517,-37831.80994178593,-21.3660903355776,8,worse
lead_misleading_attribution|misleading_attribution|0.25,dr_learner,hist_profit_per_agent_hour,net_value_per_1k_leads,7966.076116345175,2770.5045208029187,13126.338381380272,3.7644468194411864,8,better
lead_misleading_attribution|misleading_attribution|0.25,existing_policy_capped,hist_profit_per_agent_hour,net_value_per_1k_leads,-7519.606329813363,-11508.706593759802,-3812.53769385743,-3.553463175381133,8,worse
lead_misleading_attribution|misleading_attribution|0.25,existing_policy_replay,hist_profit_per_agent_hour,net_value_per_1k_leads,-13499.136941949853,-18157.91722166432,-9145.06676234297,-6.379148577560771,8,worse
lead_misleading_attribution|misleading_attribution|0.25,fifo,hist_profit_per_agent_hour,net_value_per_1k_leads,-16000.173048667224,-22409.713083523548,-9394.561951362877,-7.561037537662669,8,worse
lead_misleading_attribution|misleading_attribution|0.25,funnel_ev_gbm,hist_profit_per_agent_hour,net_value_per_1k_leads,20623.07198458348,16908.065684020516,24106.531929740624,9.745633434279874,8,better
lead_misleading_attribution|misleading_attribution|0.25,hist_conversion_rate,hist_profit_per_agent_hour,net_value_per_1k_leads,-85.34717089896185,-1894.1727590928567,1516.8639566726051,-0.04033163647277643,8,no meaningful evidence of difference
lead_misleading_attribution|misleading_attribution|0.25,hist_net_profit,hist_profit_per_agent_hour,net_value_per_1k_leads,-262.8788142505364,-788.6364427516091,0.0,-0.12422594282941979,8,no meaningful evidence of difference
lead_misleading_attribution|misleading_attribution|0.25,hist_roas,hist_profit_per_agent_hour,net_value_per_1k_leads,-5933.686809088667,-12493.022834548778,-321.1206893109703,-2.8040214667547216,8,worse
lead_misleading_attribution|misleading_attribution|0.25,last_click_attribution,hist_profit_per_agent_hour,net_value_per_1k_leads,-10417.164276752927,-14940.343510738656,-6294.832801763385,-4.922732391265503,8,worse
lead_misleading_attribution|misleading_attribution|0.25,lead_score_gbm,hist_profit_per_agent_hour,net_value_per_1k_leads,15229.277078597665,11719.538509917587,18981.097170226472,7.196743142245843,8,better
lead_misleading_attribution|misleading_attribution|0.25,lead_score_logit,hist_profit_per_agent_hour,net_value_per_1k_leads,20142.537119062952,16814.4315192435,23382.12715778855,9.518552005516263,8,better
lead_misleading_attribution|misleading_attribution|0.25,lowest_cpl,hist_profit_per_agent_hour,net_value_per_1k_leads,-14305.693830575177,-23925.864606528266,-5921.449014506452,-6.760294887204244,8,worse
lead_misleading_attribution|misleading_attribution|0.25,oracle,hist_profit_per_agent_hour,net_value_per_1k_leads,60459.821273254805,50900.45117031128,73539.87087912246,28.570877125952972,8,better
lead_misleading_attribution|misleading_attribution|0.25,propensity_ev_gbm,hist_profit_per_agent_hour,net_value_per_1k_leads,20169.817664707818,16509.074807102967,23204.00305082886,9.531443692939977,8,better
lead_misleading_attribution|misleading_attribution|0.25,propensity_ev_logit,hist_profit_per_agent_hour,net_value_per_1k_leads,23361.443074934083,19577.708240411153,26665.78968764587,11.039677351380874,8,better
lead_misleading_attribution|misleading_attribution|0.25,random,hist_profit_per_agent_hour,net_value_per_1k_leads,-15560.357972018242,-20525.98423367683,-10610.331059571101,-7.353198641542109,8,worse
lead_misleading_attribution|misleading_attribution|0.25,s_learner,hist_profit_per_agent_hour,net_value_per_1k_leads,19104.738261582454,15603.905294107095,22709.23578332998,9.028130052323256,8,better
lead_misleading_attribution|misleading_attribution|0.25,t_learner,hist_profit_per_agent_hour,net_value_per_1k_leads,15300.502205612476,11899.012120510943,19589.067766070184,7.230401269401452,8,better
lead_misleading_attribution|misleading_attribution|0.25,x_learner,hist_profit_per_agent_hour,net_value_per_1k_leads,15198.088452070439,12018.025880587364,18441.06274957656,7.182004653155556,8,better
lead_negative_control_null_effect|negative_control_null_effect|0.25,call_everyone,hist_profit_per_agent_hour,net_value_per_1k_leads,-10.782331680111383,-20.27118334340862,-1.4464756086217676,-0.006669006726620248,8,statistically worse but below practical threshold
lead_negative_control_null_effect|negative_control_null_effect|0.25,causal_forest,hist_profit_per_agent_hour,net_value_per_1k_leads,28.045130756148865,-18.274256624660712,90.04260295771019,0.01734626342525656,8,no meaningful evidence of difference
lead_negative_control_null_effect|negative_control_null_effect|0.25,class_transformation,hist_profit_per_agent_hour,net_value_per_1k_leads,-12.385980516226482,-21.580095597064428,-2.382778258432154,-0.007660883548116603,8,statistically worse but below practical threshold
lead_negative_control_null_effect|negative_control_null_effect|0.25,do_nothing,hist_profit_per_agent_hour,net_value_per_1k_leads,1415.1642072785799,1400.2896882778696,1431.150800502648,0.8752967259411525,8,statistically better but below practical threshold
lead_negative_control_null_effect|negative_control_null_effect|0.25,dr_learner,hist_profit_per_agent_hour,net_value_per_1k_leads,347.47162833231596,70.00374141329121,700.7493682576041,0.2149155391808507,8,statistically better but below practical threshold
lead_negative_control_null_effect|negative_control_null_effect|0.25,existing_policy_capped,hist_profit_per_agent_hour,net_value_per_1k_leads,-19.32748279727093,-28.148016135994112,-9.6611228546044,-0.011954289351104944,8,statistically worse but below practical threshold
lead_negative_control_null_effect|negative_control_null_effect|0.25,existing_policy_replay,hist_profit_per_agent_hour,net_value_per_1k_leads,-19.550351691594187,-28.48972813261389,-9.775444175536268,-0.012092136544039825,8,statistically worse but below practical threshold
lead_negative_control_null_effect|negative_control_null_effect|0.25,fifo,hist_profit_per_agent_hour,net_value_per_1k_leads,-8.896073897494716,-15.7150921283971,-2.333174051547538,-0.005502332744255759,8,statistically worse but below practical threshold
lead_negative_control_null_effect|negative_control_null_effect|0.25,funnel_ev_gbm,hist_profit_per_agent_hour,net_value_per_1k_leads,-14.17397109977719,-22.55139655721073,-5.825830782294361,-0.008766778041311247,8,statistically worse but below practical threshold
lead_negative_control_null_effect|negative_control_null_effect|0.25,hist_conversion_rate,hist_profit_per_agent_hour,net_value_per_1k_leads,-3.8507084103948728,-13.086084343342009,4.108221550197413,-0.0023817112154456825,8,no meaningful evidence of difference
lead_negative_control_null_effect|negative_control_null_effect|0.25,hist_net_profit,hist_profit_per_agent_hour,net_value_per_1k_leads,0.67652346268369,0.0,1.9736971462371002,0.00041843820587304955,8,no meaningful evidence of difference
lead_negative_control_null_effect|negative_control_null_effect|0.25,hist_roas,hist_profit_per_agent_hour,net_value_per_1k_leads,-0.3295127158471587,-12.13901501260625,11.239278046743859,-0.00020380772764995363,8,no meaningful evidence of difference
lead_negative_control_null_effect|negative_control_null_effect|0.25,last_click_attribution,hist_profit_per_agent_hour,net_value_per_1k_leads,-0.47898026933580695,-13.146519461930438,12.971914216414007,-0.0002962552751007449,8,no meaningful evidence of difference
lead_negative_control_null_effect|negative_control_null_effect|0.25,lead_score_gbm,hist_profit_per_agent_hour,net_value_per_1k_leads,-7.15676487516248,-13.151907645678875,-2.056053734961097,-0.004426548404306281,8,statistically worse but below practical threshold
lead_negative_control_null_effect|negative_control_null_effect|0.25,lead_score_logit,hist_profit_per_agent_hour,net_value_per_1k_leads,-9.027562044100705,-17.011095224544487,-2.166071839797951,-0.005583659804134992,8,statistically worse but below practical threshold
lead_negative_control_null_effect|negative_control_null_effect|0.25,lowest_cpl,hist_profit_per_agent_hour,net_value_per_1k_leads,2.105496201003916,-10.252150777776478,14.235123556787585,0.0013022756806182244,8,no meaningful evidence of difference
lead_negative_control_null_effect|negative_control_null_effect|0.25,oracle,hist_profit_per_agent_hour,net_value_per_1k_leads,1415.1642072785799,1400.2896882778696,1431.150800502648,0.8752967259411525,8,statistically better but below practical threshold
lead_negative_control_null_effect|negative_control_null_effect|0.25,propensity_ev_gbm,hist_profit_per_agent_hour,net_value_per_1k_leads,-14.305699377619021,-25.0818998718878,-3.46962606075067,-0.008848253625357108,8,statistically worse but below practical threshold
lead_negative_control_null_effect|negative_control_null_effect|0.25,propensity_ev_logit,hist_profit_per_agent_hour,net_value_per_1k_leads,-10.611737381603234,-20.089276782153547,-1.764221846613155,-0.006563492023675945,8,statistically worse but below practical threshold
lead_negative_control_null_effect|negative_control_null_effect|0.25,random,hist_profit_per_agent_hour,net_value_per_1k_leads,-9.869998018641127,-20.681702559348196,0.3040680739754754,-0.006104716969471508,8,no meaningful evidence of difference
lead_negative_control_null_effect|negative_control_null_effect|0.25,s_learner,hist_profit_per_agent_hour,net_value_per_1k_leads,498.4951958209167,196.67286013302328,805.0045262186768,0.3083255007124052,8,statistically better but below practical threshold
lead_negative_control_null_effect|negative_control_null_effect|0.25,t_learner,hist_profit_per_agent_hour,net_value_per_1k_leads,-15.510634708127327,-23.848174045618315,-7.302849699309315,-0.009593521166989558,8,statistically worse but below practical threshold
lead_negative_control_null_effect|negative_control_null_effect|0.25,x_learner,hist_profit_per_agent_hour,net_value_per_1k_leads,-15.321983714286034,-22.98909600157458,-7.475097412552714,-0.009476838172602375,8,statistically worse but below practical threshold
lead_noisy_crm|noisy_crm|0.25,call_everyone,hist_profit_per_agent_hour,net_value_per_1k_leads,-12987.432569331368,-18324.268349570862,-7719.2970677618305,-6.293252385973987,8,worse
lead_noisy_crm|noisy_crm|0.25,class_transformation,hist_profit_per_agent_hour,net_value_per_1k_leads,2487.386235564085,-2910.717125264171,8556.060070022699,1.205299760228779,8,no meaningful evidence of difference
lead_noisy_crm|noisy_crm|0.25,do_nothing,hist_profit_per_agent_hour,net_value_per_1k_leads,-43748.826894783575,-52668.36164801448,-35903.38454445066,-21.199140613003703,8,worse
lead_noisy_crm|noisy_crm|0.25,existing_policy_capped,hist_profit_per_agent_hour,net_value_per_1k_leads,-4009.651910512728,-8446.451038132353,879.7293764856838,-1.9429360897970376,8,no meaningful evidence of difference
lead_noisy_crm|noisy_crm|0.25,existing_policy_replay,hist_profit_per_agent_hour,net_value_per_1k_leads,-12106.027759570969,-18551.754899784013,-6796.386015299577,-5.866154659581776,8,worse
lead_noisy_crm|noisy_crm|0.25,fifo,hist_profit_per_agent_hour,net_value_per_1k_leads,-14802.78214869235,-21680.036697490978,-9276.502978746888,-7.1729068527596835,8,worse
lead_noisy_crm|noisy_crm|0.25,funnel_ev_gbm,hist_profit_per_agent_hour,net_value_per_1k_leads,19017.34301476668,13788.124994158004,24408.928567353785,9.215134605216871,8,better
lead_noisy_crm|noisy_crm|0.25,hist_conversion_rate,hist_profit_per_agent_hour,net_value_per_1k_leads,1911.071947818682,-1415.450441616329,5780.966153419255,0.9260381550529239,8,no meaningful evidence of difference
lead_noisy_crm|noisy_crm|0.25,hist_net_profit,hist_profit_per_agent_hour,net_value_per_1k_leads,1513.268659579422,0.0,4539.805978738266,0.7332766928088965,8,no meaningful evidence of difference
lead_noisy_crm|noisy_crm|0.25,hist_roas,hist_profit_per_agent_hour,net_value_per_1k_leads,-5907.032732251822,-9838.122133255194,-2332.1983638597176,-2.8623400073740726,8,worse
lead_noisy_crm|noisy_crm|0.25,last_click_attribution,hist_profit_per_agent_hour,net_value_per_1k_leads,-8428.387199082064,-11328.13700482998,-6258.5922641808065,-4.084099576061674,8,worse
lead_noisy_crm|noisy_crm|0.25,lead_score_gbm,hist_profit_per_agent_hour,net_value_per_1k_leads,11881.09924735345,6002.534643926656,17331.553306198013,5.757162224885396,8,better
lead_noisy_crm|noisy_crm|0.25,lead_score_logit,hist_profit_per_agent_hour,net_value_per_1k_leads,16535.245326009375,12411.845859239727,20313.157692349694,8.012397488499996,8,better
lead_noisy_crm|noisy_crm|0.25,lowest_cpl,hist_profit_per_agent_hour,net_value_per_1k_leads,-7841.167403863719,-14182.47732078374,-1571.355710523705,-3.7995535460729872,8,worse
lead_noisy_crm|noisy_crm|0.25,oracle,hist_profit_per_agent_hour,net_value_per_1k_leads,65345.34475737795,54320.05363662225,79029.17805110404,31.664052507017804,8,better
lead_noisy_crm|noisy_crm|0.25,propensity_ev_gbm,hist_profit_per_agent_hour,net_value_per_1k_leads,17786.09429604822,12608.764538223886,23024.638325162254,8.618514842578035,8,better
lead_noisy_crm|noisy_crm|0.25,propensity_ev_logit,hist_profit_per_agent_hour,net_value_per_1k_leads,21488.445614388744,16887.290814517128,26221.238762958106,10.412543889002565,8,better
lead_noisy_crm|noisy_crm|0.25,random,hist_profit_per_agent_hour,net_value_per_1k_leads,-14020.66007456744,-18579.235260526446,-9858.463280319853,-6.793918043167511,8,worse
lead_observed_confounding|observed_confounding|0.25,call_everyone,hist_profit_per_agent_hour,net_value_per_1k_leads,-8439.955151772727,-16347.642355601029,922.8570639865029,-3.366710279317052,8,no meaningful evidence of difference
lead_observed_confounding|observed_confounding|0.25,causal_forest,hist_profit_per_agent_hour,net_value_per_1k_leads,22445.234251102345,15071.709296068078,31925.695107697604,8.953436305759686,8,better
lead_observed_confounding|observed_confounding|0.25,class_transformation,hist_profit_per_agent_hour,net_value_per_1k_leads,-23497.46828846799,-28394.496104642563,-17333.861591990648,-9.373173980444145,8,worse
lead_observed_confounding|observed_confounding|0.25,do_nothing,hist_profit_per_agent_hour,net_value_per_1k_leads,-40376.45437575792,-47056.93957362195,-35441.15540182532,-16.106225867881328,8,worse
lead_observed_confounding|observed_confounding|0.25,dr_learner,hist_profit_per_agent_hour,net_value_per_1k_leads,20726.58628693821,12240.975504171998,29853.105316730736,8.267865154796475,8,better
lead_observed_confounding|observed_confounding|0.25,existing_policy_capped,hist_profit_per_agent_hour,net_value_per_1k_leads,12548.323128751854,7669.117086190624,17674.639045260494,5.005544189045521,8,better
lead_observed_confounding|observed_confounding|0.25,existing_policy_replay,hist_profit_per_agent_hour,net_value_per_1k_leads,7394.243224980797,3883.399546697092,11235.361604841553,2.9495742839444508,8,better
lead_observed_confounding|observed_confounding|0.25,fifo,hist_profit_per_agent_hour,net_value_per_1k_leads,-7174.108943119965,-9595.881194912667,-4394.162509136686,-2.8617624015062755,8,worse
lead_observed_confounding|observed_confounding|0.25,funnel_ev_gbm,hist_profit_per_agent_hour,net_value_per_1k_leads,31480.689247591967,22095.723125671357,42498.1014164401,12.557692331764619,8,better
lead_observed_confounding|observed_confounding|0.25,hist_conversion_rate,hist_profit_per_agent_hour,net_value_per_1k_leads,2285.7194661178437,-1788.5020627957128,6530.52098697465,0.9117767907330286,8,no meaningful evidence of difference
lead_observed_confounding|observed_confounding|0.25,hist_net_profit,hist_profit_per_agent_hour,net_value_per_1k_leads,536.2479232075348,0.0,1608.7437696226043,0.2139100697645324,8,no meaningful evidence of difference
lead_observed_confounding|observed_confounding|0.25,hist_roas,hist_profit_per_agent_hour,net_value_per_1k_leads,-2981.8884794580954,-9094.398525959057,2526.881795178797,-1.189479613936105,8,no meaningful evidence of difference
lead_observed_confounding|observed_confounding|0.25,last_click_attribution,hist_profit_per_agent_hour,net_value_per_1k_leads,-5868.642338099071,-9408.453504950961,-2041.7728635019557,-2.3410098904569927,8,worse
lead_observed_confounding|observed_confounding|0.25,lead_score_gbm,hist_profit_per_agent_hour,net_value_per_1k_leads,26152.506296735075,16951.809983881394,37613.53579894714,10.432272470147941,8,better
lead_observed_confounding|observed_confounding|0.25,lead_score_logit,hist_profit_per_agent_hour,net_value_per_1k_leads,26223.532592996908,17618.142079179655,36586.46855074915,10.460604962137108,8,better
lead_observed_confounding|observed_confounding|0.25,lowest_cpl,hist_profit_per_agent_hour,net_value_per_1k_leads,-5662.339244156283,-13748.621393230424,2726.5770902576733,-2.258715288822029,8,no meaningful evidence of difference
lead_observed_confounding|observed_confounding|0.25,oracle,hist_profit_per_agent_hour,net_value_per_1k_leads,73967.78627499987,61916.18936160989,87782.56090394076,29.505856596650638,8,better
lead_observed_confounding|observed_confounding|0.25,propensity_ev_gbm,hist_profit_per_agent_hour,net_value_per_1k_leads,31322.066558095485,21902.09736597088,42494.24135403073,12.494417512211989,8,better
lead_observed_confounding|observed_confounding|0.25,propensity_ev_logit,hist_profit_per_agent_hour,net_value_per_1k_leads,33001.89791698286,24291.356415908358,42916.76163874217,13.164504663361999,8,better
lead_observed_confounding|observed_confounding|0.25,random,hist_profit_per_agent_hour,net_value_per_1k_leads,-8142.601258987515,-12733.759097715336,-1227.5291427890297,-3.2480953827408965,8,worse
lead_observed_confounding|observed_confounding|0.25,s_learner,hist_profit_per_agent_hour,net_value_per_1k_leads,31904.725090383192,23114.228041164602,42218.030837295,12.726840840856429,8,better
lead_observed_confounding|observed_confounding|0.25,t_learner,hist_profit_per_agent_hour,net_value_per_1k_leads,28616.608871878867,18764.912340571445,39709.61455205828,11.41520654027576,8,better
lead_observed_confounding|observed_confounding|0.25,x_learner,hist_profit_per_agent_hour,net_value_per_1k_leads,26477.631708831246,18819.708883493324,35829.09033045966,10.561965465820018,8,better
lead_policy_feedback_loop|policy_feedback_loop|0.25,call_everyone,hist_profit_per_agent_hour,net_value_per_1k_leads,-10768.845180446024,-14359.571437458886,-7447.0886695762565,-5.273409659598403,8,worse
lead_policy_feedback_loop|policy_feedback_loop|0.25,causal_forest,hist_profit_per_agent_hour,net_value_per_1k_leads,13347.32473569653,7358.190218893398,19055.078190696586,6.536068632393835,8,better
lead_policy_feedback_loop|policy_feedback_loop|0.25,class_transformation,hist_profit_per_agent_hour,net_value_per_1k_leads,-847.9881579657285,-7297.895301578822,5291.131240614779,-0.4152524127249378,8,no meaningful evidence of difference
lead_policy_feedback_loop|policy_feedback_loop|0.25,do_nothing,hist_profit_per_agent_hour,net_value_per_1k_leads,-41116.90151324436,-49043.96107274838,-35587.126784875385,-20.134588433531412,8,worse
lead_policy_feedback_loop|policy_feedback_loop|0.25,dr_learner,hist_profit_per_agent_hour,net_value_per_1k_leads,4543.811220425454,-1953.3908899388298,12168.985455716327,2.2250647659687837,8,no meaningful evidence of difference
lead_policy_feedback_loop|policy_feedback_loop|0.25,existing_policy_capped,hist_profit_per_agent_hour,net_value_per_1k_leads,-7267.881203057104,-13591.241669842733,-1840.957558105205,-3.559018102573148,8,worse
lead_policy_feedback_loop|policy_feedback_loop|0.25,existing_policy_replay,hist_profit_per_agent_hour,net_value_per_1k_leads,-14896.552486171595,-18284.189021918064,-11828.019530681988,-7.29471196390979,8,worse
lead_policy_feedback_loop|policy_feedback_loop|0.25,fifo,hist_profit_per_agent_hour,net_value_per_1k_leads,-12512.126175470632,-16127.107104454517,-9031.369411275515,-6.127079174250699,8,worse
lead_policy_feedback_loop|policy_feedback_loop|0.25,funnel_ev_gbm,hist_profit_per_agent_hour,net_value_per_1k_leads,24173.4343127981,18384.70278000491,29927.714704676542,11.837520168109352,8,better
lead_policy_feedback_loop|policy_feedback_loop|0.25,hist_conversion_rate,hist_profit_per_agent_hour,net_value_per_1k_leads,1217.9153782187968,-2039.0269799801426,5672.042789486612,0.5964025494334794,8,no meaningful evidence of difference
lead_policy_feedback_loop|policy_feedback_loop|0.25,hist_net_profit,hist_profit_per_agent_hour,net_value_per_1k_leads,24.971638876668294,0.0,74.91491663000488,0.01222839398855314,8,no meaningful evidence of difference
lead_policy_feedback_loop|policy_feedback_loop|0.25,hist_roas,hist_profit_per_agent_hour,net_value_per_1k_leads,-4196.45628577565,-8626.574300451286,82.08215224782657,-2.0549680808555544,8,no meaningful evidence of difference
lead_policy_feedback_loop|policy_feedback_loop|0.25,last_click_attribution,hist_profit_per_agent_hour,net_value_per_1k_leads,-6094.49286092227,-8558.455669817637,-3463.400848581243,-2.984420054761144,8,worse
lead_policy_feedback_loop|policy_feedback_loop|0.25,lead_score_gbm,hist_profit_per_agent_hour,net_value_per_1k_leads,18345.925835586524,13929.649254290009,23139.29976987057,8.983840039907683,8,better
lead_policy_feedback_loop|policy_feedback_loop|0.25,lead_score_logit,hist_profit_per_agent_hour,net_value_per_1k_leads,22749.483802712282,17235.567312015915,28892.003902454875,11.140224009714247,8,better
lead_policy_feedback_loop|policy_feedback_loop|0.25,lowest_cpl,hist_profit_per_agent_hour,net_value_per_1k_leads,-5318.07922179691,-14023.899525184659,3316.549062238608,-2.6042170603080246,8,no meaningful evidence of difference
lead_policy_feedback_loop|policy_feedback_loop|0.25,oracle,hist_profit_per_agent_hour,net_value_per_1k_leads,67951.0023477737,54231.62864628092,83397.24255847132,33.27501381585487,8,better
lead_policy_feedback_loop|policy_feedback_loop|0.25,propensity_ev_gbm,hist_profit_per_agent_hour,net_value_per_1k_leads,24712.626089833728,19113.136561055326,30277.00973054483,12.101557683530103,8,better
lead_policy_feedback_loop|policy_feedback_loop|0.25,propensity_ev_logit,hist_profit_per_agent_hour,net_value_per_1k_leads,27188.975354349073,21770.406806982952,32654.56026511003,13.31420434277883,8,better
lead_policy_feedback_loop|policy_feedback_loop|0.25,random,hist_profit_per_agent_hour,net_value_per_1k_leads,-10948.880954689339,-14279.255772209257,-7309.468357546277,-5.36157160965521,8,worse
lead_policy_feedback_loop|policy_feedback_loop|0.25,s_learner,hist_profit_per_agent_hour,net_value_per_1k_leads,25728.55570236405,18585.094030478624,32825.47793505385,12.59904956333885,8,better
lead_policy_feedback_loop|policy_feedback_loop|0.25,t_learner,hist_profit_per_agent_hour,net_value_per_1k_leads,17837.75853503459,9588.332982355547,26073.34568737728,8.734994940315342,8,better
lead_policy_feedback_loop|policy_feedback_loop|0.25,x_learner,hist_profit_per_agent_hour,net_value_per_1k_leads,17399.10701232178,9090.429862843448,26005.164472063712,8.520191111463612,8,better
lead_propensity_not_uplift|propensity_not_uplift|0.25,call_everyone,hist_profit_per_agent_hour,net_value_per_1k_leads,-7200.426281537177,-12142.274225672474,-1166.5988131186023,-2.3264332187387136,8,worse
lead_propensity_not_uplift|propensity_not_uplift|0.25,causal_forest,hist_profit_per_agent_hour,net_value_per_1k_leads,5947.520877428553,2881.2272888352127,8340.806474347366,1.9216237480092542,8,statistically better but below practical threshold
lead_propensity_not_uplift|propensity_not_uplift|0.25,class_transformation,hist_profit_per_agent_hour,net_value_per_1k_leads,969.9097710471724,-3954.0891561614553,5697.172998052407,0.3133745451056392,8,no meaningful evidence of difference
lead_propensity_not_uplift|propensity_not_uplift|0.25,do_nothing,hist_profit_per_agent_hour,net_value_per_1k_leads,-27060.05696314491,-34067.21104523371,-18751.487865247334,-8.74301228268149,8,worse
lead_propensity_not_uplift|propensity_not_uplift|0.25,dr_learner,hist_profit_per_agent_hour,net_value_per_1k_leads,4128.662310903324,1475.9952221158746,6686.277708041329,1.3339567372099406,8,statistically better but below practical threshold
lead_propensity_not_uplift|propensity_not_uplift|0.25,existing_policy_capped,hist_profit_per_agent_hour,net_value_per_1k_leads,-4863.026922775614,-10020.846063808745,1172.4844172699195,-1.5712274432661284,8,no meaningful evidence of difference
lead_propensity_not_uplift|propensity_not_uplift|0.25,existing_policy_replay,hist_profit_per_agent_hour,net_value_per_1k_leads,-7662.793305794345,-13388.43090443953,-1572.7377501501505,-2.475822430213511,8,worse
lead_propensity_not_uplift|propensity_not_uplift|0.25,fifo,hist_profit_per_agent_hour,net_value_per_1k_leads,-8981.11204210965,-14526.199527483403,-2829.358243460112,-2.901766725888574,8,worse
lead_propensity_not_uplift|propensity_not_uplift|0.25,funnel_ev_gbm,hist_profit_per_agent_hour,net_value_per_1k_leads,-273.99626214049204,-4654.845056228318,3607.0753081064613,-0.08852725951633508,8,no meaningful evidence of difference
lead_propensity_not_uplift|propensity_not_uplift|0.25,hist_conversion_rate,hist_profit_per_agent_hour,net_value_per_1k_leads,2603.472110638475,-966.4201250548067,6534.950114544459,0.8411729757972202,8,no meaningful evidence of difference
lead_propensity_not_uplift|propensity_not_uplift|0.25,hist_net_profit,hist_profit_per_agent_hour,net_value_per_1k_leads,-815.3139204730905,-2108.112648550574,0.0,-0.2634251520847125,8,no meaningful evidence of difference
lead_propensity_not_uplift|propensity_not_uplift|0.25,hist_roas,hist_profit_per_agent_hour,net_value_per_1k_leads,-4530.449593304173,-8652.344870894762,-388.3369646286236,-1.4637728403260655,8,statistically worse but below practical threshold
lead_propensity_not_uplift|propensity_not_uplift|0.25,last_click_attribution,hist_profit_per_agent_hour,net_value_per_1k_leads,-4738.750323762266,-8833.405812681583,-226.5167954041433,-1.5310740972069001,8,statistically worse but below practical threshold
lead_propensity_not_uplift|propensity_not_uplift|0.25,lead_score_gbm,hist_profit_per_agent_hour,net_value_per_1k_leads,-7444.746494097784,-11855.281029375656,-2356.887839405874,-2.405372247663673,8,worse
lead_propensity_not_uplift|propensity_not_uplift|0.25,lead_score_logit,hist_profit_per_agent_hour,net_value_per_1k_leads,-6038.258652752647,-11090.919230976033,-63.70744631664638,-1.9509408143126339,8,statistically worse but below practical threshold
lead_propensity_not_uplift|propensity_not_uplift|0.25,lowest_cpl,hist_profit_per_agent_hour,net_value_per_1k_leads,-8791.21173615054,-14860.238293131448,-3662.1831599143734,-2.840410583521736,8,worse
lead_propensity_not_uplift|propensity_not_uplift|0.25,oracle,hist_profit_per_agent_hour,net_value_per_1k_leads,45781.74821714313,39172.03994594915,53365.58515436866,14.791926991516378,8,better
lead_propensity_not_uplift|propensity_not_uplift|0.25,propensity_ev_gbm,hist_profit_per_agent_hour,net_value_per_1k_leads,-1045.4273244150318,-5000.57489405444,2533.163649241458,-0.3377740095100377,8,no meaningful evidence of difference
lead_propensity_not_uplift|propensity_not_uplift|0.25,propensity_ev_logit,hist_profit_per_agent_hour,net_value_per_1k_leads,-1145.3459621955262,-4836.0478897898865,2120.235902059367,-0.37005738121814136,8,no meaningful evidence of difference
lead_propensity_not_uplift|propensity_not_uplift|0.25,random,hist_profit_per_agent_hour,net_value_per_1k_leads,-8744.809372712294,-12886.204525337656,-3500.7480698335094,-2.8254181378650776,8,worse
lead_propensity_not_uplift|propensity_not_uplift|0.25,s_learner,hist_profit_per_agent_hour,net_value_per_1k_leads,12373.002258573717,7408.960926288503,17090.80301377586,3.9976749076208713,8,better
lead_propensity_not_uplift|propensity_not_uplift|0.25,t_learner,hist_profit_per_agent_hour,net_value_per_1k_leads,8938.613658831255,5040.930007103015,12986.858823134913,2.888035642931019,8,better
lead_propensity_not_uplift|propensity_not_uplift|0.25,x_learner,hist_profit_per_agent_hour,net_value_per_1k_leads,6813.843134473635,3562.7642727746825,9828.56717999337,2.2015295199897587,8,better
lead_rare_outcome|rare_outcome|0.25,call_everyone,hist_profit_per_agent_hour,net_value_per_1k_leads,-3286.6922843267903,-6478.311941302695,-511.632427879259,-3.8744328468813505,8,worse
lead_rare_outcome|rare_outcome|0.25,causal_forest,hist_profit_per_agent_hour,net_value_per_1k_leads,7826.576755696628,3370.752032326916,12794.209219837356,9.226159140456385,8,better
lead_rare_outcome|rare_outcome|0.25,class_transformation,hist_profit_per_agent_hour,net_value_per_1k_leads,-1736.6795587367178,-4381.714161477566,1072.6835548445022,-2.0472401261790685,8,no meaningful evidence of difference
lead_rare_outcome|rare_outcome|0.25,do_nothing,hist_profit_per_agent_hour,net_value_per_1k_leads,-17662.802848634936,-23935.489405757733,-12091.546606746637,-20.82134182475127,8,worse
lead_rare_outcome|rare_outcome|0.25,dr_learner,hist_profit_per_agent_hour,net_value_per_1k_leads,3587.7542836170433,-2.5662744668770756,7991.499832039278,4.229332058030607,8,no meaningful evidence of difference
lead_rare_outcome|rare_outcome|0.25,existing_policy_capped,hist_profit_per_agent_hour,net_value_per_1k_leads,-1349.3949185138617,-3486.1174429769235,780.5267482032185,-1.59069956765842,8,no meaningful evidence of difference
lead_rare_outcome|rare_outcome|0.25,existing_policy_replay,hist_profit_per_agent_hour,net_value_per_1k_leads,-6144.169829792509,-8734.903289715829,-3780.8295857588373,-7.242896914592502,8,worse
lead_rare_outcome|rare_outcome|0.25,fifo,hist_profit_per_agent_hour,net_value_per_1k_leads,-4511.918988165813,-8133.949618177602,-1340.6443981528455,-5.31875990143018,8,worse
lead_rare_outcome|rare_outcome|0.25,funnel_ev_gbm,hist_profit_per_agent_hour,net_value_per_1k_leads,15410.1455273984,10728.343072741676,21141.997362328602,18.165854555746318,8,better
lead_rare_outcome|rare_outcome|0.25,hist_conversion_rate,hist_profit_per_agent_hour,net_value_per_1k_leads,1702.232101392441,-1113.9224132675345,4893.320477490171,2.0066326251779376,8,no meaningful evidence of difference
lead_rare_outcome|rare_outcome|0.25,hist_net_profit,hist_profit_per_agent_hour,net_value_per_1k_leads,339.14613818241105,0.0,1017.4384145472332,0.39979372085818493,8,no meaningful evidence of difference
lead_rare_outcome|rare_outcome|0.25,hist_roas,hist_profit_per_agent_hour,net_value_per_1k_leads,-585.8769161565006,-1771.4091310360109,305.37965776707614,-0.69064596616207,8,no meaningful evidence of difference
lead_rare_outcome|rare_outcome|0.25,last_click_attribution,hist_profit_per_agent_hour,net_value_per_1k_leads,-2536.6252363345075,-5338.919892050093,310.32736008967584,-2.990235557721413,8,no meaningful evidence of difference
lead_rare_outcome|rare_outcome|0.25,lead_score_gbm,hist_profit_per_agent_hour,net_value_per_1k_leads,15301.06243634339,11263.77209315363,20013.641323948505,18.03726475345838,8,better
lead_rare_outcome|rare_outcome|0.25,lead_score_logit,hist_profit_per_agent_hour,net_value_per_1k_leads,17743.993125778336,13588.172428084157,22110.691958750867,20.917050899224673,8,better
lead_rare_outcome|rare_outcome|0.25,lowest_cpl,hist_profit_per_agent_hour,net_value_per_1k_leads,-1339.522181804954,-5475.996165333636,3365.233902999902,-1.5790613453715292,8,no meaningful evidence of difference
lead_rare_outcome|rare_outcome|0.25,oracle,hist_profit_per_agent_hour,net_value_per_1k_leads,33160.813893155144,22252.373244520426,47806.41528516947,39.09077439030044,8,better
lead_rare_outcome|rare_outcome|0.25,propensity_ev_gbm,hist_profit_per_agent_hour,net_value_per_1k_leads,15426.841329527208,10918.460654253366,21388.087295803027,18.18553597359044,8,better
lead_rare_outcome|rare_outcome|0.25,propensity_ev_logit,hist_profit_per_agent_hour,net_value_per_1k_leads,16658.39445001347,11064.073504667645,23957.69542297616,19.637320762037273,8,better
lead_rare_outcome|rare_outcome|0.25,random,hist_profit_per_agent_hour,net_value_per_1k_leads,-3926.0654638778733,-7243.474191395565,-1012.1175517004585,-4.628141510172014,8,worse
lead_rare_outcome|rare_outcome|0.25,s_learner,hist_profit_per_agent_hour,net_value_per_1k_leads,15176.078134558673,10142.990617068419,21886.70266732991,17.88993021700407,8,better
lead_rare_outcome|rare_outcome|0.25,t_learner,hist_profit_per_agent_hour,net_value_per_1k_leads,9997.416834540567,5317.526010533708,15169.055955189162,11.785198253094894,8,better
lead_rare_outcome|rare_outcome|0.25,x_learner,hist_profit_per_agent_hour,net_value_per_1k_leads,9451.35794539034,4802.727679303376,15381.73719547567,11.141490746145081,8,better
lead_seasonality_trend|seasonality_trend|0.25,call_everyone,hist_profit_per_agent_hour,net_value_per_1k_leads,-11614.522845890217,-17100.95318261521,-5833.836336437732,-4.539940978808743,8,worse
lead_seasonality_trend|seasonality_trend|0.25,causal_forest,hist_profit_per_agent_hour,net_value_per_1k_leads,17455.64030730264,9841.160943824478,25042.855411070286,6.823145280609659,8,better
lead_seasonality_trend|seasonality_trend|0.25,class_transformation,hist_profit_per_agent_hour,net_value_per_1k_leads,7444.244545867146,-295.887272627755,15732.02995776138,2.9098423859930294,8,no meaningful evidence of difference
lead_seasonality_trend|seasonality_trend|0.25,do_nothing,hist_profit_per_agent_hour,net_value_per_1k_leads,-47191.27274858947,-54081.851809862026,-41126.46739318834,-18.446353400499113,8,worse
lead_seasonality_trend|seasonality_trend|0.25,dr_learner,hist_profit_per_agent_hour,net_value_per_1k_leads,15492.246030094117,8398.945938605244,22726.510762402166,6.05568421010932,8,better
lead_seasonality_trend|seasonality_trend|0.25,existing_policy_capped,hist_profit_per_agent_hour,net_value_per_1k_leads,-6382.568602523861,-10795.597696989827,-1086.4920722593743,-2.4948493479359266,8,worse
lead_seasonality_trend|seasonality_trend|0.25,existing_policy_replay,hist_profit_per_agent_hour,net_value_per_1k_leads,-11942.561097430204,-16593.581707862726,-7491.355843434601,-4.668166160380462,8,worse
lead_seasonality_trend|seasonality_trend|0.25,fifo,hist_profit_per_agent_hour,net_value_per_1k_leads,-17963.933187651557,-24582.089439970812,-12031.537786547084,-7.021829265079097,8,worse
lead_seasonality_trend|seasonality_trend|0.25,funnel_ev_gbm,hist_profit_per_agent_hour,net_value_per_1k_leads,25497.373034040764,17793.23792746002,34320.27187184474,9.966536742417704,8,better
lead_seasonality_trend|seasonality_trend|0.25,hist_conversion_rate,hist_profit_per_agent_hour,net_value_per_1k_leads,4062.792354492456,747.2499166897869,8066.806753701636,1.588083965505121,8,statistically better but below practical threshold
lead_seasonality_trend|seasonality_trend|0.25,hist_net_profit,hist_profit_per_agent_hour,net_value_per_1k_leads,964.1762333836996,0.0,2892.5287001510987,0.376881878903964,8,no meaningful evidence of difference
lead_seasonality_trend|seasonality_trend|0.25,hist_roas,hist_profit_per_agent_hour,net_value_per_1k_leads,-4970.8090841358135,-9647.959410452382,-721.4666807623835,-1.943013945414753,8,statistically worse but below practical threshold
lead_seasonality_trend|seasonality_trend|0.25,last_click_attribution,hist_profit_per_agent_hour,net_value_per_1k_leads,-6019.804612685653,-10223.959587422349,-2103.138157411475,-2.3530504014828315,8,worse
lead_seasonality_trend|seasonality_trend|0.25,lead_score_gbm,hist_profit_per_agent_hour,net_value_per_1k_leads,15434.798220239489,9925.772463220459,21822.067619346697,6.033228731777369,8,better
lead_seasonality_trend|seasonality_trend|0.25,lead_score_logit,hist_profit_per_agent_hour,net_value_per_1k_leads,18722.256038551517,12184.048804776448,25415.185639285355,7.318246176186729,8,better
lead_seasonality_trend|seasonality_trend|0.25,lowest_cpl,hist_profit_per_agent_hour,net_value_per_1k_leads,-5488.770315484286,-11899.947179670662,571.3275917596984,-2.145477141779746,8,no meaningful evidence of difference
lead_seasonality_trend|seasonality_trend|0.25,oracle,hist_profit_per_agent_hour,net_value_per_1k_leads,76584.24477629758,64841.8313629836,90516.0828970809,29.93562075725407,8,better
lead_seasonality_trend|seasonality_trend|0.25,propensity_ev_gbm,hist_profit_per_agent_hour,net_value_per_1k_leads,22941.228858392587,16189.545134431399,30299.4622284523,8.967378718902793,8,better
lead_seasonality_trend|seasonality_trend|0.25,propensity_ev_logit,hist_profit_per_agent_hour,net_value_per_1k_leads,25601.778860567792,18257.243082723227,33753.54728949342,10.007347397884638,8,better
lead_seasonality_trend|seasonality_trend|0.25,random,hist_profit_per_agent_hour,net_value_per_1k_leads,-9926.986516372013,-14358.615224239737,-4428.045832934065,-3.880308599823916,8,worse
lead_seasonality_trend|seasonality_trend|0.25,s_learner,hist_profit_per_agent_hour,net_value_per_1k_leads,27731.014205838703,18984.360777718037,38064.15830074946,10.839633228803976,8,better
lead_seasonality_trend|seasonality_trend|0.25,t_learner,hist_profit_per_agent_hour,net_value_per_1k_leads,23971.93323564613,15498.390255642084,33934.37897666305,9.37026544110565,8,better
lead_seasonality_trend|seasonality_trend|0.25,x_learner,hist_profit_per_agent_hour,net_value_per_1k_leads,22756.921363086374,14995.176216794143,30956.126703798123,8.89533571190674,8,better
lead_selection_bias|selection_bias|0.25,call_everyone,hist_profit_per_agent_hour,net_value_per_1k_leads,-12740.954659002859,-16666.561748358134,-8830.680771541125,-6.181459963206104,8,worse
lead_selection_bias|selection_bias|0.25,causal_forest,hist_profit_per_agent_hour,net_value_per_1k_leads,15461.436882347776,8545.029759678564,21699.883022460337,7.501341588586336,8,better
lead_selection_bias|selection_bias|0.25,class_transformation,hist_profit_per_agent_hour,net_value_per_1k_leads,-20015.091209044753,-24976.34176682449,-15412.202178697275,-9.710613394358585,8,worse
lead_selection_bias|selection_bias|0.25,do_nothing,hist_profit_per_agent_hour,net_value_per_1k_leads,-43022.23321771966,-51793.7552691888,-34971.83652286763,-20.872863869359612,8,worse
lead_selection_bias|selection_bias|0.25,dr_learner,hist_profit_per_agent_hour,net_value_per_1k_leads,12118.446410570934,5934.55352216373,18158.865888388977,5.879441007999442,8,better
lead_selection_bias|selection_bias|0.25,existing_policy_capped,hist_profit_per_agent_hour,net_value_per_1k_leads,8739.689813432902,4041.5133991665643,13886.702776403024,4.240187970090758,8,better
lead_selection_bias|selection_bias|0.25,existing_policy_replay,hist_profit_per_agent_hour,net_value_per_1k_leads,-1224.5201347631573,-10104.468393261941,7137.924947792399,-0.5940938014271684,8,no meaningful evidence of difference
lead_selection_bias|selection_bias|0.25,fifo,hist_profit_per_agent_hour,net_value_per_1k_leads,-14423.397377389414,-21501.63588451538,-7934.772545256505,-6.997721584288433,8,worse
lead_selection_bias|selection_bias|0.25,funnel_ev_gbm,hist_profit_per_agent_hour,net_value_per_1k_leads,24368.237290811874,19620.73115784373,29056.614694854623,11.822605700948973,8,better
lead_selection_bias|selection_bias|0.25,hist_conversion_rate,hist_profit_per_agent_hour,net_value_per_1k_leads,5789.567985089443,2062.436599187553,10039.145208636302,2.8088933413480253,8,better
lead_selection_bias|selection_bias|0.25,hist_net_profit,hist_profit_per_agent_hour,net_value_per_1k_leads,673.5612614042984,0.43663617810307187,1806.4107383293158,0.32678806899255736,8,statistically better but below practical threshold
lead_selection_bias|selection_bias|0.25,hist_roas,hist_profit_per_agent_hour,net_value_per_1k_leads,-5234.6348584432,-9186.009033700344,-1571.6307381045644,-2.539659441971681,8,worse
lead_selection_bias|selection_bias|0.25,last_click_attribution,hist_profit_per_agent_hour,net_value_per_1k_leads,-7835.601449009806,-11489.904740750104,-5139.621683960071,-3.801556315128159,8,worse
lead_selection_bias|selection_bias|0.25,lead_score_gbm,hist_profit_per_agent_hour,net_value_per_1k_leads,19161.824980547673,14455.165441746583,23253.447183818145,9.296638839815797,8,better
lead_selection_bias|selection_bias|0.25,lead_score_logit,hist_profit_per_agent_hour,net_value_per_1k_leads,20184.74957150504,14812.1047011431,25587.736849799174,9.792925623154591,8,better
lead_selection_bias|selection_bias|0.25,lowest_cpl,hist_profit_per_agent_hour,net_value_per_1k_leads,-6962.645151094202,-14021.459629994333,-231.70946776729397,-3.3780288362527067,8,worse
lead_selection_bias|selection_bias|0.25,oracle,hist_profit_per_agent_hour,net_value_per_1k_leads,66045.67064329839,54351.3846867754,80719.90561546413,32.04302030351917,8,better
lead_selection_bias|selection_bias|0.25,propensity_ev_gbm,hist_profit_per_agent_hour,net_value_per_1k_leads,25287.595026594827,21023.47514139736,29615.971002280912,12.268645514110895,8,better
lead_selection_bias|selection_bias|0.25,propensity_ev_logit,hist_profit_per_agent_hour,net_value_per_1k_leads,28337.946806943954,23560.382229731284,32920.287290039705,13.748568165793753,8,better
lead_selection_bias|selection_bias|0.25,random,hist_profit_per_agent_hour,net_value_per_1k_leads,-12834.584993244813,-16548.03058729457,-8863.004047292246,-6.226886085341252,8,worse
lead_selection_bias|selection_bias|0.25,s_learner,hist_profit_per_agent_hour,net_value_per_1k_leads,25246.396361362946,19371.933031771194,31716.633483427853,12.24865738084425,8,better
lead_selection_bias|selection_bias|0.25,t_learner,hist_profit_per_agent_hour,net_value_per_1k_leads,24274.852700981643,18886.555977826392,30599.39805300401,11.777298805299038,8,better
lead_selection_bias|selection_bias|0.25,x_learner,hist_profit_per_agent_hour,net_value_per_1k_leads,21421.643496802837,16627.99292128722,26490.350836975795,10.393022749515415,8,better
lead_sparse|sparse|0.25,call_everyone,hist_profit_per_agent_hour,net_value_per_1k_leads,-15672.023347027278,-20978.220600873137,-9913.885463923023,-7.47184273959994,8,worse
lead_sparse|sparse|0.25,causal_forest,hist_profit_per_agent_hour,net_value_per_1k_leads,10624.2833362759,3053.442210315612,20572.132259639857,5.065266465715376,8,better
lead_sparse|sparse|0.25,class_transformation,hist_profit_per_agent_hour,net_value_per_1k_leads,-3631.101189742274,-11341.41142559631,5143.954540410177,-1.7311751303940481,8,no meaningful evidence of difference
lead_sparse|sparse|0.25,do_nothing,hist_profit_per_agent_hour,net_value_per_1k_leads,-50805.542348949835,-57614.385242495766,-45051.63226809617,-24.222208857508114,8,worse
lead_sparse|sparse|0.25,dr_learner,hist_profit_per_agent_hour,net_value_per_1k_leads,10701.20759401627,3824.3399070380947,18486.137464506573,5.101941114799888,8,better
lead_sparse|sparse|0.25,existing_policy_capped,hist_profit_per_agent_hour,net_value_per_1k_leads,-1297.19717203676,-4409.909343686435,1438.1164012852132,-0.6184557703298047,8,no meaningful evidence of difference
lead_sparse|sparse|0.25,existing_policy_replay,hist_profit_per_agent_hour,net_value_per_1k_leads,-16571.75034500403,-19503.030172162224,-13680.926005338173,-7.900799389841903,8,worse
lead_sparse|sparse|0.25,fifo,hist_profit_per_agent_hour,net_value_per_1k_leads,-17793.56636623563,-21803.004350990755,-13764.346728754683,-8.483316207563329,8,worse
lead_sparse|sparse|0.25,funnel_ev_gbm,hist_profit_per_agent_hour,net_value_per_1k_leads,20802.706653373632,15242.773152133414,28144.02911014135,9.917963317832887,8,better
lead_sparse|sparse|0.25,hist_conversion_rate,hist_profit_per_agent_hour,net_value_per_1k_leads,1198.2967681203227,-709.5793540481005,3186.8211728077968,0.5713037052400916,8,no meaningful evidence of difference
lead_sparse|sparse|0.25,hist_net_profit,hist_profit_per_agent_hour,net_value_per_1k_leads,506.8572716716717,-442.606350511036,1574.5638838669001,0.24165085397679523,8,no meaningful evidence of difference
lead_sparse|sparse|0.25,hist_roas,hist_profit_per_agent_hour,net_value_per_1k_leads,-4692.862878652797,-8834.48895158073,-519.1520764151323,-2.2373839453506874,8,worse
lead_sparse|sparse|0.25,last_click_attribution,hist_profit_per_agent_hour,net_value_per_1k_leads,-11714.946194927437,-15709.57347459667,-7861.736541177527,-5.58525429251456,8,worse
lead_sparse|sparse|0.25,lead_score_gbm,hist_profit_per_agent_hour,net_value_per_1k_leads,14112.80256684329,9169.308628397832,21152.861383038733,6.7284637764706545,8,better
lead_sparse|sparse|0.25,lead_score_logit,hist_profit_per_agent_hour,net_value_per_1k_leads,19592.492785024384,15828.684680327202,24806.259194454426,9.340977978712417,8,better
lead_sparse|sparse|0.25,lowest_cpl,hist_profit_per_agent_hour,net_value_per_1k_leads,-18051.02917789318,-22473.657498287335,-13418.904315874468,-8.606064980801044,8,worse
lead_sparse|sparse|0.25,oracle,hist_profit_per_agent_hour,net_value_per_1k_leads,68680.79103723905,58513.41200453347,79330.9423325552,32.74446818374064,8,better
lead_sparse|sparse|0.25,propensity_ev_gbm,hist_profit_per_agent_hour,net_value_per_1k_leads,20564.03968485218,15469.578384941475,27434.856851240165,9.804175709402124,8,better
lead_sparse|sparse|0.25,propensity_ev_logit,hist_profit_per_agent_hour,net_value_per_1k_leads,24933.726261528325,18765.545531051972,32702.99902905512,11.887481112878188,8,better
lead_sparse|sparse|0.25,random,hist_profit_per_agent_hour,net_value_per_1k_leads,-17946.48897021143,-20538.01453952235,-15607.568421170905,-8.556224065274886,8,worse
lead_sparse|sparse|0.25,s_learner,hist_profit_per_agent_hour,net_value_per_1k_leads,18273.356066563134,13770.179528812387,23506.14324512802,8.712062241789145,8,better
lead_sparse|sparse|0.25,t_learner,hist_profit_per_agent_hour,net_value_per_1k_leads,14712.053725078433,8299.548395905225,21687.128630720865,7.014164628026967,8,better
lead_sparse|sparse|0.25,x_learner,hist_profit_per_agent_hour,net_value_per_1k_leads,14482.378055417234,10821.97541743689,18812.210978205727,6.904663739289056,8,better
lead_strong_heterogeneity|strong_heterogeneity|0.25,call_everyone,hist_profit_per_agent_hour,net_value_per_1k_leads,-12908.435037396264,-17351.79089156891,-8801.655172519477,-5.936583110359494,8,worse
lead_strong_heterogeneity|strong_heterogeneity|0.25,causal_forest,hist_profit_per_agent_hour,net_value_per_1k_leads,61672.14335064904,51883.31034709609,70170.11479465388,28.362989280610922,8,better
lead_strong_heterogeneity|strong_heterogeneity|0.25,class_transformation,hist_profit_per_agent_hour,net_value_per_1k_leads,42532.93672663009,33598.77042753044,51388.18993120422,19.560877292545335,8,better
lead_strong_heterogeneity|strong_heterogeneity|0.25,do_nothing,hist_profit_per_agent_hour,net_value_per_1k_leads,-54345.410448790935,-60957.01861537569,-47592.400060649816,-24.993428317312343,8,worse
lead_strong_heterogeneity|strong_heterogeneity|0.25,dr_learner,hist_profit_per_agent_hour,net_value_per_1k_leads,60764.32166641378,53078.90640363978,67707.89793599858,27.945482521485125,8,better
lead_strong_heterogeneity|strong_heterogeneity|0.25,existing_policy_capped,hist_profit_per_agent_hour,net_value_per_1k_leads,-8357.804950135222,-13930.522167832762,-2918.6213082226727,-3.843750505999358,8,worse
lead_strong_heterogeneity|strong_heterogeneity|0.25,existing_policy_replay,hist_profit_per_agent_hour,net_value_per_1k_leads,-9900.89750539639,-15470.08432836018,-4047.0298041479905,-4.553418035389714,8,worse
lead_strong_heterogeneity|strong_heterogeneity|0.25,fifo,hist_profit_per_agent_hour,net_value_per_1k_leads,-12568.227628220031,-18690.038900934553,-6734.551222937289,-5.78012188531682,8,worse
lead_strong_heterogeneity|strong_heterogeneity|0.25,funnel_ev_gbm,hist_profit_per_agent_hour,net_value_per_1k_leads,55786.628506485766,48730.80048776242,62314.94047385898,25.65624381391355,8,better
lead_strong_heterogeneity|strong_heterogeneity|0.25,hist_conversion_rate,hist_profit_per_agent_hour,net_value_per_1k_leads,-63.62900253158659,-6326.342179003833,5014.770913622746,-0.02926294788359034,8,no meaningful evidence of difference
lead_strong_heterogeneity|strong_heterogeneity|0.25,hist_net_profit,hist_profit_per_agent_hour,net_value_per_1k_leads,810.529585032029,0.0,2393.0554011029126,0.37276216915589844,8,no meaningful evidence of difference
lead_strong_heterogeneity|strong_heterogeneity|0.25,hist_roas,hist_profit_per_agent_hour,net_value_per_1k_leads,-4980.708261156948,-9722.088061159082,1.0522274389950326,-2.290625351187151,8,no meaningful evidence of difference
lead_strong_heterogeneity|strong_heterogeneity|0.25,last_click_attribution,hist_profit_per_agent_hour,net_value_per_1k_leads,-7176.128872096151,-11389.090837268117,-3028.999367236036,-3.300298241919358,8,worse
lead_strong_heterogeneity|strong_heterogeneity|0.25,lead_score_gbm,hist_profit_per_agent_hour,net_value_per_1k_leads,40385.78683223216,25857.83179627686,52503.23203133647,18.573404081302833,8,better
lead_strong_heterogeneity|strong_heterogeneity|0.25,lead_score_logit,hist_profit_per_agent_hour,net_value_per_1k_leads,43882.20489744186,30628.91681712711,55588.99760359104,20.18140508007197,8,better
lead_strong_heterogeneity|strong_heterogeneity|0.25,lowest_cpl,hist_profit_per_agent_hour,net_value_per_1k_leads,-3362.446083999017,-9123.99067350572,2905.514932632916,-1.5463873485774127,8,no meaningful evidence of difference
lead_strong_heterogeneity|strong_heterogeneity|0.25,oracle,hist_profit_per_agent_hour,net_value_per_1k_leads,120231.18535848809,111453.09712012493,130477.55855086322,55.29426474006362,8,better
lead_strong_heterogeneity|strong_heterogeneity|0.25,propensity_ev_gbm,hist_profit_per_agent_hour,net_value_per_1k_leads,55787.683566297885,49728.78549252961,61632.82455718491,25.656729035417392,8,better
lead_strong_heterogeneity|strong_heterogeneity|0.25,propensity_ev_logit,hist_profit_per_agent_hour,net_value_per_1k_leads,45761.79159409359,35866.911183808596,55998.91009758232,21.04582610442333,8,better
lead_strong_heterogeneity|strong_heterogeneity|0.25,random,hist_profit_per_agent_hour,net_value_per_1k_leads,-8829.849051522855,-13389.331811693537,-4783.972914076461,-4.060843362842514,8,worse
lead_strong_heterogeneity|strong_heterogeneity|0.25,s_learner,hist_profit_per_agent_hour,net_value_per_1k_leads,73095.0974590193,63927.59196582899,82693.4468640825,33.61640042097801,8,better
lead_strong_heterogeneity|strong_heterogeneity|0.25,t_learner,hist_profit_per_agent_hour,net_value_per_1k_leads,64881.846073357476,55590.107021565695,74963.62961489905,29.839130030260556,8,better
lead_strong_heterogeneity|strong_heterogeneity|0.25,x_learner,hist_profit_per_agent_hour,net_value_per_1k_leads,69919.5988463999,61048.47529611748,78617.57275176409,32.15599012522702,8,better
lead_value_heterogeneity|value_heterogeneity|0.25,call_everyone,hist_profit_per_agent_hour,net_value_per_1k_leads,-24185.829636287173,-33483.95280377761,-15113.466943518484,-7.42110109140696,8,worse
lead_value_heterogeneity|value_heterogeneity|0.25,causal_forest,hist_profit_per_agent_hour,net_value_per_1k_leads,13151.049505151565,-3282.6535672446153,31458.557154995116,4.035225142304001,8,no meaningful evidence of difference
lead_value_heterogeneity|value_heterogeneity|0.25,class_transformation,hist_profit_per_agent_hour,net_value_per_1k_leads,2863.9410987763404,-8754.121761183602,18803.095064140933,0.8787623469391577,8,no meaningful evidence of difference
lead_value_heterogeneity|value_heterogeneity|0.25,do_nothing,hist_profit_per_agent_hour,net_value_per_1k_leads,-74323.8389947018,-89225.21877801121,-59209.85805476418,-22.80528437418568,8,worse
lead_value_heterogeneity|value_heterogeneity|0.25,dr_learner,hist_profit_per_agent_hour,net_value_per_1k_leads,12911.75555168101,-7004.742652183949,35592.83546851351,3.961800966000243,8,no meaningful evidence of difference
lead_value_heterogeneity|value_heterogeneity|0.25,existing_policy_capped,hist_profit_per_agent_hour,net_value_per_1k_leads,-2303.794430594171,-14136.15010374563,9547.700086031338,-0.7068887700097203,8,no meaningful evidence of difference
lead_value_heterogeneity|value_heterogeneity|0.25,existing_policy_replay,hist_profit_per_agent_hour,net_value_per_1k_leads,-19872.97802836317,-29436.5445311532,-10433.761615662985,-6.097759768989773,8,worse
lead_value_heterogeneity|value_heterogeneity|0.25,fifo,hist_profit_per_agent_hour,net_value_per_1k_leads,-26517.53208408013,-39888.024355267255,-13157.407350083853,-8.136553066401065,8,worse
lead_value_heterogeneity|value_heterogeneity|0.25,funnel_ev_gbm,hist_profit_per_agent_hour,net_value_per_1k_leads,32452.590907431382,20108.80524168924,47498.767092105685,9.957647160500452,8,better
lead_value_heterogeneity|value_heterogeneity|0.25,hist_conversion_rate,hist_profit_per_agent_hour,net_value_per_1k_leads,8835.939566479068,-4169.748588281149,21797.941253523455,2.7111908810447547,8,no meaningful evidence of difference
lead_value_heterogeneity|value_heterogeneity|0.25,hist_net_profit,hist_profit_per_agent_hour,net_value_per_1k_leads,-3.705637710991141,-11.020578435076459,0.0,-0.0011370257905122963,8,no meaningful evidence of difference
lead_value_heterogeneity|value_heterogeneity|0.25,hist_roas,hist_profit_per_agent_hour,net_value_per_1k_leads,-3639.3130983665797,-12668.769723812817,4097.448981953283,-1.1166749626706578,8,no meaningful evidence of difference
lead_value_heterogeneity|value_heterogeneity|0.25,last_click_attribution,hist_profit_per_agent_hour,net_value_per_1k_leads,-16534.780422876298,-25256.23937273211,-10606.179925833167,-5.073478102164399,8,worse
lead_value_heterogeneity|value_heterogeneity|0.25,lead_score_gbm,hist_profit_per_agent_hour,net_value_per_1k_leads,25475.622275011414,14910.493851135634,35587.75587038873,7.8168568584352816,8,better
lead_value_heterogeneity|value_heterogeneity|0.25,lead_score_logit,hist_profit_per_agent_hour,net_value_per_1k_leads,28749.211084277056,18195.160297666574,39132.37501824091,8.82131417292864,8,better
lead_value_heterogeneity|value_heterogeneity|0.25,lowest_cpl,hist_profit_per_agent_hour,net_value_per_1k_leads,-5732.889164452627,-21235.43140295147,11073.672290107097,-1.7590610152733057,8,no meaningful evidence of difference
lead_value_heterogeneity|value_heterogeneity|0.25,oracle,hist_profit_per_agent_hour,net_value_per_1k_leads,129189.08752864621,101043.14821641514,162357.98683777376,39.63995830923591,8,better
lead_value_heterogeneity|value_heterogeneity|0.25,propensity_ev_gbm,hist_profit_per_agent_hour,net_value_per_1k_leads,32866.11387635561,23132.096102296327,43019.775698064426,10.084531199714933,8,better
lead_value_heterogeneity|value_heterogeneity|0.25,propensity_ev_logit,hist_profit_per_agent_hour,net_value_per_1k_leads,37726.40083086718,28040.09565392664,47714.99523755877,11.575845798597298,8,better
lead_value_heterogeneity|value_heterogeneity|0.25,random,hist_profit_per_agent_hour,net_value_per_1k_leads,-22676.89129912867,-29808.903423981723,-13263.824240632901,-6.958103372943258,8,worse
lead_value_heterogeneity|value_heterogeneity|0.25,s_learner,hist_profit_per_agent_hour,net_value_per_1k_leads,40759.78190364658,22104.718634796118,63343.02499295198,12.506598554586368,8,better
lead_value_heterogeneity|value_heterogeneity|0.25,t_learner,hist_profit_per_agent_hour,net_value_per_1k_leads,29039.055932295247,10483.143681565633,51500.488778337516,8.910249220860146,8,better
lead_value_heterogeneity|value_heterogeneity|0.25,x_learner,hist_profit_per_agent_hour,net_value_per_1k_leads,31939.49873176429,13853.174532623409,54430.82715731695,9.800211630601467,8,better
lead_very_rare_outcome|very_rare_outcome|0.25,call_everyone,hist_profit_per_agent_hour,net_value_per_1k_leads,-3522.848120503264,-5091.233444762194,-1712.2816144588248,-8.014026693315207,8,worse
lead_very_rare_outcome|very_rare_outcome|0.25,causal_forest,hist_profit_per_agent_hour,net_value_per_1k_leads,4401.511971567749,1230.0351102767725,7775.922746193051,10.012874022525635,8,better
lead_very_rare_outcome|very_rare_outcome|0.25,class_transformation,hist_profit_per_agent_hour,net_value_per_1k_leads,-3101.687674171876,-5117.861904259997,-1006.919173500659,-7.055940808367628,8,worse
lead_very_rare_outcome|very_rare_outcome|0.25,do_nothing,hist_profit_per_agent_hour,net_value_per_1k_leads,-9229.360546687933,-13720.475282628686,-5249.052920062895,-20.99560902240117,8,worse
lead_very_rare_outcome|very_rare_outcome|0.25,dr_learner,hist_profit_per_agent_hour,net_value_per_1k_leads,-463.1323649756612,-3539.149481809289,1961.1498371243315,-1.0535666053417392,8,no meaningful evidence of difference
lead_very_rare_outcome|very_rare_outcome|0.25,existing_policy_capped,hist_profit_per_agent_hour,net_value_per_1k_leads,-2719.9805370194144,-4683.222258887394,-861.2100544801722,-6.187606130989667,8,worse
lead_very_rare_outcome|very_rare_outcome|0.25,existing_policy_replay,hist_profit_per_agent_hour,net_value_per_1k_leads,-4037.8782888835576,-6451.827436222685,-1537.1211691248666,-9.185654131137495,8,worse
lead_very_rare_outcome|very_rare_outcome|0.25,fifo,hist_profit_per_agent_hour,net_value_per_1k_leads,-3339.566572554266,-5386.475254998189,-1091.0337961165314,-7.597084728344668,8,worse
lead_very_rare_outcome|very_rare_outcome|0.25,funnel_ev_gbm,hist_profit_per_agent_hour,net_value_per_1k_leads,6343.804306070471,3174.76935786899,10102.333980100228,14.431339446661681,8,better
lead_very_rare_outcome|very_rare_outcome|0.25,hist_conversion_rate,hist_profit_per_agent_hour,net_value_per_1k_leads,19.929749046673578,-566.3835268394068,707.9394695857034,0.045337617571857905,8,no meaningful evidence of difference
lead_very_rare_outcome|very_rare_outcome|0.25,hist_net_profit,hist_profit_per_agent_hour,net_value_per_1k_leads,-34.909161106387046,-104.72748331916114,0.0,-0.07941385474996314,8,no meaningful evidence of difference
lead_very_rare_outcome|very_rare_outcome|0.25,hist_roas,hist_profit_per_agent_hour,net_value_per_1k_leads,-594.4749709412035,-1070.5489533760624,-166.59982499712032,-1.3523541528523222,8,statistically worse but below practical threshold
lead_very_rare_outcome|very_rare_outcome|0.25,last_click_attribution,hist_profit_per_agent_hour,net_value_per_1k_leads,-1744.4997247386743,-3531.083402080611,80.67997591779861,-3.9685126585983954,8,no meaningful evidence of difference
lead_very_rare_outcome|very_rare_outcome|0.25,lead_score_gbm,hist_profit_per_agent_hour,net_value_per_1k_leads,6669.5817062855995,3714.026896827465,10240.175866516642,15.172441160984208,8,better
lead_very_rare_outcome|very_rare_outcome|0.25,lead_score_logit,hist_profit_per_agent_hour,net_value_per_1k_leads,8374.606292932189,4722.706871216349,12865.847646401922,19.05115295404115,8,better
lead_very_rare_outcome|very_rare_outcome|0.25,lowest_cpl,hist_profit_per_agent_hour,net_value_per_1k_leads,-2403.7276917914714,-3435.366558764555,-1506.8348309166295,-5.468171555101237,8,worse
lead_very_rare_outcome|very_rare_outcome|0.25,oracle,hist_profit_per_agent_hour,net_value_per_1k_leads,15576.303284644153,9980.354894744098,22889.802016237038,35.434087998229934,8,better
lead_very_rare_outcome|very_rare_outcome|0.25,propensity_ev_gbm,hist_profit_per_agent_hour,net_value_per_1k_leads,6269.021395939755,3029.551685184643,10101.389932150712,14.261217937731645,8,better
lead_very_rare_outcome|very_rare_outcome|0.25,propensity_ev_logit,hist_profit_per_agent_hour,net_value_per_1k_leads,7846.582785540623,4571.74098360684,11727.501610282885,17.849967339962106,8,better
lead_very_rare_outcome|very_rare_outcome|0.25,random,hist_profit_per_agent_hour,net_value_per_1k_leads,-3327.7039289692193,-5416.96624872473,-1252.077756244486,-7.5700987388577685,8,worse
lead_very_rare_outcome|very_rare_outcome|0.25,s_learner,hist_profit_per_agent_hour,net_value_per_1k_leads,5167.427544478464,1869.4540621235494,9199.781066930687,11.75523351012552,8,better
lead_very_rare_outcome|very_rare_outcome|0.25,t_learner,hist_profit_per_agent_hour,net_value_per_1k_leads,2292.017679657403,-75.22371131489831,5204.064357169389,5.214045635240377,8,no meaningful evidence of difference
lead_very_rare_outcome|very_rare_outcome|0.25,x_learner,hist_profit_per_agent_hour,net_value_per_1k_leads,1645.3104571447284,-113.82966765039487,3690.7561360443424,3.7428698233135433,8,no meaningful evidence of difference
lead_agent_time_heterogeneity|agent_time_heterogeneity|0.25,call_everyone,lead_score_gbm,net_value_per_1k_leads,-9482.663273668431,-17085.433596871342,-1879.4440787111562,-4.68746140115855,8,worse
lead_agent_time_heterogeneity|agent_time_heterogeneity|0.25,causal_forest,lead_score_gbm,net_value_per_1k_leads,18283.056932538995,7490.592112143731,29973.834574301298,9.037663912883698,8,better
lead_agent_time_heterogeneity|agent_time_heterogeneity|0.25,class_transformation,lead_score_gbm,net_value_per_1k_leads,11365.250697901649,171.60460660586463,23179.21245850603,5.61806028785569,8,better
lead_agent_time_heterogeneity|agent_time_heterogeneity|0.25,do_nothing,lead_score_gbm,net_value_per_1k_leads,-39205.093417391516,-48258.46038744255,-31557.505646163947,-19.379825774594263,8,worse
lead_agent_time_heterogeneity|agent_time_heterogeneity|0.25,dr_learner,lead_score_gbm,net_value_per_1k_leads,17477.321023410448,6050.249801565959,29916.72503506511,8.639373278220429,8,better
lead_agent_time_heterogeneity|agent_time_heterogeneity|0.25,existing_policy_capped,lead_score_gbm,net_value_per_1k_leads,-344.941408264689,-9401.968584800028,8754.919825203404,-0.17051112016091804,8,no meaningful evidence of difference
lead_agent_time_heterogeneity|agent_time_heterogeneity|0.25,existing_policy_replay,lead_score_gbm,net_value_per_1k_leads,-8013.753696697731,-15950.638089550126,-190.28173735538834,-3.9613513680245136,8,worse
lead_agent_time_heterogeneity|agent_time_heterogeneity|0.25,fifo,lead_score_gbm,net_value_per_1k_leads,-11345.725769516614,-20347.747448364455,-3561.971088267924,-5.608408743186865,8,worse
lead_agent_time_heterogeneity|agent_time_heterogeneity|0.25,funnel_ev_gbm,lead_score_gbm,net_value_per_1k_leads,24434.891704011745,14697.278981374744,35778.0623007092,12.078633227660173,8,better
lead_agent_time_heterogeneity|agent_time_heterogeneity|0.25,hist_conversion_rate,lead_score_gbm,net_value_per_1k_leads,5413.315138349559,-5889.949024533837,16017.998453434691,2.6759049679409777,8,no meaningful evidence of difference
lead_agent_time_heterogeneity|agent_time_heterogeneity|0.25,hist_net_profit,lead_score_gbm,net_value_per_1k_leads,3072.302484817241,-6798.232683742995,12388.397736323595,1.5186977428855888,8,no meaningful evidence of difference
lead_agent_time_heterogeneity|agent_time_heterogeneity|0.25,hist_profit_per_agent_hour,lead_score_gbm,net_value_per_1k_leads,3409.953252231093,-4969.082410756624,12203.41517006514,1.685604960156387,8,no meaningful evidence of difference
lead_agent_time_heterogeneity|agent_time_heterogeneity|0.25,hist_roas,lead_score_gbm,net_value_per_1k_leads,-1420.9671799173175,-8008.439383535221,5863.798074040307,-0.7024111914498883,8,no meaningful evidence of difference
lead_agent_time_heterogeneity|agent_time_heterogeneity|0.25,last_click_attribution,lead_score_gbm,net_value_per_1k_leads,-5066.177786130582,-12027.85567482419,1426.735847063912,-2.5043083507811925,8,no meaningful evidence of difference
lead_agent_time_heterogeneity|agent_time_heterogeneity|0.25,lead_score_logit,lead_score_gbm,net_value_per_1k_leads,-1028.0847614448412,-5683.274684316941,3123.976995696927,-0.5082019151490639,8,no meaningful evidence of difference
lead_agent_time_heterogeneity|agent_time_heterogeneity|0.25,lowest_cpl,lead_score_gbm,net_value_per_1k_leads,-4079.8203924004865,-18224.275642810262,9924.59096723878,-2.0167330697210932,8,no meaningful evidence of difference
lead_agent_time_heterogeneity|agent_time_heterogeneity|0.25,oracle,lead_score_gbm,net_value_per_1k_leads,68807.42923543643,50530.68376931528,90021.58966778213,34.01282523124781,8,better
lead_agent_time_heterogeneity|agent_time_heterogeneity|0.25,propensity_ev_gbm,lead_score_gbm,net_value_per_1k_leads,23194.653600751386,14548.68829469017,33918.72186714046,11.465559867413141,8,better
lead_agent_time_heterogeneity|agent_time_heterogeneity|0.25,propensity_ev_logit,lead_score_gbm,net_value_per_1k_leads,26723.02164255597,17725.799543334124,36697.47793815423,13.209699517606806,8,better
lead_agent_time_heterogeneity|agent_time_heterogeneity|0.25,random,lead_score_gbm,net_value_per_1k_leads,-9742.0294045586,-18402.394428276082,-795.5846408859722,-4.815671028794644,8,worse
lead_agent_time_heterogeneity|agent_time_heterogeneity|0.25,s_learner,lead_score_gbm,net_value_per_1k_leads,26557.34883766937,14635.557568575667,41587.13251954962,13.12780428883874,8,better
lead_agent_time_heterogeneity|agent_time_heterogeneity|0.25,t_learner,lead_score_gbm,net_value_per_1k_leads,18820.748949471825,8889.760639886144,30984.252225818185,9.303455336911421,8,better
lead_agent_time_heterogeneity|agent_time_heterogeneity|0.25,x_learner,lead_score_gbm,net_value_per_1k_leads,24506.265363063223,11983.487848494944,38894.70795478307,12.113914589257421,8,better
lead_capacity_value_heterogeneity|capacity_value_heterogeneity|0.25,call_everyone,lead_score_gbm,net_value_per_1k_leads,-7896.745443071806,-34454.81048645516,14483.722561635186,-1.83929194329453,8,no meaningful evidence of difference
lead_capacity_value_heterogeneity|capacity_value_heterogeneity|0.25,causal_forest,lead_score_gbm,net_value_per_1k_leads,82242.69150039586,55185.02494490356,109058.59944378439,19.155780183372958,8,better
lead_capacity_value_heterogeneity|capacity_value_heterogeneity|0.25,class_transformation,lead_score_gbm,net_value_per_1k_leads,47217.066345905114,26308.29327853772,69067.85570519391,10.997691434035106,8,better
lead_capacity_value_heterogeneity|capacity_value_heterogeneity|0.25,do_nothing,lead_score_gbm,net_value_per_1k_leads,-54871.73153593982,-80230.10460155857,-34887.85266624642,-12.780598596757471,8,worse
lead_capacity_value_heterogeneity|capacity_value_heterogeneity|0.25,dr_learner,lead_score_gbm,net_value_per_1k_leads,78403.03228358565,52253.81268972166,105590.38941353184,18.261455513369615,8,better
lead_capacity_value_heterogeneity|capacity_value_heterogeneity|0.25,existing_policy_capped,lead_score_gbm,net_value_per_1k_leads,123.466077674806,-18776.851407486516,18506.115260088158,0.028757437298005395,8,no meaningful evidence of difference
lead_capacity_value_heterogeneity|capacity_value_heterogeneity|0.25,existing_policy_replay,lead_score_gbm,net_value_per_1k_leads,-6118.682349165523,-27576.404456711534,13891.022919001654,-1.4251495416092343,8,no meaningful evidence of difference
lead_capacity_value_heterogeneity|capacity_value_heterogeneity|0.25,fifo,lead_score_gbm,net_value_per_1k_leads,-14863.457796968334,-33861.803896862795,1239.9028459227702,-3.4619627000193183,8,no meaningful evidence of difference
lead_capacity_value_heterogeneity|capacity_value_heterogeneity|0.25,funnel_ev_gbm,lead_score_gbm,net_value_per_1k_leads,50533.338370527745,32422.88454059625,69027.7108877319,11.770109952605045,8,better
lead_capacity_value_heterogeneity|capacity_value_heterogeneity|0.25,hist_conversion_rate,lead_score_gbm,net_value_per_1k_leads,11595.775329900767,-16566.705367443217,36737.21851683513,2.7008615504064455,8,no meaningful evidence of difference
lead_capacity_value_heterogeneity|capacity_value_heterogeneity|0.25,hist_net_profit,lead_score_gbm,net_value_per_1k_leads,10674.046708371417,-8254.793372486689,28891.936879720197,2.486174621505844,8,no meaningful evidence of difference
lead_capacity_value_heterogeneity|capacity_value_heterogeneity|0.25,hist_profit_per_agent_hour,lead_score_gbm,net_value_per_1k_leads,10869.698869481545,-8423.196158139428,29197.554307470193,2.5317454767666963,8,no meaningful evidence of difference
lead_capacity_value_heterogeneity|capacity_value_heterogeneity|0.25,hist_roas,lead_score_gbm,net_value_per_1k_leads,4422.03768879376,-9775.11695342714,17846.383741726124,1.0299709358212839,8,no meaningful evidence of difference
lead_capacity_value_heterogeneity|capacity_value_heterogeneity|0.25,last_click_attribution,lead_score_gbm,net_value_per_1k_leads,-8099.9570399802,-27502.97797543662,12195.303137264358,-1.8866235251053054,8,no meaningful evidence of difference
lead_capacity_value_heterogeneity|capacity_value_heterogeneity|0.25,lead_score_logit,lead_score_gbm,net_value_per_1k_leads,-1150.5369308034933,-6458.362272459409,3732.0998282855144,-0.26798043859274984,8,no meaningful evidence of difference
lead_capacity_value_heterogeneity|capacity_value_heterogeneity|0.25,lowest_cpl,lead_score_gbm,net_value_per_1k_leads,-3992.317013698452,-32520.03826770348,22371.752488061647,-0.9298813759807387,8,no meaningful evidence of difference
lead_capacity_value_heterogeneity|capacity_value_heterogeneity|0.25,oracle,lead_score_gbm,net_value_per_1k_leads,153542.50423416344,118838.84018305712,189419.6674694247,35.7627699951927,8,better
lead_capacity_value_heterogeneity|capacity_value_heterogeneity|0.25,propensity_ev_gbm,lead_score_gbm,net_value_per_1k_leads,49801.07243500496,34592.93157653482,65268.39171678586,11.599552240536745,8,better
lead_capacity_value_heterogeneity|capacity_value_heterogeneity|0.25,propensity_ev_logit,lead_score_gbm,net_value_per_1k_leads,39495.889948242024,25427.81210747405,54909.93455869011,9.199292632483607,8,better
lead_capacity_value_heterogeneity|capacity_value_heterogeneity|0.25,random,lead_score_gbm,net_value_per_1k_leads,-8860.908038620157,-25976.28957607386,9790.320935168394,-2.063862496670274,8,no meaningful evidence of difference
lead_capacity_value_heterogeneity|capacity_value_heterogeneity|0.25,s_learner,lead_score_gbm,net_value_per_1k_leads,82540.53429546984,53771.00013071181,113723.28981915105,19.22515304809263,8,better
lead_capacity_value_heterogeneity|capacity_value_heterogeneity|0.25,t_learner,lead_score_gbm,net_value_per_1k_leads,71933.70073482697,47625.78498752779,96708.60327470214,16.75463355970356,8,better
lead_capacity_value_heterogeneity|capacity_value_heterogeneity|0.25,x_learner,lead_score_gbm,net_value_per_1k_leads,82304.6400361147,57618.08268678458,106953.75801009484,19.17020909506423,8,better
lead_concept_drift|concept_drift|0.25,call_everyone,lead_score_gbm,net_value_per_1k_leads,-1761.7125845358291,-3318.4584274625877,-702.7397486671102,-2.334898349486193,8,worse
lead_concept_drift|concept_drift|0.25,causal_forest,lead_score_gbm,net_value_per_1k_leads,-614.5892128300948,-1528.9214880481316,415.109353137228,-0.8145502003251553,8,no meaningful evidence of difference
lead_concept_drift|concept_drift|0.25,class_transformation,lead_score_gbm,net_value_per_1k_leads,-1308.4277432235954,-2086.2028673828895,-597.7880848030909,-1.734134049385616,8,statistically worse but below practical threshold
lead_concept_drift|concept_drift|0.25,do_nothing,lead_score_gbm,net_value_per_1k_leads,-1844.0009440034169,-3638.9965982251015,-261.3788365397216,-2.443959814102693,8,worse
lead_concept_drift|concept_drift|0.25,dr_learner,lead_score_gbm,net_value_per_1k_leads,-594.0291996922133,-1434.072380410672,272.04250220137146,-0.7873008401500379,8,no meaningful evidence of difference
lead_concept_drift|concept_drift|0.25,existing_policy_capped,lead_score_gbm,net_value_per_1k_leads,-1715.3201902480855,-2844.755655485696,-905.3697090025612,-2.273411858555718,8,worse
lead_concept_drift|concept_drift|0.25,existing_policy_replay,lead_score_gbm,net_value_per_1k_leads,-1665.8588486841081,-2479.9271546410732,-881.8261089181676,-2.207857916445728,8,worse
lead_concept_drift|concept_drift|0.25,fifo,lead_score_gbm,net_value_per_1k_leads,-1881.300802042931,-2842.2514005233597,-924.3438415798246,-2.4933954472116415,8,worse
lead_concept_drift|concept_drift|0.25,funnel_ev_gbm,lead_score_gbm,net_value_per_1k_leads,170.26756533977596,-171.26134732180049,545.3534437073695,0.22566533313810816,8,no meaningful evidence of difference
lead_concept_drift|concept_drift|0.25,hist_conversion_rate,lead_score_gbm,net_value_per_1k_leads,-1155.4866286344936,-1934.8815324205889,-453.9847861406279,-1.5314324514307145,8,statistically worse but below practical threshold
lead_concept_drift|concept_drift|0.25,hist_net_profit,lead_score_gbm,net_value_per_1k_leads,-1330.857521226671,-2459.240346777982,-441.4022557304261,-1.7638615157716961,8,statistically worse but below practical threshold
lead_concept_drift|concept_drift|0.25,hist_profit_per_agent_hour,lead_score_gbm,net_value_per_1k_leads,-1334.0754501012002,-2462.458275652511,-446.2367265013717,-1.7681264207759833,8,statistically worse but below practical threshold
lead_concept_drift|concept_drift|0.25,hist_roas,lead_score_gbm,net_value_per_1k_leads,-1514.6587267919294,-2930.2943918283127,-400.94715515594436,-2.0074637555893604,8,worse
lead_concept_drift|concept_drift|0.25,last_click_attribution,lead_score_gbm,net_value_per_1k_leads,-1655.605923823241,-2540.1057912747865,-891.6664708563576,-2.1942691292932808,8,worse
lead_concept_drift|concept_drift|0.25,lead_score_logit,lead_score_gbm,net_value_per_1k_leads,304.69959978294037,-123.99896051643871,945.326771315019,0.40383578959886907,8,no meaningful evidence of difference
lead_concept_drift|concept_drift|0.25,lowest_cpl,lead_score_gbm,net_value_per_1k_leads,-2009.5382689524567,-3378.845759382353,-826.604812405011,-2.6633558893732285,8,worse
lead_concept_drift|concept_drift|0.25,oracle,lead_score_gbm,net_value_per_1k_leads,1154.044044227653,745.907032847817,1688.3790772474238,1.5295205118895583,8,statistically better but below practical threshold
lead_concept_drift|concept_drift|0.25,propensity_ev_gbm,lead_score_gbm,net_value_per_1k_leads,294.10789028044155,-211.26325032856175,910.8738100489413,0.389797991803301,8,no meaningful evidence of difference
lead_concept_drift|concept_drift|0.25,propensity_ev_logit,lead_score_gbm,net_value_per_1k_leads,450.43415933668484,-142.89364142743625,1213.5298918089356,0.5969861283953589,8,no meaningful evidence of difference
lead_concept_drift|concept_drift|0.25,random,lead_score_gbm,net_value_per_1k_leads,-2330.340951372883,-3603.9266181431503,-1149.656984747568,-3.088534014493764,8,worse
lead_concept_drift|concept_drift|0.25,s_learner,lead_score_gbm,net_value_per_1k_leads,-293.02863282283124,-896.401706005533,237.71346085279674,-0.3883675902278312,8,no meaningful evidence of difference
lead_concept_drift|concept_drift|0.25,t_learner,lead_score_gbm,net_value_per_1k_leads,-794.4821592123872,-1561.4083389485158,-91.2937873533284,-1.0529726009364853,8,statistically worse but below practical threshold
lead_concept_drift|concept_drift|0.25,x_learner,lead_score_gbm,net_value_per_1k_leads,-499.48412875758686,-1473.3459810856607,346.5458641307376,-0.6619948554990412,8,no meaningful evidence of difference
lead_delayed_censored|delayed_censored|0.25,call_everyone,lead_score_gbm,net_value_per_1k_leads,-30822.4292309006,-35592.23558677231,-26727.873655254753,-13.742793682520924,8,worse
lead_delayed_censored|delayed_censored|0.25,causal_forest,lead_score_gbm,net_value_per_1k_leads,-76.87264022868112,-6708.986086225319,6365.806082771556,-0.034275197019003896,8,no meaningful evidence of difference
lead_delayed_censored|delayed_censored|0.25,class_transformation,lead_score_gbm,net_value_per_1k_leads,-12312.72953575573,-17489.008767534324,-6180.957226190814,-5.489875584138974,8,worse
lead_delayed_censored|delayed_censored|0.25,do_nothing,lead_score_gbm,net_value_per_1k_leads,-61187.27734010573,-70422.65369476278,-53167.47461164745,-27.281565712453446,8,worse
lead_delayed_censored|delayed_censored|0.25,dr_learner,lead_score_gbm,net_value_per_1k_leads,-1582.5906948108477,-8578.340390548809,5307.181236167517,-0.7056295673430742,8,no meaningful evidence of difference
lead_delayed_censored|delayed_censored|0.25,existing_policy_capped,lead_score_gbm,net_value_per_1k_leads,-22120.951887835112,-26726.45250937361,-18156.958567471866,-9.86306678095038,8,worse
lead_delayed_censored|delayed_censored|0.25,existing_policy_replay,lead_score_gbm,net_value_per_1k_leads,-28877.53809839885,-31587.71578681959,-26259.38303633333,-12.875625252391478,8,worse
lead_delayed_censored|delayed_censored|0.25,fifo,lead_score_gbm,net_value_per_1k_leads,-32623.088136267885,-36884.618572274216,-27444.525061538385,-14.545653302821316,8,worse
lead_delayed_censored|delayed_censored|0.25,funnel_ev_gbm,lead_score_gbm,net_value_per_1k_leads,5842.227864455641,2112.843187282218,8821.285226599504,2.604873599871763,8,better
lead_delayed_censored|delayed_censored|0.25,hist_conversion_rate,lead_score_gbm,net_value_per_1k_leads,-14252.31617934946,-19864.436989926893,-9330.874972939526,-6.35467890228753,8,worse
lead_delayed_censored|delayed_censored|0.25,hist_net_profit,lead_score_gbm,net_value_per_1k_leads,-16791.87465924748,-21395.420403731383,-12441.138886309473,-7.486991607833329,8,worse
lead_delayed_censored|delayed_censored|0.25,hist_profit_per_agent_hour,lead_score_gbm,net_value_per_1k_leads,-16791.87465924748,-21395.420403731383,-12441.138886309473,-7.486991607833329,8,worse
lead_delayed_censored|delayed_censored|0.25,hist_roas,lead_score_gbm,net_value_per_1k_leads,-22915.462249792698,-29243.41400838553,-17344.11845356321,-10.217315042864195,8,worse
lead_delayed_censored|delayed_censored|0.25,last_click_attribution,lead_score_gbm,net_value_per_1k_leads,-26168.818813423117,-29056.54291650939,-22752.48812527921,-11.667888834264923,8,worse
lead_delayed_censored|delayed_censored|0.25,lead_score_logit,lead_score_gbm,net_value_per_1k_leads,2931.714422664618,-90.75488464444355,5937.419962578477,1.3071632396306603,8,no meaningful evidence of difference
lead_delayed_censored|delayed_censored|0.25,lowest_cpl,lead_score_gbm,net_value_per_1k_leads,-25077.508245009474,-34236.10330001135,-15768.11203129526,-11.181306291633025,8,worse
lead_delayed_censored|delayed_censored|0.25,oracle,lead_score_gbm,net_value_per_1k_leads,47880.62652091232,35780.76516276995,62039.62059251061,21.348530537205523,8,better
lead_delayed_censored|delayed_censored|0.25,propensity_ev_gbm,lead_score_gbm,net_value_per_1k_leads,6181.57610659537,1178.518945799784,11486.591385536085,2.7561787693415662,8,better
lead_delayed_censored|delayed_censored|0.25,propensity_ev_logit,lead_score_gbm,net_value_per_1k_leads,10157.088611512028,5322.142664587129,14450.555751066686,4.528740163775019,8,better
lead_delayed_censored|delayed_censored|0.25,random,lead_score_gbm,net_value_per_1k_leads,-31001.07841142384,-34398.67834999498,-27393.06418065569,-13.822447976187725,8,worse
lead_delayed_censored|delayed_censored|0.25,s_learner,lead_score_gbm,net_value_per_1k_leads,8640.739762976647,2975.743747005813,15328.831106649308,3.8526458423300958,8,better
lead_delayed_censored|delayed_censored|0.25,t_learner,lead_score_gbm,net_value_per_1k_leads,2143.5135201359935,-4084.7845875389853,11499.975190301551,0.9557281758113518,8,no meaningful evidence of difference
lead_delayed_censored|delayed_censored|0.25,x_learner,lead_score_gbm,net_value_per_1k_leads,2509.8009579266745,-3142.813788493098,9023.832112526195,1.11904472196502,8,no meaningful evidence of difference
lead_easy_randomized|easy_randomized|0.25,call_everyone,lead_score_gbm,net_value_per_1k_leads,-30938.172545527574,-36442.21188311212,-25990.629429833723,-13.787287729157633,8,worse
lead_easy_randomized|easy_randomized|0.25,causal_forest,lead_score_gbm,net_value_per_1k_leads,-608.4584779596171,-9413.332843788028,8918.971462485839,-0.2711534462654379,8,no meaningful evidence of difference
lead_easy_randomized|easy_randomized|0.25,class_transformation,lead_score_gbm,net_value_per_1k_leads,-12030.903057293153,-19108.92987280369,-3399.3793131049733,-5.3614518390964765,8,worse
lead_easy_randomized|easy_randomized|0.25,do_nothing,lead_score_gbm,net_value_per_1k_leads,-61302.97645879528,-69684.26495766922,-53816.246219556146,-27.319059451472672,8,worse
lead_easy_randomized|easy_randomized|0.25,dr_learner,lead_score_gbm,net_value_per_1k_leads,-1710.578075108382,-10229.840492641159,8062.467518264981,-0.7623020419193188,8,no meaningful evidence of difference
lead_easy_randomized|easy_randomized|0.25,existing_policy_capped,lead_score_gbm,net_value_per_1k_leads,-21963.647285577492,-26310.056966204105,-17611.370784835755,-9.787880142641601,8,worse
lead_easy_randomized|easy_randomized|0.25,existing_policy_replay,lead_score_gbm,net_value_per_1k_leads,-28993.237217088405,-32534.105425971597,-25503.513310564125,-12.92054671695551,8,worse
lead_easy_randomized|easy_randomized|0.25,fifo,lead_score_gbm,net_value_per_1k_leads,-32738.330927350795,-37606.96512088172,-27908.99322165249,-14.58951034045532,8,worse
lead_easy_randomized|easy_randomized|0.25,funnel_ev_gbm,lead_score_gbm,net_value_per_1k_leads,6812.95210670933,1982.7295980508534,12641.426658087214,3.0361240904563713,8,better
lead_easy_randomized|easy_randomized|0.25,hist_conversion_rate,lead_score_gbm,net_value_per_1k_leads,-14626.922099384441,-20680.03881412997,-9440.313864591693,-6.518341808308924,8,worse
lead_easy_randomized|easy_randomized|0.25,hist_net_profit,lead_score_gbm,net_value_per_1k_leads,-18121.479505200266,-23389.313408846472,-13400.386223425297,-8.07565642891687,8,worse
lead_easy_randomized|easy_randomized|0.25,hist_profit_per_agent_hour,lead_score_gbm,net_value_per_1k_leads,-18488.144368070527,-23641.971139507234,-13816.967406852094,-8.239056964521394,8,worse
lead_easy_randomized|easy_randomized|0.25,hist_roas,lead_score_gbm,net_value_per_1k_leads,-22785.714092524307,-28706.6947296059,-17359.998991639768,-10.154226008199329,8,worse
lead_easy_randomized|easy_randomized|0.25,last_click_attribution,lead_score_gbm,net_value_per_1k_leads,-26284.834948545216,-29467.07242311494,-22418.9134536978,-11.713574284832774,8,worse
lead_easy_randomized|easy_randomized|0.25,lead_score_logit,lead_score_gbm,net_value_per_1k_leads,2239.615776706156,994.0329609100809,3707.962863742454,0.9980624120823316,8,statistically better but below practical threshold
lead_easy_randomized|easy_randomized|0.25,lowest_cpl,lead_score_gbm,net_value_per_1k_leads,-24970.6256561736,-34279.71143105072,-15704.045702409956,-11.127910033862676,8,worse
lead_easy_randomized|easy_randomized|0.25,oracle,lead_score_gbm,net_value_per_1k_leads,47764.92740222276,34574.00488320337,63155.909810284415,21.285963044122038,8,better
lead_easy_randomized|easy_randomized|0.25,propensity_ev_gbm,lead_score_gbm,net_value_per_1k_leads,6375.122940927304,1737.0937413934553,11706.046494338862,2.8410098937154107,8,better
lead_easy_randomized|easy_randomized|0.25,propensity_ev_logit,lead_score_gbm,net_value_per_1k_leads,9922.792276379423,3961.8978746524554,16213.405843472152,4.421993315532244,8,better
lead_easy_randomized|easy_randomized|0.25,random,lead_score_gbm,net_value_per_1k_leads,-31116.87323715063,-35299.088901796735,-26513.13256281834,-13.866923908352796,8,worse
lead_easy_randomized|easy_randomized|0.25,s_learner,lead_score_gbm,net_value_per_1k_leads,9456.626786226294,1564.1154077271422,20039.51588887979,4.214251318725969,8,better
lead_easy_randomized|easy_randomized|0.25,t_learner,lead_score_gbm,net_value_per_1k_leads,2489.8037337930564,-3951.321035555411,10871.261581668965,1.1095561774510263,8,no meaningful evidence of difference
lead_easy_randomized|easy_randomized|0.25,x_learner,lead_score_gbm,net_value_per_1k_leads,4816.327761150715,-3368.9913139464225,15121.94147347764,2.1463483838030983,8,no meaningful evidence of difference
lead_hidden_confounding|hidden_confounding|0.25,call_everyone,lead_score_gbm,net_value_per_1k_leads,-22292.873968884855,-28211.694825646453,-16734.51392875027,-8.426988460484246,8,worse
lead_hidden_confounding|hidden_confounding|0.25,causal_forest,lead_score_gbm,net_value_per_1k_leads,2286.552038200389,-4408.921709664418,8949.221148748624,0.864345605107069,8,no meaningful evidence of difference
lead_hidden_confounding|hidden_confounding|0.25,class_transformation,lead_score_gbm,net_value_per_1k_leads,-20944.918973271226,-26732.74757224456,-15089.350817814142,-7.917444414743769,8,worse
lead_hidden_confounding|hidden_confounding|0.25,do_nothing,lead_score_gbm,net_value_per_1k_leads,-54229.37319287006,-63626.59636073966,-45449.497697251165,-20.499389300520477,8,worse
lead_hidden_confounding|hidden_confounding|0.25,dr_learner,lead_score_gbm,net_value_per_1k_leads,2955.7769737881827,-3136.5248486415876,9059.343713873135,1.1173210993182696,8,no meaningful evidence of difference
lead_hidden_confounding|hidden_confounding|0.25,existing_policy_capped,lead_score_gbm,net_value_per_1k_leads,-1304.595688360274,-7865.026541819976,5248.298658396875,-0.4931536789179393,8,no meaningful evidence of difference
lead_hidden_confounding|hidden_confounding|0.25,existing_policy_replay,lead_score_gbm,net_value_per_1k_leads,-6458.675592131331,-14414.645005272514,749.8937460081784,-2.441461103708225,8,no meaningful evidence of difference
lead_hidden_confounding|hidden_confounding|0.25,fifo,lead_score_gbm,net_value_per_1k_leads,-21027.027760232093,-30365.3836755428,-13036.290301462024,-7.948482575242471,8,worse
lead_hidden_confounding|hidden_confounding|0.25,funnel_ev_gbm,lead_score_gbm,net_value_per_1k_leads,7188.176923342649,3254.6408802967658,11574.930066252386,2.717221838219442,8,better
lead_hidden_confounding|hidden_confounding|0.25,hist_conversion_rate,lead_score_gbm,net_value_per_1k_leads,-11567.199350994284,-20204.56609979103,-3981.5755010390203,-4.372547729243083,8,worse
lead_hidden_confounding|hidden_confounding|0.25,hist_net_profit,lead_score_gbm,net_value_per_1k_leads,-13316.670893904593,-24118.9525943269,-4286.395471953754,-5.033870110764095,8,worse
lead_hidden_confounding|hidden_confounding|0.25,hist_profit_per_agent_hour,lead_score_gbm,net_value_per_1k_leads,-13852.918817112128,-24485.676824109058,-4920.613213596557,-5.236578611567349,8,worse
lead_hidden_confounding|hidden_confounding|0.25,hist_roas,lead_score_gbm,net_value_per_1k_leads,-16834.807296570223,-25903.400620130302,-8499.852287833066,-6.363770190451123,8,worse
lead_hidden_confounding|hidden_confounding|0.25,last_click_attribution,lead_score_gbm,net_value_per_1k_leads,-19721.5611552112,-28085.69346992977,-11941.396053348191,-7.454999678805995,8,worse
lead_hidden_confounding|hidden_confounding|0.25,lead_score_logit,lead_score_gbm,net_value_per_1k_leads,1308.7174425590674,-2117.9968224343866,4239.98194627,0.4947117541629107,8,no meaningful evidence of difference
lead_hidden_confounding|hidden_confounding|0.25,lowest_cpl,lead_score_gbm,net_value_per_1k_leads,-19515.25806126841,-30841.620867421567,-8409.066650789613,-7.377014498678722,8,worse
lead_hidden_confounding|hidden_confounding|0.25,oracle,lead_score_gbm,net_value_per_1k_leads,60114.86745788774,50515.78953361645,71064.1371234394,22.72418060938334,8,better
lead_hidden_confounding|hidden_confounding|0.25,propensity_ev_gbm,lead_score_gbm,net_value_per_1k_leads,5047.1358052299365,1232.3015449295635,9333.554453736804,1.9078812022412874,8,statistically better but below practical threshold
lead_hidden_confounding|hidden_confounding|0.25,propensity_ev_logit,lead_score_gbm,net_value_per_1k_leads,8631.154467820288,4231.403039104665,13890.227058221513,3.262685609872354,8,better
lead_hidden_confounding|hidden_confounding|0.25,random,lead_score_gbm,net_value_per_1k_leads,-21995.520076099645,-28296.63682155179,-16236.4507622872,-8.31458492621233,8,worse
lead_hidden_confounding|hidden_confounding|0.25,s_learner,lead_score_gbm,net_value_per_1k_leads,5850.118519871496,-86.79634091892149,13398.734155574275,2.211418829543059,8,no meaningful evidence of difference
lead_hidden_confounding|hidden_confounding|0.25,t_learner,lead_score_gbm,net_value_per_1k_leads,5362.7819544359845,138.67312649271122,11704.766901672665,2.0271994409155947,8,better
lead_hidden_confounding|hidden_confounding|0.25,x_learner,lead_score_gbm,net_value_per_1k_leads,5042.922107316175,-858.6120699404773,12400.268225631962,1.9062883711085767,8,no meaningful evidence of difference
lead_misleading_attribution|misleading_attribution|0.25,call_everyone,lead_score_gbm,net_value_per_1k_leads,-30570.24185703907,-34391.552619874616,-26638.571437635346,-13.476403266446031,8,worse
lead_misleading_attribution|misleading_attribution|0.25,causal_forest,lead_score_gbm,net_value_per_1k_leads,-3207.058542782055,-5761.583918568918,-832.0788826180687,-1.413780578634187,8,statistically worse but below practical threshold
lead_misleading_attribution|misleading_attribution|0.25,class_transformation,lead_score_gbm,net_value_per_1k_leads,-17047.340439338743,-21154.879565084037,-13291.929214643422,-7.515047982128516,8,worse
lead_misleading_attribution|misleading_attribution|0.25,do_nothing,lead_score_gbm,net_value_per_1k_leads,-60442.79983124054,-67357.24095758036,-55203.4807637483,-26.645243727154746,8,worse
lead_misleading_attribution|misleading_attribution|0.25,dr_learner,lead_score_gbm,net_value_per_1k_leads,-7263.200962252489,-12132.0610616298,-2719.9661495760556,-3.201866234172931,8,worse
lead_misleading_attribution|misleading_attribution|0.25,existing_policy_capped,lead_score_gbm,net_value_per_1k_leads,-22748.883408411028,-25397.151553736847,-20077.052219821777,-10.0284822117794,8,worse
lead_misleading_attribution|misleading_attribution|0.25,existing_policy_replay,lead_score_gbm,net_value_per_1k_leads,-28728.41402054752,-31772.174608368157,-25635.062623137735,-12.664462857600013,8,worse
lead_misleading_attribution|misleading_attribution|0.25,fifo,lead_score_gbm,net_value_per_1k_leads,-31229.45012726489,-35517.05469118686,-26990.708184619885,-13.767004712377803,8,worse
lead_misleading_attribution|misleading_attribution|0.25,funnel_ev_gbm,lead_score_gbm,net_value_per_1k_leads,5393.794905985815,661.6169227052109,9883.328370936986,2.377768407246995,8,better
lead_misleading_attribution|misleading_attribution|0.25,hist_conversion_rate,lead_score_gbm,net_value_per_1k_leads,-15314.624249496626,-18260.69189698866,-12284.640038186344,-6.751207701446029,8,worse
lead_misleading_attribution|misleading_attribution|0.25,hist_net_profit,lead_score_gbm,net_value_per_1k_leads,-15492.1558928482,-19176.553237477856,-11895.434839007561,-6.829469693272888,8,worse
lead_misleading_attribution|misleading_attribution|0.25,hist_profit_per_agent_hour,lead_score_gbm,net_value_per_1k_leads,-15229.277078597665,-18981.097170226472,-11719.538509917587,-6.71358376317091,8,worse
lead_misleading_attribution|misleading_attribution|0.25,hist_roas,lead_score_gbm,net_value_per_1k_leads,-21162.963887686332,-26097.205194099028,-16121.037846159055,-9.329354900017762,8,worse
lead_misleading_attribution|misleading_attribution|0.25,last_click_attribution,lead_score_gbm,net_value_per_1k_leads,-25646.44135535059,-29327.81202502325,-21893.448134674138,-11.305824391912058,8,worse
lead_misleading_attribution|misleading_attribution|0.25,lead_score_logit,lead_score_gbm,net_value_per_1k_leads,4913.260040465288,1887.311110354014,8133.31399968632,2.1659322804140335,8,better
lead_misleading_attribution|misleading_attribution|0.25,lowest_cpl,lead_score_gbm,net_value_per_1k_leads,-29534.970909172844,-37467.99408152402,-22266.586282939403,-13.02002059048534,8,worse
lead_misleading_attribution|misleading_attribution|0.25,oracle,lead_score_gbm,net_value_per_1k_leads,45230.544194657145,34760.5542774702,59825.120528892956,19.93916359505857,8,better
lead_misleading_attribution|misleading_attribution|0.25,propensity_ev_gbm,lead_score_gbm,net_value_per_1k_leads,4940.5405861101535,788.1443612180192,8572.163402496037,2.17795847360407,8,better
lead_misleading_attribution|misleading_attribution|0.25,propensity_ev_logit,lead_score_gbm,net_value_per_1k_leads,8132.165996336418,4044.9344521164676,12412.638229092503,3.5849356020412,8,better
lead_misleading_attribution|misleading_attribution|0.25,random,lead_score_gbm,net_value_per_1k_leads,-30789.635050615907,-33759.9760248064,-27951.24450440884,-13.573119254640744,8,worse
lead_misleading_attribution|misleading_attribution|0.25,s_learner,lead_score_gbm,net_value_per_1k_leads,3875.461182984789,-154.21709785081111,7368.575145885539,1.708435215841618,8,no meaningful evidence of difference
lead_misleading_attribution|misleading_attribution|0.25,t_learner,lead_score_gbm,net_value_per_1k_leads,71.22512701481173,-4866.053353211533,4939.245919092002,0.03139846059590223,8,no meaningful evidence of difference
lead_misleading_attribution|misleading_attribution|0.25,x_learner,lead_score_gbm,net_value_per_1k_leads,-31.188626527226006,-3959.298996219506,3258.5216820829046,-0.01374900827978545,8,no meaningful evidence of difference
lead_negative_control_null_effect|negative_control_null_effect|0.25,call_everyone,lead_score_gbm,net_value_per_1k_leads,-3.625566804948903,-12.32152608143042,3.604771187874845,-0.002242557590211193,8,no meaningful evidence of difference
lead_negative_control_null_effect|negative_control_null_effect|0.25,causal_forest,lead_score_gbm,net_value_per_1k_leads,35.201895631311345,-12.193934705490118,99.22081222956331,0.02177377565628171,8,no meaningful evidence of difference
lead_negative_control_null_effect|negative_control_null_effect|0.25,class_transformation,lead_score_gbm,net_value_per_1k_leads,-5.229215641064002,-14.478900920786145,3.0851687020403915,-0.0032344783195587643,8,no meaningful evidence of difference
lead_negative_control_null_effect|negative_control_null_effect|0.25,do_nothing,lead_score_gbm,net_value_per_1k_leads,1422.3209721537423,1408.4794178968205,1436.2850143112537,0.8797622174458569,8,statistically better but below practical threshold
lead_negative_control_null_effect|negative_control_null_effect|0.25,dr_learner,lead_score_gbm,net_value_per_1k_leads,354.62839320747844,75.61648206436075,709.2542935566271,0.21935179729864016,8,statistically better but below practical threshold
lead_negative_control_null_effect|negative_control_null_effect|0.25,existing_policy_capped,lead_score_gbm,net_value_per_1k_leads,-12.170717922108452,-20.848680196195346,-4.445448903521371,-0.007528074180646181,8,statistically worse but below practical threshold
lead_negative_control_null_effect|negative_control_null_effect|0.25,existing_policy_replay,lead_score_gbm,net_value_per_1k_leads,-12.393586816431707,-21.220123840766973,-4.481432947887522,-0.007665927475723897,8,statistically worse but below practical threshold
lead_negative_control_null_effect|negative_control_null_effect|0.25,fifo,lead_score_gbm,net_value_per_1k_leads,-1.739309022332236,-9.921106409108278,5.423401922253106,-0.0010758319621720326,8,no meaningful evidence of difference
lead_negative_control_null_effect|negative_control_null_effect|0.25,funnel_ev_gbm,lead_score_gbm,net_value_per_1k_leads,-7.017206224614711,-14.980926892394564,0.24242560179934938,-0.004340421767875473,8,no meaningful evidence of difference
lead_negative_control_null_effect|negative_control_null_effect|0.25,hist_conversion_rate,lead_score_gbm,net_value_per_1k_leads,3.3060564647676074,-2.121906691403319,10.944649716915592,0.0020449277085754516,8,no meaningful evidence of difference
lead_negative_control_null_effect|negative_control_null_effect|0.25,hist_net_profit,lead_score_gbm,net_value_per_1k_leads,7.83328833784617,2.061948339826813,14.99533838802381,0.004845201085350659,8,statistically better but below practical threshold
lead_negative_control_null_effect|negative_control_null_effect|0.25,hist_profit_per_agent_hour,lead_score_gbm,net_value_per_1k_leads,7.15676487516248,2.056053734961097,13.151907645678875,0.004426744356287947,8,statistically better but below practical threshold
lead_negative_control_null_effect|negative_control_null_effect|0.25,hist_roas,lead_score_gbm,net_value_per_1k_leads,6.8272521593153215,-3.9639379802047188,18.25037745306983,0.004222927606590912,8,no meaningful evidence of difference
lead_negative_control_null_effect|negative_control_null_effect|0.25,last_click_attribution,lead_score_gbm,net_value_per_1k_leads,6.677784605826673,-3.1078821013888955,18.977718476826787,0.004130475966723531,8,no meaningful evidence of difference
lead_negative_control_null_effect|negative_control_null_effect|0.25,lead_score_logit,lead_score_gbm,net_value_per_1k_leads,-1.8707971689382248,-8.447686873743805,4.3376225143254,-0.0011571626221922988,8,no meaningful evidence of difference
lead_negative_control_null_effect|negative_control_null_effect|0.25,lowest_cpl,lead_score_gbm,net_value_per_1k_leads,9.262261076166396,-2.6291812752718213,22.634933833665855,0.0057290776853213665,8,no meaningful evidence of difference
lead_negative_control_null_effect|negative_control_null_effect|0.25,oracle,lead_score_gbm,net_value_per_1k_leads,1422.3209721537423,1408.4794178968205,1436.2850143112537,0.8797622174458569,8,statistically better but below practical threshold
lead_negative_control_null_effect|negative_control_null_effect|0.25,propensity_ev_gbm,lead_score_gbm,net_value_per_1k_leads,-7.148934502456541,-17.886066633880546,2.7872448705256496,-0.004421900958637153,8,no meaningful evidence of difference
lead_negative_control_null_effect|negative_control_null_effect|0.25,propensity_ev_logit,lead_score_gbm,net_value_per_1k_leads,-3.454972506440754,-10.604993117072809,4.631333656049435,-0.0021370382164007315,8,no meaningful evidence of difference
lead_negative_control_null_effect|negative_control_null_effect|0.25,random,lead_score_gbm,net_value_per_1k_leads,-2.7132331434786465,-13.497325542843509,5.3068943601338106,-0.0016782428533974748,8,no meaningful evidence of difference
lead_negative_control_null_effect|negative_control_null_effect|0.25,s_learner,lead_score_gbm,net_value_per_1k_leads,505.6519606960792,198.8753058918428,814.1657877606507,0.31276589385039494,8,statistically better but below practical threshold
lead_negative_control_null_effect|negative_control_null_effect|0.25,t_learner,lead_score_gbm,net_value_per_1k_leads,-8.353869832964847,-17.4033039883343,-1.1305394425653503,-0.005167201491358441,8,statistically worse but below practical threshold
lead_negative_control_null_effect|negative_control_null_effect|0.25,x_learner,lead_score_gbm,net_value_per_1k_leads,-8.165218839123554,-15.90074458176423,-1.9176395037429756,-0.005050513331713389,8,statistically worse but below practical threshold
lead_noisy_crm|noisy_crm|0.25,call_everyone,lead_score_gbm,net_value_per_1k_leads,-24868.531816684816,-33033.25377234074,-17334.946500234502,-11.3944194013404,8,worse
lead_noisy_crm|noisy_crm|0.25,class_transformation,lead_score_gbm,net_value_per_1k_leads,-9393.713011789365,-17741.936100390907,-699.5278709775994,-4.304070163094384,8,worse
lead_noisy_crm|noisy_crm|0.25,do_nothing,lead_score_gbm,net_value_per_1k_leads,-55629.92614213702,-63049.255905577185,-48315.458305217966,-25.488867392799698,8,worse
lead_noisy_crm|noisy_crm|0.25,existing_policy_capped,lead_score_gbm,net_value_per_1k_leads,-15890.751157866178,-21071.633344174006,-10847.259280316812,-7.280923724398637,8,worse
lead_noisy_crm|noisy_crm|0.25,existing_policy_replay,lead_score_gbm,net_value_per_1k_leads,-23987.12700692442,-28513.92374146985,-19432.04213551929,-10.990571834511767,8,worse
lead_noisy_crm|noisy_crm|0.25,fifo,lead_score_gbm,net_value_per_1k_leads,-26683.8813960458,-32519.127320867545,-20593.524427468998,-12.226187622309842,8,worse
lead_noisy_crm|noisy_crm|0.25,funnel_ev_gbm,lead_score_gbm,net_value_per_1k_leads,7136.243767413231,624.6459830830681,13661.680411764315,3.2697287896003973,8,better
lead_noisy_crm|noisy_crm|0.25,hist_conversion_rate,lead_score_gbm,net_value_per_1k_leads,-9970.027299534768,-15545.020244002962,-3908.2561889875087,-4.568129446929954,8,worse
lead_noisy_crm|noisy_crm|0.25,hist_net_profit,lead_score_gbm,net_value_per_1k_leads,-10367.830587774028,-17090.36532349803,-3178.608300430202,-4.750397444849692,8,worse
lead_noisy_crm|noisy_crm|0.25,hist_profit_per_agent_hour,lead_score_gbm,net_value_per_1k_leads,-11881.09924735345,-17331.55330619802,-6002.534643926656,-5.4437563411952965,8,worse
lead_noisy_crm|noisy_crm|0.25,hist_roas,lead_score_gbm,net_value_per_1k_leads,-17788.13197960527,-25053.316875311662,-11742.589527227123,-8.150277532911373,8,worse
lead_noisy_crm|noisy_crm|0.25,last_click_attribution,lead_score_gbm,net_value_per_1k_leads,-20309.486446435512,-25087.207344414815,-16147.41276284994,-9.305527487604381,8,worse
lead_noisy_crm|noisy_crm|0.25,lead_score_logit,lead_score_gbm,net_value_per_1k_leads,4654.1460786559255,1512.9341992223126,7773.718614371355,2.1324657509427083,8,better
lead_noisy_crm|noisy_crm|0.25,lowest_cpl,lead_score_gbm,net_value_per_1k_leads,-19722.26665121717,-29632.079741562477,-9587.536307076442,-9.036471450166825,8,worse
lead_noisy_crm|noisy_crm|0.25,oracle,lead_score_gbm,net_value_per_1k_leads,53464.2455100245,40009.743481877675,69566.61570045259,24.496582299592312,8,better
lead_noisy_crm|noisy_crm|0.25,propensity_ev_gbm,lead_score_gbm,net_value_per_1k_leads,5904.995048694771,-374.6183497503418,12408.783662912396,2.705587553123038,8,no meaningful evidence of difference
lead_noisy_crm|noisy_crm|0.25,propensity_ev_logit,lead_score_gbm,net_value_per_1k_leads,9607.346367035294,3081.187209255353,16355.978905624672,4.401954029569946,8,better
lead_noisy_crm|noisy_crm|0.25,random,lead_score_gbm,net_value_per_1k_leads,-25901.75932192089,-32275.227557594153,-19568.373762077423,-11.867830040072263,8,worse
lead_observed_confounding|observed_confounding|0.25,call_everyone,lead_score_gbm,net_value_per_1k_leads,-34592.461448507805,-37829.20502658257,-31158.549622465933,-12.495425875796533,8,worse
lead_observed_confounding|observed_confounding|0.25,causal_forest,lead_score_gbm,net_value_per_1k_leads,-3707.2720456327297,-8688.784678938628,1963.9229935031708,-1.3391340514051395,8,no meaningful evidence of difference
lead_observed_confounding|observed_confounding|0.25,class_transformation,lead_score_gbm,net_value_per_1k_leads,-49649.97458520306,-56367.587184560274,-42342.38450481096,-17.934473327030283,8,worse
lead_observed_confounding|observed_confounding|0.25,do_nothing,lead_score_gbm,net_value_per_1k_leads,-66528.960672493,-75534.68718737943,-59059.94996914312,-24.031469917639487,8,worse
lead_observed_confounding|observed_confounding|0.25,dr_learner,lead_score_gbm,net_value_per_1k_leads,-5425.920009796864,-11859.394009195654,892.4550455911631,-1.9599409365921985,8,no meaningful evidence of difference
lead_observed_confounding|observed_confounding|0.25,existing_policy_capped,lead_score_gbm,net_value_per_1k_leads,-13604.183167983221,-21055.801339950114,-7534.507487306524,-4.9140782487921495,8,worse
lead_observed_confounding|observed_confounding|0.25,existing_policy_replay,lead_score_gbm,net_value_per_1k_leads,-18758.263071754278,-26910.924946620762,-12380.51893005803,-6.77582559774473,8,worse
lead_observed_confounding|observed_confounding|0.25,fifo,lead_score_gbm,net_value_per_1k_leads,-33326.61523985504,-42697.779648970594,-25231.80699174731,-12.038179215453402,8,worse
lead_observed_confounding|observed_confounding|0.25,funnel_ev_gbm,lead_score_gbm,net_value_per_1k_leads,5328.182950856892,2003.271461319564,8280.99186694146,1.924636534298633,8,statistically better but below practical threshold
lead_observed_confounding|observed_confounding|0.25,hist_conversion_rate,lead_score_gbm,net_value_per_1k_leads,-23866.78683061723,-33204.8227084461,-14712.761652315363,-8.62111723906478,8,worse
lead_observed_confounding|observed_confounding|0.25,hist_net_profit,lead_score_gbm,net_value_per_1k_leads,-25616.25837352754,-37429.45318019058,-15861.751415649884,-9.25305816118711,8,worse
lead_observed_confounding|observed_confounding|0.25,hist_profit_per_agent_hour,lead_score_gbm,net_value_per_1k_leads,-26152.506296735075,-37613.53579894715,-16951.809983881438,-9.446760658636265,8,worse
lead_observed_confounding|observed_confounding|0.25,hist_roas,lead_score_gbm,net_value_per_1k_leads,-29134.39477619317,-38778.9984125146,-22730.767193090865,-10.523872980360554,8,worse
lead_observed_confounding|observed_confounding|0.25,last_click_attribution,lead_score_gbm,net_value_per_1k_leads,-32021.148634834146,-40997.00158631991,-25238.40246099619,-11.566620947746783,8,worse
lead_observed_confounding|observed_confounding|0.25,lead_score_logit,lead_score_gbm,net_value_per_1k_leads,71.02629626183261,-1792.664557104792,2024.297989891158,0.02565598928232317,8,no meaningful evidence of difference
lead_observed_confounding|observed_confounding|0.25,lowest_cpl,lead_score_gbm,net_value_per_1k_leads,-31814.845540891358,-41622.86147163584,-22298.508582261944,-11.492100520163252,8,worse
lead_observed_confounding|observed_confounding|0.25,oracle,lead_score_gbm,net_value_per_1k_leads,47815.27997826479,38136.05884905164,59885.84293123262,17.271748285048346,8,better
lead_observed_confounding|observed_confounding|0.25,propensity_ev_gbm,lead_score_gbm,net_value_per_1k_leads,5169.56026136041,1642.3985323537659,7994.479456731628,1.8673391355063222,8,statistically better but below practical threshold
lead_observed_confounding|observed_confounding|0.25,propensity_ev_logit,lead_score_gbm,net_value_per_1k_leads,6849.391620247785,2712.108786420151,10904.240024192219,2.4741247572829193,8,better
lead_observed_confounding|observed_confounding|0.25,random,lead_score_gbm,net_value_per_1k_leads,-34295.10755572259,-39549.03528175208,-28750.013991112555,-12.388016244605415,8,worse
lead_observed_confounding|observed_confounding|0.25,s_learner,lead_score_gbm,net_value_per_1k_leads,5752.218793648117,731.8063610551809,11073.200375018969,2.077805988578887,8,better
lead_observed_confounding|observed_confounding|0.25,t_learner,lead_score_gbm,net_value_per_1k_leads,2464.102575143792,-4550.977733345881,8884.828273525614,0.8900786410906523,8,no meaningful evidence of difference
lead_observed_confounding|observed_confounding|0.25,x_learner,lead_score_gbm,net_value_per_1k_leads,325.1254120961712,-6177.130455791609,7467.794968426526,0.11744120877991912,8,no meaningful evidence of difference
lead_policy_feedback_loop|policy_feedback_loop|0.25,call_everyone,lead_score_gbm,net_value_per_1k_leads,-29114.771016032544,-33607.259679329996,-24801.77106476327,-13.08198508539006,8,worse
lead_policy_feedback_loop|policy_feedback_loop|0.25,causal_forest,lead_score_gbm,net_value_per_1k_leads,-4998.601099889993,-10797.408497938624,-90.41460403902238,-2.2459948251204254,8,worse
lead_policy_feedback_loop|policy_feedback_loop|0.25,class_transformation,lead_score_gbm,net_value_per_1k_leads,-19193.91399355225,-25398.227952431447,-12982.188625647892,-8.624299207286937,8,worse
lead_policy_feedback_loop|policy_feedback_loop|0.25,do_nothing,lead_score_gbm,net_value_per_1k_leads,-59462.827348830884,-68205.33364358288,-51566.88436251713,-26.718115697498376,8,worse
lead_policy_feedback_loop|policy_feedback_loop|0.25,dr_learner,lead_score_gbm,net_value_per_1k_leads,-13802.114615161068,-20657.471555945474,-7451.3744122573935,-6.201630692645783,8,worse
lead_policy_feedback_loop|policy_feedback_loop|0.25,existing_policy_capped,lead_score_gbm,net_value_per_1k_leads,-25613.807038643627,-31513.933991216538,-20551.25171657415,-11.508915576738614,8,worse
lead_policy_feedback_loop|policy_feedback_loop|0.25,existing_policy_replay,lead_score_gbm,net_value_per_1k_leads,-33242.47832175812,-37950.42909667574,-28628.76006418912,-14.936665837666023,8,worse
lead_policy_feedback_loop|policy_feedback_loop|0.25,fifo,lead_score_gbm,net_value_per_1k_leads,-30858.052011057152,-36566.85082846365,-25687.086122661047,-13.865284255560336,8,worse
lead_policy_feedback_loop|policy_feedback_loop|0.25,funnel_ev_gbm,lead_score_gbm,net_value_per_1k_leads,5827.508477211579,1153.127904492616,10256.88281632711,2.618443364774729,8,better
lead_policy_feedback_loop|policy_feedback_loop|0.25,hist_conversion_rate,lead_score_gbm,net_value_per_1k_leads,-17128.010457367724,-21902.38771647691,-13072.745699575007,-7.696037767987339,8,worse
lead_policy_feedback_loop|policy_feedback_loop|0.25,hist_net_profit,lead_score_gbm,net_value_per_1k_leads,-18320.954196709856,-23127.815071815185,-13877.007217995262,-8.232056828456317,8,worse
lead_policy_feedback_loop|policy_feedback_loop|0.25,hist_profit_per_agent_hour,lead_score_gbm,net_value_per_1k_leads,-18345.925835586524,-23139.29976987057,-13929.649254290014,-8.243277202031038,8,worse
lead_policy_feedback_loop|policy_feedback_loop|0.25,hist_roas,lead_score_gbm,net_value_per_1k_leads,-22542.38212136217,-28431.332434714837,-16743.249636447206,-10.12884856756841,8,worse
lead_policy_feedback_loop|policy_feedback_loop|0.25,last_click_attribution,lead_score_gbm,net_value_per_1k_leads,-24440.418696508794,-28076.99073056823,-20302.410359488807,-10.981683238805214,8,worse
lead_policy_feedback_loop|policy_feedback_loop|0.25,lead_score_logit,lead_score_gbm,net_value_per_1k_leads,4403.557967125762,2444.096799578154,6515.16720225316,1.9786272616352492,8,statistically better but below practical threshold
lead_policy_feedback_loop|policy_feedback_loop|0.25,lowest_cpl,lead_score_gbm,net_value_per_1k_leads,-23664.00505738343,-33149.28511225284,-14415.223395123448,-10.632821431115287,8,worse
lead_policy_feedback_loop|policy_feedback_loop|0.25,oracle,lead_score_gbm,net_value_per_1k_leads,49605.07651218717,37103.40112247109,64593.56460328167,22.28878498596879,8,better
lead_policy_feedback_loop|policy_feedback_loop|0.25,propensity_ev_gbm,lead_score_gbm,net_value_per_1k_leads,6366.700254247204,2312.4819983156194,10591.043448787808,2.860715535881992,8,better
lead_policy_feedback_loop|policy_feedback_loop|0.25,propensity_ev_logit,lead_score_gbm,net_value_per_1k_leads,8843.049518762553,4155.936014387571,13040.215144469192,3.9734003695276794,8,better
lead_policy_feedback_loop|policy_feedback_loop|0.25,random,lead_score_gbm,net_value_per_1k_leads,-29294.806790275863,-33181.396136004056,-24859.57920251609,-13.162879601516972,8,worse
lead_policy_feedback_loop|policy_feedback_loop|0.25,s_learner,lead_score_gbm,net_value_per_1k_leads,7382.62986677753,2570.6820034577563,12778.831567527064,3.3171977809805115,8,better
lead_policy_feedback_loop|policy_feedback_loop|0.25,t_learner,lead_score_gbm,net_value_per_1k_leads,-508.1673005519333,-5958.414426243097,5560.0019429317945,-0.22833210822927563,8,no meaningful evidence of difference
lead_policy_feedback_loop|policy_feedback_loop|0.25,x_learner,lead_score_gbm,net_value_per_1k_leads,-946.8188232647408,-6846.758652627701,6140.046734112523,-0.425429062028178,8,no meaningful evidence of difference
lead_propensity_not_uplift|propensity_not_uplift|0.25,call_everyone,lead_score_gbm,net_value_per_1k_leads,244.32021256060762,-4829.026592051694,5518.898314267601,0.08088460476050094,8,no meaningful evidence of difference
lead_propensity_not_uplift|propensity_not_uplift|0.25,causal_forest,lead_score_gbm,net_value_per_1k_leads,13392.267371526337,8887.447779751328,17938.342210459443,4.433641579794173,8,better
lead_propensity_not_uplift|propensity_not_uplift|0.25,class_transformation,lead_score_gbm,net_value_per_1k_leads,8414.656265144957,4231.356853373363,13244.432782616997,2.785754559839722,8,better
lead_propensity_not_uplift|propensity_not_uplift|0.25,do_nothing,lead_score_gbm,net_value_per_1k_leads,-19615.310469047126,-25314.77678712785,-14050.487207326802,-6.49384108631543,8,worse
lead_propensity_not_uplift|propensity_not_uplift|0.25,dr_learner,lead_score_gbm,net_value_per_1k_leads,11573.408805001109,6934.804183086886,15755.969558528595,3.8314905963500605,8,better
lead_propensity_not_uplift|propensity_not_uplift|0.25,existing_policy_capped,lead_score_gbm,net_value_per_1k_leads,2581.71957132217,-1807.611442766225,6819.902646642051,0.8547036077788369,8,no meaningful evidence of difference
lead_propensity_not_uplift|propensity_not_uplift|0.25,existing_policy_replay,lead_score_gbm,net_value_per_1k_leads,-218.04681169656033,-5810.545460833615,4962.63772633961,-0.07218653748915105,8,no meaningful evidence of difference
lead_propensity_not_uplift|propensity_not_uplift|0.25,fifo,lead_score_gbm,net_value_per_1k_leads,-1536.365548011865,-7260.065512529793,3901.322249441251,-0.5086288965460167,8,no meaningful evidence of difference
lead_propensity_not_uplift|propensity_not_uplift|0.25,funnel_ev_gbm,lead_score_gbm,net_value_per_1k_leads,7170.750231957292,2984.3725994259053,11244.833920044404,2.37394725663255,8,better
lead_propensity_not_uplift|propensity_not_uplift|0.25,hist_conversion_rate,lead_score_gbm,net_value_per_1k_leads,10048.21860473626,4982.011137652669,15851.335429462744,3.3265614083795443,8,better
lead_propensity_not_uplift|propensity_not_uplift|0.25,hist_net_profit,lead_score_gbm,net_value_per_1k_leads,6629.432573624694,2015.2037918140702,10622.505061036754,2.194738731945913,8,better
lead_propensity_not_uplift|propensity_not_uplift|0.25,hist_profit_per_agent_hour,lead_score_gbm,net_value_per_1k_leads,7444.746494097784,2356.887839405874,11855.281029375656,2.4646564089241996,8,better
lead_propensity_not_uplift|propensity_not_uplift|0.25,hist_roas,lead_score_gbm,net_value_per_1k_leads,2914.2969007936117,-38.973119399634015,6123.290771073684,0.9648065974769463,8,no meaningful evidence of difference
lead_propensity_not_uplift|propensity_not_uplift|0.25,last_click_attribution,lead_score_gbm,net_value_per_1k_leads,2705.9961703355184,-2718.320157232573,8318.079419738835,0.8958465958551115,8,no meaningful evidence of difference
lead_propensity_not_uplift|propensity_not_uplift|0.25,lead_score_logit,lead_score_gbm,net_value_per_1k_leads,1406.487841345137,-402.4164274117684,3607.3519430202723,0.4656316067972916,8,no meaningful evidence of difference
lead_propensity_not_uplift|propensity_not_uplift|0.25,lowest_cpl,lead_score_gbm,net_value_per_1k_leads,-1346.4652420527564,-8176.572883553672,4727.488815073677,-0.4457605360840661,8,no meaningful evidence of difference
lead_propensity_not_uplift|propensity_not_uplift|0.25,oracle,lead_score_gbm,net_value_per_1k_leads,53226.49471124091,45395.48773873146,62823.04742112195,17.62115357704037,8,better
lead_propensity_not_uplift|propensity_not_uplift|0.25,propensity_ev_gbm,lead_score_gbm,net_value_per_1k_leads,6399.3191696827525,2273.2180794585474,10324.091375476995,2.1185574306410926,8,better
lead_propensity_not_uplift|propensity_not_uplift|0.25,propensity_ev_logit,lead_score_gbm,net_value_per_1k_leads,6299.400531902258,2359.4484420031804,10118.411998505671,2.0854783847431686,8,better
lead_propensity_not_uplift|propensity_not_uplift|0.25,random,lead_score_gbm,net_value_per_1k_leads,-1300.0628786145098,-5023.341175262584,2513.6521071206844,-0.430398578154676,8,no meaningful evidence of difference
lead_propensity_not_uplift|propensity_not_uplift|0.25,s_learner,lead_score_gbm,net_value_per_1k_leads,19817.7487526715,14349.954798481307,26397.632468837342,6.560860267363703,8,better
lead_propensity_not_uplift|propensity_not_uplift|0.25,t_learner,lead_score_gbm,net_value_per_1k_leads,16383.360152929039,11355.16025125121,22356.96506219886,5.423872207420732,8,better
lead_propensity_not_uplift|propensity_not_uplift|0.25,x_learner,lead_score_gbm,net_value_per_1k_leads,14258.589628571419,10575.606100395813,18790.95059194512,4.720446067322744,8,better
lead_rare_outcome|rare_outcome|0.25,call_everyone,lead_score_gbm,net_value_per_1k_leads,-18587.75472067018,-23941.817770755562,-13830.040613446821,-18.563372885762952,8,worse
lead_rare_outcome|rare_outcome|0.25,causal_forest,lead_score_gbm,net_value_per_1k_leads,-7474.4856806467615,-10556.045304054955,-3957.1714030098856,-7.464681286376415,8,worse
lead_rare_outcome|rare_outcome|0.25,class_transformation,lead_score_gbm,net_value_per_1k_leads,-17037.741995080105,-20106.923384823738,-14749.776544737533,-17.01539333496711,8,worse
lead_rare_outcome|rare_outcome|0.25,do_nothing,lead_score_gbm,net_value_per_1k_leads,-32963.865284978325,-43367.57049680459,-24873.45693460809,-32.92062609157598,8,worse
lead_rare_outcome|rare_outcome|0.25,dr_learner,lead_score_gbm,net_value_per_1k_leads,-11713.308152726346,-13384.14459959179,-10303.35076141498,-11.697943631842087,8,worse
lead_rare_outcome|rare_outcome|0.25,existing_policy_capped,lead_score_gbm,net_value_per_1k_leads,-16650.45735485725,-22402.047868346715,-11659.630511168623,-16.6286167017791,8,worse
lead_rare_outcome|rare_outcome|0.25,existing_policy_replay,lead_score_gbm,net_value_per_1k_leads,-21445.2322661359,-28198.647815187425,-16212.398341161977,-21.41710223534318,8,worse
lead_rare_outcome|rare_outcome|0.25,fifo,lead_score_gbm,net_value_per_1k_leads,-19812.981424509202,-27298.220174181017,-14516.633719464706,-19.78699244147323,8,worse
lead_rare_outcome|rare_outcome|0.25,funnel_ev_gbm,lead_score_gbm,net_value_per_1k_leads,109.08309105500939,-1727.8638964665724,1975.9733437456784,0.10894000513864988,8,no meaningful evidence of difference
lead_rare_outcome|rare_outcome|0.25,hist_conversion_rate,lead_score_gbm,net_value_per_1k_leads,-13598.830334950948,-17376.992317272325,-10091.905621956823,-13.580992546517608,8,worse
lead_rare_outcome|rare_outcome|0.25,hist_net_profit,lead_score_gbm,net_value_per_1k_leads,-14961.91629816098,-19877.994713217835,-10723.510855379558,-14.942290529553661,8,worse
lead_rare_outcome|rare_outcome|0.25,hist_profit_per_agent_hour,lead_score_gbm,net_value_per_1k_leads,-15301.06243634339,-20013.641323948505,-11263.772093153639,-15.280991804691835,8,worse
lead_rare_outcome|rare_outcome|0.25,hist_roas,lead_score_gbm,net_value_per_1k_leads,-15886.939352499889,-21107.94306164725,-11399.53802986431,-15.86610021736524,8,worse
lead_rare_outcome|rare_outcome|0.25,last_click_attribution,lead_score_gbm,net_value_per_1k_leads,-17837.687672677897,-22092.076623001878,-13566.199087925947,-17.814289711896855,8,worse
lead_rare_outcome|rare_outcome|0.25,lead_score_logit,lead_score_gbm,net_value_per_1k_leads,2442.9306894349465,1012.0845630065703,4046.3868239766753,2.4397262608390946,8,better
lead_rare_outcome|rare_outcome|0.25,lowest_cpl,lead_score_gbm,net_value_per_1k_leads,-16640.584618148343,-21808.716234025906,-11127.485811628343,-16.61875691528608,8,worse
lead_rare_outcome|rare_outcome|0.25,oracle,lead_score_gbm,net_value_per_1k_leads,17859.751456811755,9035.325238925196,28631.830452863298,17.836324554636214,8,better
lead_rare_outcome|rare_outcome|0.25,propensity_ev_gbm,lead_score_gbm,net_value_per_1k_leads,125.77889318381767,-2047.9387280835558,2293.76098658728,0.12561390713496418,8,no meaningful evidence of difference
lead_rare_outcome|rare_outcome|0.25,propensity_ev_logit,lead_score_gbm,net_value_per_1k_leads,1357.3320136700804,-1957.5208741059578,4887.254600365527,1.3555515810374723,8,no meaningful evidence of difference
lead_rare_outcome|rare_outcome|0.25,random,lead_score_gbm,net_value_per_1k_leads,-19227.12790022126,-23362.63307750815,-15639.304635163888,-19.201907389984918,8,worse
lead_rare_outcome|rare_outcome|0.25,s_learner,lead_score_gbm,net_value_per_1k_leads,-124.9843017847179,-2769.174763343282,2609.5516231925185,-0.12482035801324554,8,no meaningful evidence of difference
lead_rare_outcome|rare_outcome|0.25,t_learner,lead_score_gbm,net_value_per_1k_leads,-5303.645601802822,-7744.280375186132,-3233.715104951272,-5.2966887308190564,8,worse
lead_rare_outcome|rare_outcome|0.25,x_learner,lead_score_gbm,net_value_per_1k_leads,-5849.70449095305,-8207.417525450335,-3542.6328022274597,-5.8420313463856814,8,worse
lead_seasonality_trend|seasonality_trend|0.25,call_everyone,lead_score_gbm,net_value_per_1k_leads,-27049.321066129705,-31350.068679567004,-22838.477521714787,-9.971562534733428,8,worse
lead_seasonality_trend|seasonality_trend|0.25,causal_forest,lead_score_gbm,net_value_per_1k_leads,2020.8420870631526,-5309.923950169548,8507.47287553447,0.7449707589594113,8,no meaningful evidence of difference
lead_seasonality_trend|seasonality_trend|0.25,class_transformation,lead_score_gbm,net_value_per_1k_leads,-7990.553674372342,-16202.061352994802,191.56846534488756,-2.94566748852408,8,no meaningful evidence of difference
lead_seasonality_trend|seasonality_trend|0.25,do_nothing,lead_score_gbm,net_value_per_1k_leads,-62626.070968828964,-68999.7034822192,-56357.5748525624,-23.086708218798336,8,worse
lead_seasonality_trend|seasonality_trend|0.25,dr_learner,lead_score_gbm,net_value_per_1k_leads,57.44780985462785,-6256.093348432099,6813.070023314445,0.021177774741495983,8,no meaningful evidence of difference
lead_seasonality_trend|seasonality_trend|0.25,existing_policy_capped,lead_score_gbm,net_value_per_1k_leads,-21817.36682276335,-27666.293315979874,-15981.429468702729,-8.042835422173177,8,worse
lead_seasonality_trend|seasonality_trend|0.25,existing_policy_replay,lead_score_gbm,net_value_per_1k_leads,-27377.359317669692,-33305.826638670645,-22239.74332494867,-10.092491778429363,8,worse
lead_seasonality_trend|seasonality_trend|0.25,fifo,lead_score_gbm,net_value_per_1k_leads,-33398.73140789104,-39244.75130387546,-26969.84460763412,-12.312232828334086,8,worse
lead_seasonality_trend|seasonality_trend|0.25,funnel_ev_gbm,lead_score_gbm,net_value_per_1k_leads,10062.574813801275,4455.1498682409065,16103.503061708183,3.70950508409969,8,better
lead_seasonality_trend|seasonality_trend|0.25,hist_conversion_rate,lead_score_gbm,net_value_per_1k_leads,-11372.005865747033,-19233.20322627504,-4377.834977231527,-4.192218627536776,8,worse
lead_seasonality_trend|seasonality_trend|0.25,hist_net_profit,lead_score_gbm,net_value_per_1k_leads,-14470.62198685579,-21557.103725852703,-8017.449660885784,-5.334504023433778,8,worse
lead_seasonality_trend|seasonality_trend|0.25,hist_profit_per_agent_hour,lead_score_gbm,net_value_per_1k_leads,-15434.798220239489,-21822.067619346697,-9925.772463220466,-5.689941543739161,8,worse
lead_seasonality_trend|seasonality_trend|0.25,hist_roas,lead_score_gbm,net_value_per_1k_leads,-20405.607304375302,-25766.392025577,-14713.69448493819,-7.522399131473115,8,worse
lead_seasonality_trend|seasonality_trend|0.25,last_click_attribution,lead_score_gbm,net_value_per_1k_leads,-21454.602832925142,-25597.3689340594,-17047.83396684326,-7.9091047528829,8,worse
lead_seasonality_trend|seasonality_trend|0.25,lead_score_logit,lead_score_gbm,net_value_per_1k_leads,3287.4578183120284,103.0540919131854,6040.950652252666,1.211900702995616,8,statistically better but below practical threshold
lead_seasonality_trend|seasonality_trend|0.25,lowest_cpl,lead_score_gbm,net_value_per_1k_leads,-20923.568535723774,-31607.10492953703,-10528.73014276159,-7.713342290317354,8,worse
lead_seasonality_trend|seasonality_trend|0.25,oracle,lead_score_gbm,net_value_per_1k_leads,61149.44655605809,48292.56312066685,77034.49660785985,22.542359891671705,8,better
lead_seasonality_trend|seasonality_trend|0.25,propensity_ev_gbm,lead_score_gbm,net_value_per_1k_leads,7506.430638153099,2725.117831351403,13313.237713414896,2.7671985680523568,8,better
lead_seasonality_trend|seasonality_trend|0.25,propensity_ev_logit,lead_score_gbm,net_value_per_1k_leads,10166.980640328304,6017.4555487030375,14441.1694801165,3.7479936371269384,8,better
lead_seasonality_trend|seasonality_trend|0.25,random,lead_score_gbm,net_value_per_1k_leads,-25361.784736611502,-32184.459103013556,-17751.881719185883,-9.349462852516414,8,worse
lead_seasonality_trend|seasonality_trend|0.25,s_learner,lead_score_gbm,net_value_per_1k_leads,12296.215985599214,4077.081132527179,23491.246914992502,4.532922890790143,8,better
lead_seasonality_trend|seasonality_trend|0.25,t_learner,lead_score_gbm,net_value_per_1k_leads,8537.135015406642,-619.1325413827723,19349.998992419183,3.1471612712743844,8,no meaningful evidence of difference
lead_seasonality_trend|seasonality_trend|0.25,x_learner,lead_score_gbm,net_value_per_1k_leads,7322.1231428468855,-166.36138703271786,16142.292938086472,2.699254766040732,8,no meaningful evidence of difference
lead_selection_bias|selection_bias|0.25,call_everyone,lead_score_gbm,net_value_per_1k_leads,-31902.77963955053,-37147.91321534659,-27198.252840938192,-14.161550590504861,8,worse
lead_selection_bias|selection_bias|0.25,causal_forest,lead_score_gbm,net_value_per_1k_leads,-3700.3880981998973,-12168.98175328887,4771.464759391444,-1.642591455955598,8,no meaningful evidence of difference
lead_selection_bias|selection_bias|0.25,class_transformation,lead_score_gbm,net_value_per_1k_leads,-39176.916189592426,-44696.7099143746,-33207.27992961054,-17.390518533722933,8,worse
lead_selection_bias|selection_bias|0.25,do_nothing,lead_score_gbm,net_value_per_1k_leads,-62184.05819826733,-70763.60866301123,-54765.35610719838,-27.603321592891408,8,worse
lead_selection_bias|selection_bias|0.25,dr_learner,lead_score_gbm,net_value_per_1k_leads,-7043.3785699767395,-14707.911791784098,661.8474693995612,-3.1265351506596395,8,no meaningful evidence of difference
lead_selection_bias|selection_bias|0.25,existing_policy_capped,lead_score_gbm,net_value_per_1k_leads,-10422.135167114771,-17187.931905547102,-4702.814898352772,-4.626355323822658,8,worse
lead_selection_bias|selection_bias|0.25,existing_policy_replay,lead_score_gbm,net_value_per_1k_leads,-20386.345115310833,-27303.139171842064,-14031.346381263162,-9.049438982052083,8,worse
lead_selection_bias|selection_bias|0.25,fifo,lead_score_gbm,net_value_per_1k_leads,-33585.22235793709,-38736.92017771574,-28660.18662294598,-14.908381993324705,8,worse
lead_selection_bias|selection_bias|0.25,funnel_ev_gbm,lead_score_gbm,net_value_per_1k_leads,5206.412310264201,330.8376967659351,9817.58142228196,2.311111199709636,8,better
lead_selection_bias|selection_bias|0.25,hist_conversion_rate,lead_score_gbm,net_value_per_1k_leads,-13372.25699545823,-17361.61960943266,-9224.93379401192,-5.935905776550143,8,worse
lead_selection_bias|selection_bias|0.25,hist_net_profit,lead_score_gbm,net_value_per_1k_leads,-18488.263719143375,-22287.48497791225,-13899.410792748757,-8.206886200745272,8,worse
lead_selection_bias|selection_bias|0.25,hist_profit_per_agent_hour,lead_score_gbm,net_value_per_1k_leads,-19161.824980547673,-23253.447183818145,-14455.165441746583,-8.505878075025592,8,worse
lead_selection_bias|selection_bias|0.25,hist_roas,lead_score_gbm,net_value_per_1k_leads,-24396.45983899087,-30038.83182837434,-19178.250600156873,-10.829517181342286,8,worse
lead_selection_bias|selection_bias|0.25,last_click_attribution,lead_score_gbm,net_value_per_1k_leads,-26997.42642955748,-30168.182916761238,-23650.112993358085,-11.984078645035513,8,worse
lead_selection_bias|selection_bias|0.25,lead_score_logit,lead_score_gbm,net_value_per_1k_leads,1022.9245909573656,-1061.174030115526,3170.0230145321148,0.45407323464552873,8,no meaningful evidence of difference
lead_selection_bias|selection_bias|0.25,lowest_cpl,lead_score_gbm,net_value_per_1k_leads,-26124.470131641876,-35533.87126314548,-16597.44274641158,-11.596575897127439,8,worse
lead_selection_bias|selection_bias|0.25,oracle,lead_score_gbm,net_value_per_1k_leads,46883.84566275071,33574.61724901952,62275.02647847047,20.811601989920536,8,better
lead_selection_bias|selection_bias|0.25,propensity_ev_gbm,lead_score_gbm,net_value_per_1k_leads,6125.770046047153,783.1866606127239,12215.233060812694,2.719211410197932,8,better
lead_selection_bias|selection_bias|0.25,propensity_ev_logit,lead_score_gbm,net_value_per_1k_leads,9176.12182639628,3249.328091279823,15300.859840621692,4.073253645523961,8,better
lead_selection_bias|selection_bias|0.25,random,lead_score_gbm,net_value_per_1k_leads,-31996.409973792488,-35960.453139150864,-27951.571609632574,-14.203112822076985,8,worse
lead_selection_bias|selection_bias|0.25,s_learner,lead_score_gbm,net_value_per_1k_leads,6084.571380815272,-448.61198398872483,13160.520138620537,2.700923443176423,8,no meaningful evidence of difference
lead_selection_bias|selection_bias|0.25,t_learner,lead_score_gbm,net_value_per_1k_leads,5113.027720433969,-598.5097867423852,11445.98605996108,2.2696580533632633,8,no meaningful evidence of difference
lead_selection_bias|selection_bias|0.25,x_learner,lead_score_gbm,net_value_per_1k_leads,2259.8185162551636,-3902.964245486939,8541.509042366033,1.0031268311063697,8,no meaningful evidence of difference
lead_sparse|sparse|0.25,call_everyone,lead_score_gbm,net_value_per_1k_leads,-29784.82591387057,-34185.94953261193,-25316.54962992081,-13.305079089127855,8,worse
lead_sparse|sparse|0.25,causal_forest,lead_score_gbm,net_value_per_1k_leads,-3488.51923056739,-8026.097721101682,813.222070412241,-1.5583446551227766,8,no meaningful evidence of difference
lead_sparse|sparse|0.25,class_transformation,lead_score_gbm,net_value_per_1k_leads,-17743.90375658556,-22195.0254423117,-12996.561186461158,-7.9263193786639246,8,worse
lead_sparse|sparse|0.25,do_nothing,lead_score_gbm,net_value_per_1k_leads,-64918.344915793125,-74296.21424641831,-56533.35718239695,-28.999454820975462,8,worse
lead_sparse|sparse|0.25,dr_learner,lead_score_gbm,net_value_per_1k_leads,-3411.594972827019,-6772.476901174612,-219.03765854192193,-1.5239820794922283,8,statistically worse but below practical threshold
lead_sparse|sparse|0.25,existing_policy_capped,lead_score_gbm,net_value_per_1k_leads,-15409.99973888005,-21693.908975367944,-10909.099443320578,-6.883748989573819,8,worse
lead_sparse|sparse|0.25,existing_policy_replay,lead_score_gbm,net_value_per_1k_leads,-30684.55291184732,-38786.51036267959,-23682.662855913542,-13.706993100689342,8,worse
lead_sparse|sparse|0.25,fifo,lead_score_gbm,net_value_per_1k_leads,-31906.36893307892,-39536.657177977904,-24581.81659919959,-14.252786413091396,8,worse
lead_sparse|sparse|0.25,funnel_ev_gbm,lead_score_gbm,net_value_per_1k_leads,6689.904086530343,4341.281266857979,8578.813769004355,2.9884244825656245,8,better
lead_sparse|sparse|0.25,hist_conversion_rate,lead_score_gbm,net_value_per_1k_leads,-12914.505798722967,-19231.33046152562,-8164.915117279152,-5.768995311434408,8,worse
lead_sparse|sparse|0.25,hist_net_profit,lead_score_gbm,net_value_per_1k_leads,-13605.945295171618,-21519.358368658002,-7878.740093776121,-6.077865915956283,8,worse
lead_sparse|sparse|0.25,hist_profit_per_agent_hour,lead_score_gbm,net_value_per_1k_leads,-14112.80256684329,-21152.861383038748,-9169.308628397832,-6.304282417633758,8,worse
lead_sparse|sparse|0.25,hist_roas,lead_score_gbm,net_value_per_1k_leads,-18805.665445496088,-29012.943509087014,-10929.284176677584,-8.400615360302742,8,worse
lead_sparse|sparse|0.25,last_click_attribution,lead_score_gbm,net_value_per_1k_leads,-25827.748761770727,-32386.020924738816,-19919.911779242808,-11.537426505805188,8,worse
lead_sparse|sparse|0.25,lead_score_logit,lead_score_gbm,net_value_per_1k_leads,5479.690218181095,3314.2281553154653,7461.394663027953,2.4478139287316485,8,better
lead_sparse|sparse|0.25,lowest_cpl,lead_score_gbm,net_value_per_1k_leads,-32163.831744736468,-41209.7371033457,-24493.774648750754,-14.367796757000026,8,worse
lead_sparse|sparse|0.25,oracle,lead_score_gbm,net_value_per_1k_leads,54567.98847039575,47043.28858452473,62292.22559240802,24.375882015651634,8,better
lead_sparse|sparse|0.25,propensity_ev_gbm,lead_score_gbm,net_value_per_1k_leads,6451.237118008892,4745.343490657695,8094.564121699317,2.881810366326607,8,better
lead_sparse|sparse|0.25,propensity_ev_logit,lead_score_gbm,net_value_per_1k_leads,10820.923694685036,7424.830392411313,13984.41543154029,4.833778313545715,8,better
lead_sparse|sparse|0.25,random,lead_score_gbm,net_value_per_1k_leads,-32059.29153705472,-39387.44095628601,-26471.07215281391,-14.321097953548172,8,worse
lead_sparse|sparse|0.25,s_learner,lead_score_gbm,net_value_per_1k_leads,4160.553499719845,1603.0255422335067,6319.402156375876,1.8585468160329626,8,statistically better but below practical threshold
lead_sparse|sparse|0.25,t_learner,lead_score_gbm,net_value_per_1k_leads,599.2511582351435,-3159.3894685853957,4955.784927643152,0.26768946300461843,8,no meaningful evidence of difference
lead_sparse|sparse|0.25,x_learner,lead_score_gbm,net_value_per_1k_leads,369.5754885739443,-5007.510442084869,4870.367021043924,0.16509181954256377,8,no meaningful evidence of difference
lead_strong_heterogeneity|strong_heterogeneity|0.25,call_everyone,lead_score_gbm,net_value_per_1k_leads,-53294.221869628425,-65547.14443274637,-37688.32798159336,-20.670729141634865,8,worse
lead_strong_heterogeneity|strong_heterogeneity|0.25,causal_forest,lead_score_gbm,net_value_per_1k_leads,21286.35651841688,5864.088362060924,39299.58619090441,8.25613911918697,8,better
lead_strong_heterogeneity|strong_heterogeneity|0.25,class_transformation,lead_score_gbm,net_value_per_1k_leads,2147.1498943979313,-11587.207244859745,21073.335653684342,0.832794857239164,8,no meaningful evidence of difference
lead_strong_heterogeneity|strong_heterogeneity|0.25,do_nothing,lead_score_gbm,net_value_per_1k_leads,-94731.19728102308,-109337.97232683352,-80162.95536848009,-36.742499497393595,8,worse
lead_strong_heterogeneity|strong_heterogeneity|0.25,dr_learner,lead_score_gbm,net_value_per_1k_leads,20378.53483418162,6944.978479209112,37382.196860014534,7.904030851434516,8,better
lead_strong_heterogeneity|strong_heterogeneity|0.25,existing_policy_capped,lead_score_gbm,net_value_per_1k_leads,-48743.59178236738,-61328.86385739766,-35785.416472063655,-18.90571900249343,8,worse
lead_strong_heterogeneity|strong_heterogeneity|0.25,existing_policy_replay,lead_score_gbm,net_value_per_1k_leads,-50286.68433762855,-65128.39001574721,-34078.5051006016,-19.504223814671846,8,worse
lead_strong_heterogeneity|strong_heterogeneity|0.25,fifo,lead_score_gbm,net_value_per_1k_leads,-52954.01446045219,-67515.35312071859,-36324.376351963605,-20.538776090058985,8,worse
lead_strong_heterogeneity|strong_heterogeneity|0.25,funnel_ev_gbm,lead_score_gbm,net_value_per_1k_leads,15400.841674253603,6826.684063125844,26345.80681541765,5.973379770521043,8,better
lead_strong_heterogeneity|strong_heterogeneity|0.25,hist_conversion_rate,lead_score_gbm,net_value_per_1k_leads,-40449.41583476374,-57700.74847029794,-21718.862687768302,-15.688734900813875,8,worse
lead_strong_heterogeneity|strong_heterogeneity|0.25,hist_net_profit,lead_score_gbm,net_value_per_1k_leads,-39575.257247200134,-51364.499219928155,-25478.4646470995,-15.349683222105362,8,worse
lead_strong_heterogeneity|strong_heterogeneity|0.25,hist_profit_per_agent_hour,lead_score_gbm,net_value_per_1k_leads,-40385.78683223216,-52503.23203133647,-25857.83179627687,-15.664055717391323,8,worse
lead_strong_heterogeneity|strong_heterogeneity|0.25,hist_roas,lead_score_gbm,net_value_per_1k_leads,-45366.49509338911,-54219.58424411864,-34716.95000304292,-17.595876237291826,8,worse
lead_strong_heterogeneity|strong_heterogeneity|0.25,last_click_attribution,lead_score_gbm,net_value_per_1k_leads,-47561.915704328305,-60062.73067162806,-33510.5206539767,-18.447393403856346,8,worse
lead_strong_heterogeneity|strong_heterogeneity|0.25,lead_score_logit,lead_score_gbm,net_value_per_1k_leads,3496.418065209702,1053.8363487478946,5958.5610003220645,1.3561228263857317,8,statistically better but below practical threshold
lead_strong_heterogeneity|strong_heterogeneity|0.25,lowest_cpl,lead_score_gbm,net_value_per_1k_leads,-43748.23291623118,-59718.54855920813,-24091.78159144806,-16.968216090080883,8,worse
lead_strong_heterogeneity|strong_heterogeneity|0.25,oracle,lead_score_gbm,net_value_per_1k_leads,79845.39852625594,62200.05871130204,102874.5103676551,30.968884585266867,8,better
lead_strong_heterogeneity|strong_heterogeneity|0.25,propensity_ev_gbm,lead_score_gbm,net_value_per_1k_leads,15401.89673406573,7156.346487021849,26485.059708019264,5.973788986658171,8,better
lead_strong_heterogeneity|strong_heterogeneity|0.25,propensity_ev_logit,lead_score_gbm,net_value_per_1k_leads,5376.004761861437,-335.3697830164019,13115.790932921838,2.085140459849851,8,no meaningful evidence of difference
lead_strong_heterogeneity|strong_heterogeneity|0.25,random,lead_score_gbm,net_value_per_1k_leads,-49215.635883755014,-61899.79034244281,-34036.640933386705,-19.0888063132822,8,worse
lead_strong_heterogeneity|strong_heterogeneity|0.25,s_learner,lead_score_gbm,net_value_per_1k_leads,32709.31062678714,16217.097488017029,53573.05862934198,12.686653011463322,8,better
lead_strong_heterogeneity|strong_heterogeneity|0.25,t_learner,lead_score_gbm,net_value_per_1k_leads,24496.059241125316,8647.403985511195,46053.95030686942,9.501056359344373,8,better
lead_strong_heterogeneity|strong_heterogeneity|0.25,x_learner,lead_score_gbm,net_value_per_1k_leads,29533.812014167743,13638.69660424154,50161.27062361235,11.455002198141285,8,better
lead_value_heterogeneity|value_heterogeneity|0.25,call_everyone,lead_score_gbm,net_value_per_1k_leads,-49661.45191129859,-60544.07698418516,-38811.26623607418,-14.133186955959815,8,worse
lead_value_heterogeneity|value_heterogeneity|0.25,causal_forest,lead_score_gbm,net_value_per_1k_leads,-12324.57276985985,-29904.83418217377,6062.856826736082,-3.50745869089525,8,no meaningful evidence of difference
lead_value_heterogeneity|value_heterogeneity|0.25,class_transformation,lead_score_gbm,net_value_per_1k_leads,-22611.681176235074,-39408.144127248415,-4520.1568950927685,-6.435073989038577,8,worse
lead_value_heterogeneity|value_heterogeneity|0.25,do_nothing,lead_score_gbm,net_value_per_1k_leads,-99799.46126971321,-114271.05411286069,-87852.23337027754,-28.40199772548384,8,worse
lead_value_heterogeneity|value_heterogeneity|0.25,dr_learner,lead_score_gbm,net_value_per_1k_leads,-12563.866723330404,-31506.952424385974,10042.016892427142,-3.5755595226605146,8,no meaningful evidence of difference
lead_value_heterogeneity|value_heterogeneity|0.25,existing_policy_capped,lead_score_gbm,net_value_per_1k_leads,-27779.416705605585,-41330.117186196534,-12758.48259907302,-7.905763418457628,8,worse
lead_value_heterogeneity|value_heterogeneity|0.25,existing_policy_replay,lead_score_gbm,net_value_per_1k_leads,-45348.60030337458,-52486.44897852544,-36613.201926137546,-12.905789533166505,8,worse
lead_value_heterogeneity|value_heterogeneity|0.25,fifo,lead_score_gbm,net_value_per_1k_leads,-51993.15435909154,-60054.5236030155,-44330.306935145374,-14.796767768683283,8,worse
lead_value_heterogeneity|value_heterogeneity|0.25,funnel_ev_gbm,lead_score_gbm,net_value_per_1k_leads,6976.968632419968,-6308.006789015563,22390.62970150075,1.985580329869986,8,no meaningful evidence of difference
lead_value_heterogeneity|value_heterogeneity|0.25,hist_conversion_rate,lead_score_gbm,net_value_per_1k_leads,-16639.682708532346,-31089.390037050038,-2068.6140695083886,-4.735498813598621,8,worse
lead_value_heterogeneity|value_heterogeneity|0.25,hist_net_profit,lead_score_gbm,net_value_per_1k_leads,-25479.327912722405,-35589.75230018762,-14921.467466405486,-7.251179557655725,8,worse
lead_value_heterogeneity|value_heterogeneity|0.25,hist_profit_per_agent_hour,lead_score_gbm,net_value_per_1k_leads,-25475.622275011414,-35587.75587038873,-14910.493851135634,-7.250124967655939,8,worse
lead_value_heterogeneity|value_heterogeneity|0.25,hist_roas,lead_score_gbm,net_value_per_1k_leads,-29114.935373377994,-45246.23739365204,-13541.746496425545,-8.28583960005045,8,worse
lead_value_heterogeneity|value_heterogeneity|0.25,last_click_attribution,lead_score_gbm,net_value_per_1k_leads,-42010.40269788771,-50057.350226955605,-32814.6561825474,-11.95576956720676,8,worse
lead_value_heterogeneity|value_heterogeneity|0.25,lead_score_logit,lead_score_gbm,net_value_per_1k_leads,3273.5888092656423,794.4064257979662,6221.611170922319,0.9316329039458281,8,statistically better but below practical threshold
lead_value_heterogeneity|value_heterogeneity|0.25,lowest_cpl,lead_score_gbm,net_value_per_1k_leads,-31208.51143946404,-51941.06323455873,-8053.070182544157,-8.881651861064613,8,worse
lead_value_heterogeneity|value_heterogeneity|0.25,oracle,lead_score_gbm,net_value_per_1k_leads,103713.46525363479,70839.70856096518,138943.3190634231,29.515886827033643,8,better
lead_value_heterogeneity|value_heterogeneity|0.25,propensity_ev_gbm,lead_score_gbm,net_value_per_1k_leads,7390.491601344194,-3636.643459822233,19174.78229735177,2.1032651176774078,8,no meaningful evidence of difference
lead_value_heterogeneity|value_heterogeneity|0.25,propensity_ev_logit,lead_score_gbm,net_value_per_1k_leads,12250.778555855766,2036.9029389967109,22497.33005779253,3.4864575444799044,8,better
lead_value_heterogeneity|value_heterogeneity|0.25,random,lead_score_gbm,net_value_per_1k_leads,-48152.51357414009,-58688.938053293765,-37041.097524149656,-13.70375715068213,8,worse
lead_value_heterogeneity|value_heterogeneity|0.25,s_learner,lead_score_gbm,net_value_per_1k_leads,15284.159628635167,-3751.561175418632,37151.73273821918,4.349729562519866,8,no meaningful evidence of difference
lead_value_heterogeneity|value_heterogeneity|0.25,t_learner,lead_score_gbm,net_value_per_1k_leads,3563.433657283833,-13398.023906982398,24470.318604959248,1.014120049762257,8,no meaningful evidence of difference
lead_value_heterogeneity|value_heterogeneity|0.25,x_learner,lead_score_gbm,net_value_per_1k_leads,6463.876456752878,-10782.708668253126,27761.831385308746,1.8395590726321698,8,no meaningful evidence of difference
lead_very_rare_outcome|very_rare_outcome|0.25,call_everyone,lead_score_gbm,net_value_per_1k_leads,-10192.429826788864,-14007.015885762237,-6542.9514259399475,-20.131958323163563,8,worse
lead_very_rare_outcome|very_rare_outcome|0.25,causal_forest,lead_score_gbm,net_value_per_1k_leads,-2268.0697347178507,-4332.1248057235625,-458.55979159417075,-4.479862618564023,8,worse
lead_very_rare_outcome|very_rare_outcome|0.25,class_transformation,lead_score_gbm,net_value_per_1k_leads,-9771.269380457476,-13677.123922415114,-5868.589808238223,-19.30008754288862,8,worse
lead_very_rare_outcome|very_rare_outcome|0.25,do_nothing,lead_score_gbm,net_value_per_1k_leads,-15898.942252973533,-23315.643355122662,-9555.170095329679,-31.403389403573446,8,worse
lead_very_rare_outcome|very_rare_outcome|0.25,dr_learner,lead_score_gbm,net_value_per_1k_leads,-7132.714071261262,-10909.25687068166,-3684.386421662172,-14.088446509218102,8,worse
lead_very_rare_outcome|very_rare_outcome|0.25,existing_policy_capped,lead_score_gbm,net_value_per_1k_leads,-9389.562243305014,-14299.486345577014,-5199.739968699982,-18.546144439291265,8,worse
lead_very_rare_outcome|very_rare_outcome|0.25,existing_policy_replay,lead_score_gbm,net_value_per_1k_leads,-10707.459995169156,-15383.34611935749,-6753.443150750762,-21.14923938972064,8,worse
lead_very_rare_outcome|very_rare_outcome|0.25,fifo,lead_score_gbm,net_value_per_1k_leads,-10009.148278839864,-15064.360124763241,-5585.651430293185,-19.769942930620346,8,worse
lead_very_rare_outcome|very_rare_outcome|0.25,funnel_ev_gbm,lead_score_gbm,net_value_per_1k_leads,-325.7774002151284,-1145.1713343493798,449.491963686452,-0.643471395458782,8,no meaningful evidence of difference
lead_very_rare_outcome|very_rare_outcome|0.25,hist_conversion_rate,lead_score_gbm,net_value_per_1k_leads,-6649.651957238926,-10273.83237107039,-3581.917634567539,-13.134308338804932,8,worse
lead_very_rare_outcome|very_rare_outcome|0.25,hist_net_profit,lead_score_gbm,net_value_per_1k_leads,-6704.490867391986,-10241.084564527635,-3783.8452190402395,-13.242625459692771,8,worse
lead_very_rare_outcome|very_rare_outcome|0.25,hist_profit_per_agent_hour,lead_score_gbm,net_value_per_1k_leads,-6669.5817062855995,-10240.175866516644,-3714.026896827465,-13.173673326743742,8,worse
lead_very_rare_outcome|very_rare_outcome|0.25,hist_roas,lead_score_gbm,net_value_per_1k_leads,-7264.056677226803,-10889.059768466908,-4151.117627815671,-14.347872761278648,8,worse
lead_very_rare_outcome|very_rare_outcome|0.25,last_click_attribution,lead_score_gbm,net_value_per_1k_leads,-8414.081431024273,-12268.975583439897,-4815.6073281262325,-16.619387091767912,8,worse
lead_very_rare_outcome|very_rare_outcome|0.25,lead_score_logit,lead_score_gbm,net_value_per_1k_leads,1705.0245866465887,-78.39964407449702,3818.9774148846486,3.3677429721537346,8,no meaningful evidence of difference
lead_very_rare_outcome|very_rare_outcome|0.25,lowest_cpl,lead_score_gbm,net_value_per_1k_leads,-9073.309398077072,-12358.345471579532,-6166.121693692654,-17.92148582423002,8,worse
lead_very_rare_outcome|very_rare_outcome|0.25,oracle,lead_score_gbm,net_value_per_1k_leads,8906.721578358553,5208.014583516226,13255.863293533079,17.592443672288464,8,better
lead_very_rare_outcome|very_rare_outcome|0.25,propensity_ev_gbm,lead_score_gbm,net_value_per_1k_leads,-400.5603103458441,-1121.5301945111328,412.75315061883566,-0.7911816525438455,8,no meaningful evidence of difference
lead_very_rare_outcome|very_rare_outcome|0.25,propensity_ev_logit,lead_score_gbm,net_value_per_1k_leads,1177.0010792550236,-153.23722944900695,2723.0980568892164,2.324797626921304,8,no meaningful evidence of difference
lead_very_rare_outcome|very_rare_outcome|0.25,random,lead_score_gbm,net_value_per_1k_leads,-9997.285635254819,-14038.027617342326,-6185.527251087832,-19.74651198723244,8,worse
lead_very_rare_outcome|very_rare_outcome|0.25,s_learner,lead_score_gbm,net_value_per_1k_leads,-1502.1541618071353,-2635.246045777173,-550.529457589982,-2.9670358780380734,8,worse
lead_very_rare_outcome|very_rare_outcome|0.25,t_learner,lead_score_gbm,net_value_per_1k_leads,-4377.564026628197,-6332.748557450646,-2644.2972885070412,-8.646509030597276,8,worse
lead_very_rare_outcome|very_rare_outcome|0.25,x_learner,lead_score_gbm,net_value_per_1k_leads,-5024.271249140871,-6984.077862479039,-2995.903630551106,-9.923876946998798,8,worse
abl_agent_time_heterogeneity|agent_time_heterogeneity|0.25,abl_propensity_ev_no_effort_model,propensity_ev_gbm,net_value_per_1k_leads,-15369.23444966042,-21777.82500620057,-10919.789357463736,-6.344584404440767,6,worse
abl_agent_time_heterogeneity|agent_time_heterogeneity|0.25,abl_propensity_ev_no_optimizer,propensity_ev_gbm,net_value_per_1k_leads,-16734.28647362434,-25712.27144249064,-11026.263233084357,-6.908092483574998,6,worse
abl_agent_time_heterogeneity|agent_time_heterogeneity|0.25,abl_propensity_ev_no_value_model,propensity_ev_gbm,net_value_per_1k_leads,-9227.821249597657,-16987.497012303993,-2252.581072079498,-3.809343333197574,6,worse
abl_agent_time_heterogeneity|agent_time_heterogeneity|0.25,abl_t_learner_no_effort_model,propensity_ev_gbm,net_value_per_1k_leads,-9911.83613607446,-13503.601994278652,-6789.079352076767,-4.091711996084484,6,worse
abl_agent_time_heterogeneity|agent_time_heterogeneity|0.25,abl_t_learner_no_optimizer,propensity_ev_gbm,net_value_per_1k_leads,-11161.15128854976,-14391.771548274448,-8156.904565294874,-4.6074426564884225,6,worse
abl_agent_time_heterogeneity|agent_time_heterogeneity|0.25,abl_t_learner_no_value_model,propensity_ev_gbm,net_value_per_1k_leads,-7373.170143712775,-11896.298726012936,-2662.8882978513648,-3.043723515202278,6,worse
abl_agent_time_heterogeneity|agent_time_heterogeneity|0.25,hist_profit_per_agent_hour,propensity_ev_gbm,net_value_per_1k_leads,-22646.03056498525,-32446.712104476464,-12897.13731719576,-9.348523689692879,6,worse
abl_agent_time_heterogeneity|agent_time_heterogeneity|0.25,oracle,propensity_ev_gbm,net_value_per_1k_leads,48724.62558985061,36034.03612439345,62221.257910499466,20.1140467107919,6,better
abl_agent_time_heterogeneity|agent_time_heterogeneity|0.25,t_learner,propensity_ev_gbm,net_value_per_1k_leads,-5046.545773706646,-9025.164560627041,-1668.041291188633,-2.0832680844987106,6,worse
abl_capacity_value_heterogeneity|capacity_value_heterogeneity|0.25,abl_propensity_ev_no_effort_model,propensity_ev_gbm,net_value_per_1k_leads,-31899.583168205125,-37790.15787201162,-26009.00846439863,-6.256078781841833,6,worse
abl_capacity_value_heterogeneity|capacity_value_heterogeneity|0.25,abl_propensity_ev_no_optimizer,propensity_ev_gbm,net_value_per_1k_leads,-32344.706570464838,-38226.355804658815,-26463.057336270856,-6.343375442036247,6,worse
abl_capacity_value_heterogeneity|capacity_value_heterogeneity|0.25,abl_propensity_ev_no_value_model,propensity_ev_gbm,net_value_per_1k_leads,23922.19546417758,5159.435439687785,44709.863005679275,4.6915703778751,6,better
abl_capacity_value_heterogeneity|capacity_value_heterogeneity|0.25,abl_t_learner_no_effort_model,propensity_ev_gbm,net_value_per_1k_leads,2309.3282881102155,-14991.182981281008,19875.265349753103,0.45290057952711305,6,no meaningful evidence of difference
abl_capacity_value_heterogeneity|capacity_value_heterogeneity|0.25,abl_t_learner_no_optimizer,propensity_ev_gbm,net_value_per_1k_leads,4271.500137867348,-11275.533837403424,21456.503251734142,0.8377175726164818,6,no meaningful evidence of difference
abl_capacity_value_heterogeneity|capacity_value_heterogeneity|0.25,abl_t_learner_no_value_model,propensity_ev_gbm,net_value_per_1k_leads,39945.68395559516,17013.691565173533,63004.25415478006,7.8340630503862405,6,better
abl_capacity_value_heterogeneity|capacity_value_heterogeneity|0.25,hist_profit_per_agent_hour,propensity_ev_gbm,net_value_per_1k_leads,-45540.233696095296,-78981.46726891336,-20012.87985702965,-8.931254312759432,6,worse
abl_capacity_value_heterogeneity|capacity_value_heterogeneity|0.25,oracle,propensity_ev_gbm,net_value_per_1k_leads,108715.75596236251,79825.56876403648,140102.3084280405,21.32110412044295,6,better
abl_capacity_value_heterogeneity|capacity_value_heterogeneity|0.25,t_learner,propensity_ev_gbm,net_value_per_1k_leads,28437.03605115922,15725.761295345214,43026.06791556627,5.577011364695474,6,better
abl_propensity_not_uplift|propensity_not_uplift|0.25,abl_propensity_ev_no_effort_model,propensity_ev_gbm,net_value_per_1k_leads,-205.88359664562935,-1706.5519682440888,1346.6813159038236,-0.06322359023075456,6,no meaningful evidence of difference
abl_propensity_not_uplift|propensity_not_uplift|0.25,abl_propensity_ev_no_optimizer,propensity_ev_gbm,net_value_per_1k_leads,-286.92193221619044,-1788.8657304488006,1227.4897132986225,-0.08810917900310468,6,no meaningful evidence of difference
abl_propensity_not_uplift|propensity_not_uplift|0.25,abl_propensity_ev_no_value_model,propensity_ev_gbm,net_value_per_1k_leads,-4193.130271442632,-8022.478677316122,848.8496728444783,-1.2876438647133448,6,no meaningful evidence of difference
abl_propensity_not_uplift|propensity_not_uplift|0.25,abl_t_learner_no_effort_model,propensity_ev_gbm,net_value_per_1k_leads,9122.47876360835,5749.041859745829,13383.300929006256,2.8013686793701083,6,better
abl_propensity_not_uplift|propensity_not_uplift|0.25,abl_t_learner_no_optimizer,propensity_ev_gbm,net_value_per_1k_leads,9135.301276505284,5757.763241102555,13410.391498283401,2.8053062699034608,6,better
abl_propensity_not_uplift|propensity_not_uplift|0.25,abl_t_learner_no_value_model,propensity_ev_gbm,net_value_per_1k_leads,8641.323017329225,3437.6349780978003,14466.701240419226,2.653613373772429,6,better
abl_propensity_not_uplift|propensity_not_uplift|0.25,hist_profit_per_agent_hour,propensity_ev_gbm,net_value_per_1k_leads,311.3475473817962,-4031.1001019486525,5450.958786551525,0.09560989838786653,6,no meaningful evidence of difference
abl_propensity_not_uplift|propensity_not_uplift|0.25,oracle,propensity_ev_gbm,net_value_per_1k_leads,48064.03350487413,42052.3814525662,56367.06513027271,14.759703097570348,6,better
abl_propensity_not_uplift|propensity_not_uplift|0.25,t_learner,propensity_ev_gbm,net_value_per_1k_leads,9645.590494025557,5642.581162771239,14416.24046862708,2.96200800288904,6,better
abl_sparse|sparse|0.25,abl_propensity_ev_no_effort_model,propensity_ev_gbm,net_value_per_1k_leads,704.0272586636905,-446.20219659134455,2293.405530946271,0.313595876401355,6,no meaningful evidence of difference
abl_sparse|sparse|0.25,abl_propensity_ev_no_optimizer,propensity_ev_gbm,net_value_per_1k_leads,759.0252514681779,-406.52613123399595,2321.881105679616,0.3380937115939515,6,no meaningful evidence of difference
abl_sparse|sparse|0.25,abl_propensity_ev_no_value_model,propensity_ev_gbm,net_value_per_1k_leads,-4911.0672160706645,-6998.403363927016,-2489.8991247832987,-2.187543747401028,6,worse
abl_sparse|sparse|0.25,abl_t_learner_no_effort_model,propensity_ev_gbm,net_value_per_1k_leads,-8454.679109836065,-11996.68375332654,-4727.1804397946835,-3.765979899945611,6,worse
abl_sparse|sparse|0.25,abl_t_learner_no_optimizer,propensity_ev_gbm,net_value_per_1k_leads,-8763.423690361407,-12399.860124124947,-4891.996793366382,-3.903504443381314,6,worse
abl_sparse|sparse|0.25,abl_t_learner_no_value_model,propensity_ev_gbm,net_value_per_1k_leads,-11890.69230172449,-13207.229371946945,-10828.18367396802,-5.296488207652476,6,worse
abl_sparse|sparse|0.25,hist_profit_per_agent_hour,propensity_ev_gbm,net_value_per_1k_leads,-20733.579562428848,-29738.88496976734,-15013.486877932572,-9.235388223686726,6,worse
abl_sparse|sparse|0.25,oracle,propensity_ev_gbm,net_value_per_1k_leads,49931.46380431475,40397.70107441705,58395.32275811253,22.241043878666765,6,better
abl_sparse|sparse|0.25,t_learner,propensity_ev_gbm,net_value_per_1k_leads,-7912.5544359031,-10706.93710127014,-4978.61559475175,-3.5245005251789325,6,worse
abl_value_heterogeneity|value_heterogeneity|0.25,abl_propensity_ev_no_effort_model,propensity_ev_gbm,net_value_per_1k_leads,514.442546180852,-5226.611549341954,7120.673376698881,0.13335559657654575,6,no meaningful evidence of difference
abl_value_heterogeneity|value_heterogeneity|0.25,abl_propensity_ev_no_optimizer,propensity_ev_gbm,net_value_per_1k_leads,837.1069725506677,-4650.696400192765,7248.494095788221,0.21699779800801297,6,no meaningful evidence of difference
abl_value_heterogeneity|value_heterogeneity|0.25,abl_propensity_ev_no_value_model,propensity_ev_gbm,net_value_per_1k_leads,-6828.776029566633,-17254.429028532173,3004.924381898187,-1.7701792125691203,6,no meaningful evidence of difference
abl_value_heterogeneity|value_heterogeneity|0.25,abl_t_learner_no_effort_model,propensity_ev_gbm,net_value_per_1k_leads,-4370.649990766654,-20466.665902051816,11830.149077779215,-1.1329751811411424,6,no meaningful evidence of difference
abl_value_heterogeneity|value_heterogeneity|0.25,abl_t_learner_no_optimizer,propensity_ev_gbm,net_value_per_1k_leads,-4176.180201982934,-19842.211538420892,11806.249067527076,-1.0825640421482745,6,no meaningful evidence of difference
abl_value_heterogeneity|value_heterogeneity|0.25,abl_t_learner_no_value_model,propensity_ev_gbm,net_value_per_1k_leads,-8256.51327573605,-26753.43027639449,9542.056850523475,-2.140282256399681,6,no meaningful evidence of difference
abl_value_heterogeneity|value_heterogeneity|0.25,hist_profit_per_agent_hour,propensity_ev_gbm,net_value_per_1k_leads,-37323.86984450447,-47921.75809797008,-26285.72661596557,-9.675224117076539,6,worse
abl_value_heterogeneity|value_heterogeneity|0.25,oracle,propensity_ev_gbm,net_value_per_1k_leads,103860.15081737454,76082.75822592032,136135.9559371175,26.922991645235967,6,better
abl_value_heterogeneity|value_heterogeneity|0.25,t_learner,propensity_ev_gbm,net_value_per_1k_leads,-3445.8161842994305,-20294.48788544432,14664.021187374112,-0.8932365263366523,6,no meaningful evidence of difference
bayes_hidden_confounding_n5000|hidden_confounding|0.25,abl_bayes_no_hierarchy,propensity_ev_gbm,net_value_per_1k_leads,-8547.53546491998,-26422.130651491905,2592.1187589400506,-3.2773204049042612,4,no meaningful evidence of difference
bayes_hidden_confounding_n5000|hidden_confounding|0.25,bayes_hierarchical,propensity_ev_gbm,net_value_per_1k_leads,-5511.671960355932,-18728.27406188227,6694.865952087857,-2.1133009690275997,4,no meaningful evidence of difference
bayes_hidden_confounding_n5000|hidden_confounding|0.25,bayes_hierarchical_abstain25,propensity_ev_gbm,net_value_per_1k_leads,-50512.215173178556,-78760.82043144263,-29875.837467279838,-19.36753748064414,4,worse
bayes_hidden_confounding_n5000|hidden_confounding|0.25,bayes_hierarchical_abstain50,propensity_ev_gbm,net_value_per_1k_leads,-28897.329802050328,-38132.874173989476,-19661.78543011118,-11.07989653815308,4,worse
bayes_hidden_confounding_n5000|hidden_confounding|0.25,bayes_hierarchical_lcb10,propensity_ev_gbm,net_value_per_1k_leads,-7001.573824811487,-20452.213349472222,6449.065699849249,-2.684563387501906,4,no meaningful evidence of difference
bayes_hidden_confounding_n5000|hidden_confounding|0.25,bayes_hierarchical_lcb25,propensity_ev_gbm,net_value_per_1k_leads,-4709.398648553288,-18119.681386276592,6338.256227228296,-1.805691049668752,4,no meaningful evidence of difference
bayes_hidden_confounding_n5000|hidden_confounding|0.25,hist_profit_per_agent_hour,propensity_ev_gbm,net_value_per_1k_leads,-16647.874298061884,-49671.21055884157,6492.184346627371,-6.383175402926533,4,no meaningful evidence of difference
bayes_hidden_confounding_n5000|hidden_confounding|0.25,oracle,propensity_ev_gbm,net_value_per_1k_leads,50625.95218253502,39589.75383162085,63201.60171425384,19.411146848875077,4,better
bayes_hidden_confounding_n5000|hidden_confounding|0.25,propensity_ev_gbm_bootstrap,propensity_ev_gbm,net_value_per_1k_leads,0.0,0.0,0.0,0.0,4,no meaningful evidence of difference
bayes_hidden_confounding_n5000|hidden_confounding|0.25,propensity_ev_gbm_bootstrap_abstain25,propensity_ev_gbm,net_value_per_1k_leads,-46371.731395791576,-80130.16610878572,-25533.148997818498,-17.779981392050303,4,worse
bayes_hidden_confounding_n5000|hidden_confounding|0.25,propensity_ev_gbm_bootstrap_abstain50,propensity_ev_gbm,net_value_per_1k_leads,-22423.205250637766,-31674.115631405934,-15300.157156667192,-8.5975692540703,4,worse
bayes_hidden_confounding_n5000|hidden_confounding|0.25,propensity_ev_gbm_bootstrap_lcb10,propensity_ev_gbm,net_value_per_1k_leads,-10033.047139103903,-32495.30528311339,2489.4833360239427,-3.84689952411439,4,no meaningful evidence of difference
bayes_hidden_confounding_n5000|hidden_confounding|0.25,propensity_ev_gbm_bootstrap_lcb25,propensity_ev_gbm,net_value_per_1k_leads,1452.3968731646964,-1106.8721380916977,4432.662853318456,0.5568821478398356,4,no meaningful evidence of difference
bayes_hidden_confounding_n5000|hidden_confounding|0.25,t_learner,propensity_ev_gbm,net_value_per_1k_leads,-13700.421823224176,-33988.01988162666,5324.028108856117,-5.253054776002451,4,no meaningful evidence of difference
bayes_propensity_not_uplift_n5000|propensity_not_uplift|0.25,abl_bayes_no_hierarchy,propensity_ev_gbm,net_value_per_1k_leads,3614.2957755532407,-12034.407623965002,19262.999175071483,1.228826831659649,4,no meaningful evidence of difference
bayes_propensity_not_uplift_n5000|propensity_not_uplift|0.25,bayes_hierarchical,propensity_ev_gbm,net_value_per_1k_leads,11993.094073490247,3282.9881002330367,20703.200046747457,4.077540054083501,4,better
bayes_propensity_not_uplift_n5000|propensity_not_uplift|0.25,bayes_hierarchical_abstain25,propensity_ev_gbm,net_value_per_1k_leads,-28215.671488269538,-29532.332591991108,-26549.551908105706,-9.5930649706643,4,worse
bayes_propensity_not_uplift_n5000|propensity_not_uplift|0.25,bayes_hierarchical_abstain50,propensity_ev_gbm,net_value_per_1k_leads,-121.33285712977522,-8777.466167878352,8055.344608858817,-0.041252039031081295,4,no meaningful evidence of difference
bayes_propensity_not_uplift_n5000|propensity_not_uplift|0.25,bayes_hierarchical_lcb10,propensity_ev_gbm,net_value_per_1k_leads,10285.196904073782,2870.2898882718146,19799.762397286708,3.4968709561945035,4,better
bayes_propensity_not_uplift_n5000|propensity_not_uplift|0.25,bayes_hierarchical_lcb25,propensity_ev_gbm,net_value_per_1k_leads,12282.594897978139,3808.6355826318904,20756.554213324387,4.17596763251373,4,better
bayes_propensity_not_uplift_n5000|propensity_not_uplift|0.25,hist_profit_per_agent_hour,propensity_ev_gbm,net_value_per_1k_leads,-9096.205220779608,-13833.66648703198,-2212.638524396243,-3.0926248806700376,4,worse
bayes_propensity_not_uplift_n5000|propensity_not_uplift|0.25,oracle,propensity_ev_gbm,net_value_per_1k_leads,52339.414732875855,35204.98995861875,67228.28366412355,17.794912528229737,4,better
bayes_propensity_not_uplift_n5000|propensity_not_uplift|0.25,propensity_ev_gbm_bootstrap,propensity_ev_gbm,net_value_per_1k_leads,0.0,0.0,0.0,0.0,4,no meaningful evidence of difference
bayes_propensity_not_uplift_n5000|propensity_not_uplift|0.25,propensity_ev_gbm_bootstrap_abstain25,propensity_ev_gbm,net_value_per_1k_leads,-26988.15498892632,-38919.6529386946,-17723.217858314238,-9.175720817233197,4,worse
bayes_propensity_not_uplift_n5000|propensity_not_uplift|0.25,propensity_ev_gbm_bootstrap_abstain50,propensity_ev_gbm,net_value_per_1k_leads,-15471.107252689013,-21294.44734929588,-9647.767156082147,-5.260032074900785,4,worse
bayes_propensity_not_uplift_n5000|propensity_not_uplift|0.25,propensity_ev_gbm_bootstrap_lcb10,propensity_ev_gbm,net_value_per_1k_leads,-5353.0911819775865,-9894.151044609796,-812.0313193453767,-1.8200010417597394,4,statistically worse but below practical threshold
bayes_propensity_not_uplift_n5000|propensity_not_uplift|0.25,propensity_ev_gbm_bootstrap_lcb25,propensity_ev_gbm,net_value_per_1k_leads,-3627.475760317022,-6964.343818560825,-1386.0959963231217,-1.2333079034712444,4,statistically worse but below practical threshold
bayes_propensity_not_uplift_n5000|propensity_not_uplift|0.25,t_learner,propensity_ev_gbm,net_value_per_1k_leads,3730.4815009301383,-13010.281190281006,20471.244192141283,1.2683288939326562,4,no meaningful evidence of difference
bayes_sparse_n5000|sparse|0.25,abl_bayes_no_hierarchy,propensity_ev_gbm,net_value_per_1k_leads,-8397.418977633817,-15402.369990135623,-3410.8525170304347,-3.0791603282287014,4,worse
bayes_sparse_n5000|sparse|0.25,bayes_hierarchical,propensity_ev_gbm,net_value_per_1k_leads,5966.672041145459,-1987.8796242778772,17285.70833859563,2.1878555648563496,4,no meaningful evidence of difference
bayes_sparse_n5000|sparse|0.25,bayes_hierarchical_abstain25,propensity_ev_gbm,net_value_per_1k_leads,-53224.24356651798,-72962.58185794922,-37763.69578856722,-19.51623227643011,4,worse
bayes_sparse_n5000|sparse|0.25,bayes_hierarchical_abstain50,propensity_ev_gbm,net_value_per_1k_leads,-8239.24031179143,-18668.784866290705,5345.404596384724,-3.0211594741649366,4,no meaningful evidence of difference
bayes_sparse_n5000|sparse|0.25,bayes_hierarchical_lcb10,propensity_ev_gbm,net_value_per_1k_leads,6068.825762477631,-7806.218983375555,19943.870508330816,2.225313227376791,4,no meaningful evidence of difference
bayes_sparse_n5000|sparse|0.25,bayes_hierarchical_lcb25,propensity_ev_gbm,net_value_per_1k_leads,5254.280511251061,-6531.762452850569,17040.323475352692,1.9266362851158179,4,no meaningful evidence of difference
bayes_sparse_n5000|sparse|0.25,hist_profit_per_agent_hour,propensity_ev_gbm,net_value_per_1k_leads,-20478.056209237533,-36134.786200082475,-5686.275330570643,-7.508880817625825,4,worse
bayes_sparse_n5000|sparse|0.25,oracle,propensity_ev_gbm,net_value_per_1k_leads,65783.77537500342,45882.94716239207,96948.7835635899,24.121553529164824,4,better
bayes_sparse_n5000|sparse|0.25,propensity_ev_gbm_bootstrap,propensity_ev_gbm,net_value_per_1k_leads,0.0,0.0,0.0,0.0,4,no meaningful evidence of difference
bayes_sparse_n5000|sparse|0.25,propensity_ev_gbm_bootstrap_abstain25,propensity_ev_gbm,net_value_per_1k_leads,-43095.65608680634,-59742.70323115947,-31377.051497565506,-15.802288166747271,4,worse
bayes_sparse_n5000|sparse|0.25,propensity_ev_gbm_bootstrap_abstain50,propensity_ev_gbm,net_value_per_1k_leads,-18586.237425692,-35149.897005139035,-7569.834970724871,-6.81518989163934,4,worse
bayes_sparse_n5000|sparse|0.25,propensity_ev_gbm_bootstrap_lcb10,propensity_ev_gbm,net_value_per_1k_leads,-3606.913241505572,-11383.882368950071,4138.178806366377,-1.3225806870167878,4,no meaningful evidence of difference
bayes_sparse_n5000|sparse|0.25,propensity_ev_gbm_bootstrap_lcb25,propensity_ev_gbm,net_value_per_1k_leads,-4742.795199993729,-9605.306543688406,917.1529583075244,-1.7390851717213225,4,no meaningful evidence of difference
bayes_sparse_n5000|sparse|0.25,t_learner,propensity_ev_gbm,net_value_per_1k_leads,-9920.678321195257,-19769.456939349053,-71.89970304146118,-3.637708109730453,4,worse
bayes_very_rare_outcome_n5000|very_rare_outcome|0.25,abl_bayes_no_hierarchy,propensity_ev_gbm,net_value_per_1k_leads,-3384.8604394507674,-5146.712170544135,-1216.5445733264842,-6.7691178421830385,4,worse
bayes_very_rare_outcome_n5000|very_rare_outcome|0.25,bayes_hierarchical,propensity_ev_gbm,net_value_per_1k_leads,-1824.1477213050225,-3803.165977330701,-211.0916087775886,-3.647970457850529,4,worse
bayes_very_rare_outcome_n5000|very_rare_outcome|0.25,bayes_hierarchical_abstain25,propensity_ev_gbm,net_value_per_1k_leads,-13826.026155454952,-24570.58487939786,-5171.726885008295,-27.64958910700777,4,worse
bayes_very_rare_outcome_n5000|very_rare_outcome|0.25,bayes_hierarchical_abstain50,propensity_ev_gbm,net_value_per_1k_leads,-13657.775845676146,-24571.70536448725,-5173.967855187075,-27.313118462427415,4,worse
bayes_very_rare_outcome_n5000|very_rare_outcome|0.25,bayes_hierarchical_lcb10,propensity_ev_gbm,net_value_per_1k_leads,-1761.9066199586578,-4201.093503064945,1404.516581791475,-3.523499343848215,4,no meaningful evidence of difference
bayes_very_rare_outcome_n5000|very_rare_outcome|0.25,bayes_hierarchical_lcb25,propensity_ev_gbm,net_value_per_1k_leads,-2627.46022446978,-4228.059830813065,-1017.8911919230413,-5.25445234840186,4,worse
bayes_very_rare_outcome_n5000|very_rare_outcome|0.25,hist_profit_per_agent_hour,propensity_ev_gbm,net_value_per_1k_leads,-3409.247181277635,-8698.929893914144,1880.4355313588749,-6.817886981167021,4,no meaningful evidence of difference
bayes_very_rare_outcome_n5000|very_rare_outcome|0.25,oracle,propensity_ev_gbm,net_value_per_1k_leads,5366.57049088774,2576.053055288553,9773.455535090354,10.732184889459033,4,better
bayes_very_rare_outcome_n5000|very_rare_outcome|0.25,propensity_ev_gbm_bootstrap,propensity_ev_gbm,net_value_per_1k_leads,0.0,0.0,0.0,0.0,4,no meaningful evidence of difference
bayes_very_rare_outcome_n5000|very_rare_outcome|0.25,propensity_ev_gbm_bootstrap_abstain25,propensity_ev_gbm,net_value_per_1k_leads,-8359.831668671477,-12261.429646125536,-4458.233691217419,-16.71817397447354,4,worse
bayes_very_rare_outcome_n5000|very_rare_outcome|0.25,propensity_ev_gbm_bootstrap_abstain50,propensity_ev_gbm,net_value_per_1k_leads,-4866.673883388354,-8113.001660455258,-2119.5949473378632,-9.732480734560422,4,worse
bayes_very_rare_outcome_n5000|very_rare_outcome|0.25,propensity_ev_gbm_bootstrap_lcb10,propensity_ev_gbm,net_value_per_1k_leads,-1419.517353921317,-2841.964848926703,2.930141084068964,-2.8387818108318794,4,no meaningful evidence of difference
bayes_very_rare_outcome_n5000|very_rare_outcome|0.25,propensity_ev_gbm_bootstrap_lcb25,propensity_ev_gbm,net_value_per_1k_leads,-1443.7267157704478,-3034.614581638697,147.1611500978015,-2.8871962214618807,4,no meaningful evidence of difference
bayes_very_rare_outcome_n5000|very_rare_outcome|0.25,t_learner,propensity_ev_gbm,net_value_per_1k_leads,-5517.830746627495,-8748.033189658523,-3045.487134614681,-11.034678452859028,4,worse
lead_agent_time_heterogeneity|agent_time_heterogeneity|0.25,call_everyone,propensity_ev_gbm,net_value_per_1k_leads,-32677.31687441982,-38529.71727358774,-27444.866334675775,-14.491490723937964,8,worse
lead_agent_time_heterogeneity|agent_time_heterogeneity|0.25,causal_forest,propensity_ev_gbm,net_value_per_1k_leads,-4911.596668212393,-9264.35050782467,-684.0051363337225,-2.178157950686648,8,worse
lead_agent_time_heterogeneity|agent_time_heterogeneity|0.25,class_transformation,propensity_ev_gbm,net_value_per_1k_leads,-11829.402902849739,-16352.637643162005,-7118.279408282269,-5.246014631347099,8,worse
lead_agent_time_heterogeneity|agent_time_heterogeneity|0.25,do_nothing,propensity_ev_gbm,net_value_per_1k_leads,-62399.747018142894,-77211.25694781245,-50222.254086004396,-27.672570504017198,8,worse
lead_agent_time_heterogeneity|agent_time_heterogeneity|0.25,dr_learner,propensity_ev_gbm,net_value_per_1k_leads,-5717.33257734094,-9904.12945727313,-1392.4179836859166,-2.5354796517905847,8,worse
lead_agent_time_heterogeneity|agent_time_heterogeneity|0.25,existing_policy_capped,propensity_ev_gbm,net_value_per_1k_leads,-23539.595009016077,-33163.623572856945,-15199.521615794114,-10.439162555156068,8,worse
lead_agent_time_heterogeneity|agent_time_heterogeneity|0.25,existing_policy_replay,propensity_ev_gbm,net_value_per_1k_leads,-31208.40729744912,-38725.98895004568,-24216.21434043125,-13.84006975229638,8,worse
lead_agent_time_heterogeneity|agent_time_heterogeneity|0.25,fifo,propensity_ev_gbm,net_value_per_1k_leads,-34540.379370268,-42448.61569143983,-26631.58143020124,-15.317707667650236,8,worse
lead_agent_time_heterogeneity|agent_time_heterogeneity|0.25,funnel_ev_gbm,propensity_ev_gbm,net_value_per_1k_leads,1240.238103260357,-931.0088574020137,3866.3437501629087,0.5500114663006886,8,no meaningful evidence of difference
lead_agent_time_heterogeneity|agent_time_heterogeneity|0.25,hist_conversion_rate,propensity_ev_gbm,net_value_per_1k_leads,-17781.33846240183,-25797.264509804816,-10430.980357255452,-7.885534249258109,8,worse
lead_agent_time_heterogeneity|agent_time_heterogeneity|0.25,hist_net_profit,propensity_ev_gbm,net_value_per_1k_leads,-20122.351115934147,-29056.799167719382,-11823.948164575999,-8.923708934274606,8,worse
lead_agent_time_heterogeneity|agent_time_heterogeneity|0.25,hist_profit_per_agent_hour,propensity_ev_gbm,net_value_per_1k_leads,-19784.700348520295,-28185.814492375357,-12073.03130138684,-8.77397011138677,8,worse
lead_agent_time_heterogeneity|agent_time_heterogeneity|0.25,hist_roas,propensity_ev_gbm,net_value_per_1k_leads,-24615.620780668705,-35480.87223083104,-15341.771155428652,-10.91635037166339,8,worse
lead_agent_time_heterogeneity|agent_time_heterogeneity|0.25,last_click_attribution,propensity_ev_gbm,net_value_per_1k_leads,-28260.831386881968,-36654.58181420101,-21176.50667076568,-12.53290095596462,8,worse
lead_agent_time_heterogeneity|agent_time_heterogeneity|0.25,lead_score_gbm,propensity_ev_gbm,net_value_per_1k_leads,-23194.653600751386,-33918.72186714046,-14548.6882946902,-10.28619053369604,8,worse
lead_agent_time_heterogeneity|agent_time_heterogeneity|0.25,lead_score_logit,propensity_ev_gbm,net_value_per_1k_leads,-24222.73836219623,-37733.05483814872,-13411.021683878942,-10.742117831556978,8,worse
lead_agent_time_heterogeneity|agent_time_heterogeneity|0.25,lowest_cpl,propensity_ev_gbm,net_value_per_1k_leads,-27274.473993151874,-38664.320078447534,-15666.870663051886,-12.095478597309565,8,worse
lead_agent_time_heterogeneity|agent_time_heterogeneity|0.25,oracle,propensity_ev_gbm,net_value_per_1k_leads,45612.77563468504,35484.83846945669,56876.97918564498,20.22801068837258,8,better
lead_agent_time_heterogeneity|agent_time_heterogeneity|0.25,propensity_ev_logit,propensity_ev_gbm,net_value_per_1k_leads,3528.3680418045824,1053.2102662443797,6034.2458557361315,1.5647341226010036,8,statistically better but below practical threshold
lead_agent_time_heterogeneity|agent_time_heterogeneity|0.25,random,propensity_ev_gbm,net_value_per_1k_leads,-32936.683005309984,-38649.51591398503,-27806.067250223576,-14.606512464992866,8,worse
lead_agent_time_heterogeneity|agent_time_heterogeneity|0.25,s_learner,propensity_ev_gbm,net_value_per_1k_leads,3362.6952369179853,-285.9275599209941,7839.09428160981,1.491262793102029,8,no meaningful evidence of difference
lead_agent_time_heterogeneity|agent_time_heterogeneity|0.25,t_learner,propensity_ev_gbm,net_value_per_1k_leads,-4373.904651279565,-7605.306061441905,-1733.543787687413,-1.9397063389566407,8,statistically worse but below practical threshold
lead_agent_time_heterogeneity|agent_time_heterogeneity|0.25,x_learner,propensity_ev_gbm,net_value_per_1k_leads,1311.6117623118353,-3286.123503152936,6014.669286543431,0.5816637198211628,8,no meaningful evidence of difference
lead_capacity_value_heterogeneity|capacity_value_heterogeneity|0.25,call_everyone,propensity_ev_gbm,net_value_per_1k_leads,-57697.81787807676,-92569.8882720291,-32813.23676812625,-12.042023389901946,8,worse
lead_capacity_value_heterogeneity|capacity_value_heterogeneity|0.25,causal_forest,propensity_ev_gbm,net_value_per_1k_leads,32441.619065390907,18114.5442508685,48162.104231611534,6.770840734692065,8,better
lead_capacity_value_heterogeneity|capacity_value_heterogeneity|0.25,class_transformation,propensity_ev_gbm,net_value_per_1k_leads,-2584.006089099843,-13827.132027723339,10046.409205924763,-0.5393039617259537,8,no meaningful evidence of difference
lead_capacity_value_heterogeneity|capacity_value_heterogeneity|0.25,do_nothing,propensity_ev_gbm,net_value_per_1k_leads,-104672.80397094478,-140658.16202509866,-77642.39491410692,-21.846100945590102,8,worse
lead_capacity_value_heterogeneity|capacity_value_heterogeneity|0.25,dr_learner,propensity_ev_gbm,net_value_per_1k_leads,28601.959848580693,14010.451846621625,45594.641826107276,5.9694713276932285,8,better
lead_capacity_value_heterogeneity|capacity_value_heterogeneity|0.25,existing_policy_capped,propensity_ev_gbm,net_value_per_1k_leads,-49677.60635733015,-77061.69095733772,-28219.419985538618,-10.368137300676226,8,worse
lead_capacity_value_heterogeneity|capacity_value_heterogeneity|0.25,existing_policy_replay,propensity_ev_gbm,net_value_per_1k_leads,-55919.75478417048,-85395.2103737135,-33091.90476108275,-11.670926558982167,8,worse
lead_capacity_value_heterogeneity|capacity_value_heterogeneity|0.25,fifo,propensity_ev_gbm,net_value_per_1k_leads,-64664.53023197329,-93752.63025589162,-42480.257498091334,-13.49603527807454,8,worse
lead_capacity_value_heterogeneity|capacity_value_heterogeneity|0.25,funnel_ev_gbm,propensity_ev_gbm,net_value_per_1k_leads,732.2659355227879,-4106.826311784498,5707.944729220402,0.1528301042827544,8,no meaningful evidence of difference
lead_capacity_value_heterogeneity|capacity_value_heterogeneity|0.25,hist_conversion_rate,propensity_ev_gbm,net_value_per_1k_leads,-38205.29710510419,-75255.51678005847,-11135.078142001985,-7.973769169745821,8,worse
lead_capacity_value_heterogeneity|capacity_value_heterogeneity|0.25,hist_net_profit,propensity_ev_gbm,net_value_per_1k_leads,-39127.02572663354,-65881.79966413302,-19543.174092638335,-8.166141741669653,8,worse
lead_capacity_value_heterogeneity|capacity_value_heterogeneity|0.25,hist_profit_per_agent_hour,propensity_ev_gbm,net_value_per_1k_leads,-38931.37356552341,-65982.53699440259,-18917.90129440181,-8.125307478139069,8,worse
lead_capacity_value_heterogeneity|capacity_value_heterogeneity|0.25,hist_roas,propensity_ev_gbm,net_value_per_1k_leads,-45379.0347462112,-68006.18616357351,-29000.739973258926,-9.470988989215885,8,worse
lead_capacity_value_heterogeneity|capacity_value_heterogeneity|0.25,last_click_attribution,propensity_ev_gbm,net_value_per_1k_leads,-57901.02947498515,-89323.04251444193,-30817.769044685567,-12.084435371724918,8,worse
lead_capacity_value_heterogeneity|capacity_value_heterogeneity|0.25,lead_score_gbm,propensity_ev_gbm,net_value_per_1k_leads,-49801.07243500496,-65268.39171678586,-34592.93157653482,-10.393905717054835,8,worse
lead_capacity_value_heterogeneity|capacity_value_heterogeneity|0.25,lead_score_logit,propensity_ev_gbm,net_value_per_1k_leads,-50951.60936580845,-64616.84252085621,-37275.25932729293,-10.634032521520105,8,worse
lead_capacity_value_heterogeneity|capacity_value_heterogeneity|0.25,lowest_cpl,propensity_ev_gbm,net_value_per_1k_leads,-53793.38944870341,-88412.46063241156,-26749.500212545776,-11.227136099535686,8,worse
lead_capacity_value_heterogeneity|capacity_value_heterogeneity|0.25,oracle,propensity_ev_gbm,net_value_per_1k_leads,103741.43179915848,79813.04744782143,129899.55175517901,21.65171568303036,8,better
lead_capacity_value_heterogeneity|capacity_value_heterogeneity|0.25,propensity_ev_logit,propensity_ev_gbm,net_value_per_1k_leads,-10305.182486762933,-15559.104652553258,-5005.605598037837,-2.1507788874275464,8,worse
lead_capacity_value_heterogeneity|capacity_value_heterogeneity|0.25,random,propensity_ev_gbm,net_value_per_1k_leads,-58661.98047362512,-84981.22175493526,-36606.746348639484,-12.24325229169155,8,worse
lead_capacity_value_heterogeneity|capacity_value_heterogeneity|0.25,s_learner,propensity_ev_gbm,net_value_per_1k_leads,32739.461860464886,14498.818465364115,54223.190659764135,6.833003049259553,8,better
lead_capacity_value_heterogeneity|capacity_value_heterogeneity|0.25,t_learner,propensity_ev_gbm,net_value_per_1k_leads,22132.628299822005,10223.113155312676,35761.100716515415,4.619267027215108,8,better
lead_capacity_value_heterogeneity|capacity_value_heterogeneity|0.25,x_learner,propensity_ev_gbm,net_value_per_1k_leads,32503.567601109746,19586.854316462093,46238.50085717858,6.7837699189061516,8,better
lead_concept_drift|concept_drift|0.25,call_everyone,propensity_ev_gbm,net_value_per_1k_leads,-2055.8204748162707,-3964.835671071765,-684.7686272566561,-2.7141167686301766,8,worse
lead_concept_drift|concept_drift|0.25,causal_forest,propensity_ev_gbm,net_value_per_1k_leads,-908.6971031105363,-1962.422000797176,-77.55398076547736,-1.1996718951728438,8,statistically worse but below practical threshold
lead_concept_drift|concept_drift|0.25,class_transformation,propensity_ev_gbm,net_value_per_1k_leads,-1602.535633504037,-2731.533649482997,-578.5924360116683,-2.1156851429886663,8,worse
lead_concept_drift|concept_drift|0.25,do_nothing,propensity_ev_gbm,net_value_per_1k_leads,-2138.1088342838584,-4416.219930012377,-110.74852137223479,-2.822754764520361,8,worse
lead_concept_drift|concept_drift|0.25,dr_learner,propensity_ev_gbm,net_value_per_1k_leads,-888.1370899726548,-1908.303623854989,-144.66462551156746,-1.1725283400305748,8,statistically worse but below practical threshold
lead_concept_drift|concept_drift|0.25,existing_policy_capped,propensity_ev_gbm,net_value_per_1k_leads,-2009.428080528527,-3496.1382458460866,-875.1561348526466,-2.652869020193134,8,worse
lead_concept_drift|concept_drift|0.25,existing_policy_replay,propensity_ev_gbm,net_value_per_1k_leads,-1959.9667389645497,-3136.058278965066,-873.6978954253132,-2.5875696138576987,8,worse
lead_concept_drift|concept_drift|0.25,fifo,propensity_ev_gbm,net_value_per_1k_leads,-2175.4086923233726,-3661.874321834958,-838.7638987798088,-2.8719984467449087,8,worse
lead_concept_drift|concept_drift|0.25,funnel_ev_gbm,propensity_ev_gbm,net_value_per_1k_leads,-123.8403249406656,-422.20867429998543,60.70595191339817,-0.16349535704673301,8,no meaningful evidence of difference
lead_concept_drift|concept_drift|0.25,hist_conversion_rate,propensity_ev_gbm,net_value_per_1k_leads,-1449.5945189149352,-2765.067290391773,-329.49349311082005,-1.9137706038524764,8,statistically worse but below practical threshold
lead_concept_drift|concept_drift|0.25,hist_net_profit,propensity_ev_gbm,net_value_per_1k_leads,-1624.9654115071125,-3226.8613796782374,-284.9774646375527,-2.145297182240411,8,worse
lead_concept_drift|concept_drift|0.25,hist_profit_per_agent_hour,propensity_ev_gbm,net_value_per_1k_leads,-1628.1833403816418,-3230.0793085527666,-291.7929161644897,-2.149545527281045,8,worse
lead_concept_drift|concept_drift|0.25,hist_roas,propensity_ev_gbm,net_value_per_1k_leads,-1808.766617072371,-3782.0352659564514,-234.38997441848142,-2.3879535524002096,8,worse
lead_concept_drift|concept_drift|0.25,last_click_attribution,propensity_ev_gbm,net_value_per_1k_leads,-1949.7138141036826,-3323.645214928177,-744.0574911824255,-2.5740335898549844,8,worse
lead_concept_drift|concept_drift|0.25,lead_score_gbm,propensity_ev_gbm,net_value_per_1k_leads,-294.10789028044155,-910.8738100489413,211.26325032856175,-0.3882844667494275,8,no meaningful evidence of difference
lead_concept_drift|concept_drift|0.25,lead_score_logit,propensity_ev_gbm,net_value_per_1k_leads,10.591709502498816,-545.3286403060793,402.224829048243,0.013983291207254252,8,no meaningful evidence of difference
lead_concept_drift|concept_drift|0.25,lowest_cpl,propensity_ev_gbm,net_value_per_1k_leads,-2303.6461592328983,-4242.09899292334,-666.806237531006,-3.0412989589099637,8,worse
lead_concept_drift|concept_drift|0.25,oracle,propensity_ev_gbm,net_value_per_1k_leads,859.9361539472116,639.6806218699867,1066.5575399784216,1.1352971545767172,8,statistically better but below practical threshold
lead_concept_drift|concept_drift|0.25,propensity_ev_logit,propensity_ev_gbm,net_value_per_1k_leads,156.3262690562433,20.934454900630953,333.63547641023706,0.20638365724072347,8,statistically better but below practical threshold
lead_concept_drift|concept_drift|0.25,random,propensity_ev_gbm,net_value_per_1k_leads,-2624.4488416533245,-4478.058536627961,-1021.143962969556,-3.46482618341464,8,worse
lead_concept_drift|concept_drift|0.25,s_learner,propensity_ev_gbm,net_value_per_1k_leads,-587.1365231032728,-1423.8482959417533,-23.496329950026393,-0.7751440859505149,8,statistically worse but below practical threshold
lead_concept_drift|concept_drift|0.25,t_learner,propensity_ev_gbm,net_value_per_1k_leads,-1088.5900494928287,-2107.911739024618,-277.493851816786,-1.4371685386373487,8,statistically worse but below practical threshold
lead_concept_drift|concept_drift|0.25,x_learner,propensity_ev_gbm,net_value_per_1k_leads,-793.5920190380284,-1962.266167447121,-26.81433844928415,-1.0477088990538854,8,statistically worse but below practical threshold
lead_delayed_censored|delayed_censored|0.25,call_everyone,propensity_ev_gbm,net_value_per_1k_leads,-37004.005337495975,-44022.82621380509,-30699.448061982872,-16.05642857632727,8,worse
lead_delayed_censored|delayed_censored|0.25,causal_forest,propensity_ev_gbm,net_value_per_1k_leads,-6258.448746824051,-9925.232476566425,-3519.5070464131954,-2.715606983230028,8,worse
lead_delayed_censored|delayed_censored|0.25,class_transformation,propensity_ev_gbm,net_value_per_1k_leads,-18494.3056423511,-20775.543934881516,-16344.56862029812,-8.024874467150624,8,worse
lead_delayed_censored|delayed_censored|0.25,do_nothing,propensity_ev_gbm,net_value_per_1k_leads,-67368.8534467011,-81687.9537356984,-55133.34345841695,-29.23205674008297,8,worse
lead_delayed_censored|delayed_censored|0.25,dr_learner,propensity_ev_gbm,net_value_per_1k_leads,-7764.166801406218,-10645.613000719955,-4160.888596150303,-3.3689539433491564,8,worse
lead_delayed_censored|delayed_censored|0.25,existing_policy_capped,propensity_ev_gbm,net_value_per_1k_leads,-28302.527994430482,-36786.45733742413,-22470.218889792828,-12.280765693534176,8,worse
lead_delayed_censored|delayed_censored|0.25,existing_policy_replay,propensity_ev_gbm,net_value_per_1k_leads,-35059.11420499422,-41413.756677095764,-29644.787823468843,-15.212519781240607,8,worse
lead_delayed_censored|delayed_censored|0.25,fifo,propensity_ev_gbm,net_value_per_1k_leads,-38804.664242863255,-46023.51528245669,-30539.29218093093,-16.83775348536518,8,worse
lead_delayed_censored|delayed_censored|0.25,funnel_ev_gbm,propensity_ev_gbm,net_value_per_1k_leads,-339.34824213972934,-3737.165036311506,1913.7031159652233,-0.14724678484730447,8,no meaningful evidence of difference
lead_delayed_censored|delayed_censored|0.25,hist_conversion_rate,propensity_ev_gbm,net_value_per_1k_leads,-20433.89228594483,-25661.74257227162,-15517.112626395892,-8.866481588499301,8,worse
lead_delayed_censored|delayed_censored|0.25,hist_net_profit,propensity_ev_gbm,net_value_per_1k_leads,-22973.450765842852,-30190.54413292574,-16707.81287869238,-9.968422823670686,8,worse
lead_delayed_censored|delayed_censored|0.25,hist_profit_per_agent_hour,propensity_ev_gbm,net_value_per_1k_leads,-22973.450765842852,-30190.54413292574,-16707.81287869238,-9.968422823670686,8,worse
lead_delayed_censored|delayed_censored|0.25,hist_roas,propensity_ev_gbm,net_value_per_1k_leads,-29097.038356388068,-39945.54537695652,-19748.225610200072,-12.625512127428923,8,worse
lead_delayed_censored|delayed_censored|0.25,last_click_attribution,propensity_ev_gbm,net_value_per_1k_leads,-32350.394920018487,-40005.59314376092,-25234.49004410211,-14.037177886873767,8,worse
lead_delayed_censored|delayed_censored|0.25,lead_score_gbm,propensity_ev_gbm,net_value_per_1k_leads,-6181.57610659537,-11486.591385536085,-1178.518945799784,-2.6822511330714285,8,worse
lead_delayed_censored|delayed_censored|0.25,lead_score_logit,propensity_ev_gbm,net_value_per_1k_leads,-3249.8616839307524,-10333.52645341842,2750.658086785881,-1.4101492942468548,8,no meaningful evidence of difference
lead_delayed_censored|delayed_censored|0.25,lowest_cpl,propensity_ev_gbm,net_value_per_1k_leads,-31259.08435160484,-41233.25225123881,-20724.243264321696,-13.56364671000494,8,worse
lead_delayed_censored|delayed_censored|0.25,oracle,propensity_ev_gbm,net_value_per_1k_leads,41699.05041431695,33822.24960568104,50991.18280788006,18.093658201905804,8,better
lead_delayed_censored|delayed_censored|0.25,propensity_ev_logit,propensity_ev_gbm,net_value_per_1k_leads,3975.512504916658,1463.6604789892917,6525.13247010986,1.725016846346875,8,statistically better but below practical threshold
lead_delayed_censored|delayed_censored|0.25,random,propensity_ev_gbm,net_value_per_1k_leads,-37182.65451801922,-42036.20042699081,-32290.93218510643,-16.133946341799653,8,worse
lead_delayed_censored|delayed_censored|0.25,s_learner,propensity_ev_gbm,net_value_per_1k_leads,2459.163656381277,1300.254406767559,4061.223361608058,1.0670570724995396,8,statistically better but below practical threshold
lead_delayed_censored|delayed_censored|0.25,t_learner,propensity_ev_gbm,net_value_per_1k_leads,-4038.0625864593767,-8500.758881795884,1161.0893607092985,-1.7521579870848594,8,no meaningful evidence of difference
lead_delayed_censored|delayed_censored|0.25,x_learner,propensity_ev_gbm,net_value_per_1k_leads,-3671.7751486686957,-5937.594288026286,-1197.9175191257127,-1.593222000840891,8,statistically worse but below practical threshold
lead_easy_randomized|easy_randomized|0.25,call_everyone,propensity_ev_gbm,net_value_per_1k_leads,-37313.295486454874,-42745.30931192649,-32108.389194638912,-16.168936536171834,8,worse
lead_easy_randomized|easy_randomized|0.25,causal_forest,propensity_ev_gbm,net_value_per_1k_leads,-6983.581418886921,-12011.362485126858,-1938.0596171034958,-3.0261890107820033,8,worse
lead_easy_randomized|easy_randomized|0.25,class_transformation,propensity_ev_gbm,net_value_per_1k_leads,-18406.02599822046,-22205.23783879182,-14318.718362062247,-7.975866574325752,8,worse
lead_easy_randomized|easy_randomized|0.25,do_nothing,propensity_ev_gbm,net_value_per_1k_leads,-67678.09939972259,-80601.99623309453,-56768.63577831548,-29.326889512615686,8,worse
lead_easy_randomized|easy_randomized|0.25,dr_learner,propensity_ev_gbm,net_value_per_1k_leads,-8085.701016035686,-13566.176406346467,-2573.295982759879,-3.5037694975561755,8,worse
lead_easy_randomized|easy_randomized|0.25,existing_policy_capped,propensity_ev_gbm,net_value_per_1k_leads,-28338.7702265048,-35149.90164068142,-23351.467513646625,-12.280013634063662,8,worse
lead_easy_randomized|easy_randomized|0.25,existing_policy_replay,propensity_ev_gbm,net_value_per_1k_leads,-35368.360158015705,-40725.667180649296,-30728.9511612926,-15.326139471948244,8,worse
lead_easy_randomized|easy_randomized|0.25,fifo,propensity_ev_gbm,net_value_per_1k_leads,-39113.4538682781,-45260.80142335589,-31650.340626010904,-16.948997537251824,8,worse
lead_easy_randomized|easy_randomized|0.25,funnel_ev_gbm,propensity_ev_gbm,net_value_per_1k_leads,437.8291657820264,-475.32738818354846,1394.806096693952,0.1897241158392048,8,no meaningful evidence of difference
lead_easy_randomized|easy_randomized|0.25,hist_conversion_rate,propensity_ev_gbm,net_value_per_1k_leads,-21002.045040311743,-25946.87808596698,-16760.42179185546,-9.100797154459178,8,worse
lead_easy_randomized|easy_randomized|0.25,hist_net_profit,propensity_ev_gbm,net_value_per_1k_leads,-24496.602446127567,-31150.17119883059,-18171.743229429514,-10.615090549883247,8,worse
lead_easy_randomized|easy_randomized|0.25,hist_profit_per_agent_hour,propensity_ev_gbm,net_value_per_1k_leads,-24863.267308997827,-31269.369240684802,-18873.898061926673,-10.773977102799634,8,worse
lead_easy_randomized|easy_randomized|0.25,hist_roas,propensity_ev_gbm,net_value_per_1k_leads,-29160.837033451615,-38409.68627680844,-21238.842839818386,-12.636239098920864,8,worse
lead_easy_randomized|easy_randomized|0.25,last_click_attribution,propensity_ev_gbm,net_value_per_1k_leads,-32659.95788947252,-38603.98251399736,-27434.80514721373,-14.1525099700889,8,worse
lead_easy_randomized|easy_randomized|0.25,lead_score_gbm,propensity_ev_gbm,net_value_per_1k_leads,-6375.122940927304,-11706.046494338862,-1737.0937413934553,-2.762526249646469,8,worse
lead_easy_randomized|easy_randomized|0.25,lead_score_logit,propensity_ev_gbm,net_value_per_1k_leads,-4135.507164221148,-9733.179035363446,334.4101114014888,-1.7920355736857665,8,no meaningful evidence of difference
lead_easy_randomized|easy_randomized|0.25,lowest_cpl,propensity_ev_gbm,net_value_per_1k_leads,-31345.748597100905,-39994.187929464024,-22293.297204619343,-13.583024847786644,8,worse
lead_easy_randomized|easy_randomized|0.25,oracle,propensity_ev_gbm,net_value_per_1k_leads,41389.80446129546,32410.53974926071,51916.11421588759,17.935406477891654,8,better
lead_easy_randomized|easy_randomized|0.25,propensity_ev_logit,propensity_ev_gbm,net_value_per_1k_leads,3547.6693354521194,1879.2193527817492,5746.191998248374,1.537308339786585,8,statistically better but below practical threshold
lead_easy_randomized|easy_randomized|0.25,random,propensity_ev_gbm,net_value_per_1k_leads,-37491.996178077934,-40754.66140832932,-34105.382675634304,-16.24637274501252,8,worse
lead_easy_randomized|easy_randomized|0.25,s_learner,propensity_ev_gbm,net_value_per_1k_leads,3081.50384529899,-1313.9484084036485,8813.053779004815,1.3353052701736225,8,no meaningful evidence of difference
lead_easy_randomized|easy_randomized|0.25,t_learner,propensity_ev_gbm,net_value_per_1k_leads,-3885.3192071342473,-7115.439024199664,-244.81254464477763,-1.6836218528521016,8,statistically worse but below practical threshold
lead_easy_randomized|easy_randomized|0.25,x_learner,propensity_ev_gbm,net_value_per_1k_leads,-1558.795179776589,-5791.067894485306,3700.436039999353,-0.6754713033547941,8,no meaningful evidence of difference
lead_hidden_confounding|hidden_confounding|0.25,call_everyone,propensity_ev_gbm,net_value_per_1k_leads,-27340.00977411479,-32996.290217561684,-21141.21271943912,-10.141384101800202,8,worse
lead_hidden_confounding|hidden_confounding|0.25,causal_forest,propensity_ev_gbm,net_value_per_1k_leads,-2760.5837670295477,-6925.828958305716,966.3273862769856,-1.0239989143364387,8,no meaningful evidence of difference
lead_hidden_confounding|hidden_confounding|0.25,class_transformation,propensity_ev_gbm,net_value_per_1k_leads,-25992.054778501162,-30923.93941284694,-21748.762628708402,-9.641379548934207,8,worse
lead_hidden_confounding|hidden_confounding|0.25,do_nothing,propensity_ev_gbm,net_value_per_1k_leads,-59276.50899809999,-70093.32422583873,-49143.0641492982,-21.987769972661308,8,worse
lead_hidden_confounding|hidden_confounding|0.25,dr_learner,propensity_ev_gbm,net_value_per_1k_leads,-2091.358831441754,-5807.061878670007,1072.3210160286956,-0.775759532625462,8,no meaningful evidence of difference
lead_hidden_confounding|hidden_confounding|0.25,existing_policy_capped,propensity_ev_gbm,net_value_per_1k_leads,-6351.73149359021,-13782.39039486782,727.8605685514788,-2.356083604951273,8,no meaningful evidence of difference
lead_hidden_confounding|hidden_confounding|0.25,existing_policy_replay,propensity_ev_gbm,net_value_per_1k_leads,-11505.811397361267,-19461.013041513062,-3905.6617759262663,-4.267915547491391,8,worse
lead_hidden_confounding|hidden_confounding|0.25,fifo,propensity_ev_gbm,net_value_per_1k_leads,-26074.16356546203,-35196.069520009,-17786.04000811596,-9.671836624611313,8,worse
lead_hidden_confounding|hidden_confounding|0.25,funnel_ev_gbm,propensity_ev_gbm,net_value_per_1k_leads,2141.041118112713,416.75802484111773,3583.5840716859534,0.7941884635713089,8,statistically better but below practical threshold
lead_hidden_confounding|hidden_confounding|0.25,hist_conversion_rate,propensity_ev_gbm,net_value_per_1k_leads,-16614.33515622422,-24471.117235503367,-9652.403940993894,-6.162849092133066,8,worse
lead_hidden_confounding|hidden_confounding|0.25,hist_net_profit,propensity_ev_gbm,net_value_per_1k_leads,-18363.80669913453,-29134.108320617117,-9381.16226937997,-6.8117904435959495,8,worse
lead_hidden_confounding|hidden_confounding|0.25,hist_profit_per_agent_hour,propensity_ev_gbm,net_value_per_1k_leads,-18900.054622342064,-29328.47552161168,-10267.689718720252,-7.010703911731911,8,worse
lead_hidden_confounding|hidden_confounding|0.25,hist_roas,propensity_ev_gbm,net_value_per_1k_leads,-21881.94310180016,-32528.327418096145,-12452.514400660566,-8.116792631844543,8,worse
lead_hidden_confounding|hidden_confounding|0.25,last_click_attribution,propensity_ev_gbm,net_value_per_1k_leads,-24768.696960441135,-33663.60624476751,-16342.751848385273,-9.187592530224604,8,worse
lead_hidden_confounding|hidden_confounding|0.25,lead_score_gbm,propensity_ev_gbm,net_value_per_1k_leads,-5047.1358052299365,-9333.554453736808,-1232.3015449295635,-1.872162564595963,8,statistically worse but below practical threshold
lead_hidden_confounding|hidden_confounding|0.25,lead_score_logit,propensity_ev_gbm,net_value_per_1k_leads,-3738.418362670869,-8400.576186405375,395.7151933685418,-1.3867126186971461,8,no meaningful evidence of difference
lead_hidden_confounding|hidden_confounding|0.25,lowest_cpl,propensity_ev_gbm,net_value_per_1k_leads,-24562.393866498347,-35288.38505290574,-13515.003839969466,-9.111067359445608,8,worse
lead_hidden_confounding|hidden_confounding|0.25,oracle,propensity_ev_gbm,net_value_per_1k_leads,55067.73165265781,47491.91638893614,63016.92796581232,20.426584442307334,8,better
lead_hidden_confounding|hidden_confounding|0.25,propensity_ev_logit,propensity_ev_gbm,net_value_per_1k_leads,3584.0186625903516,1673.9628844233848,5397.182360256244,1.3294402666879022,8,statistically better but below practical threshold
lead_hidden_confounding|hidden_confounding|0.25,random,propensity_ev_gbm,net_value_per_1k_leads,-27042.655881329578,-31734.920937657836,-22327.428788305268,-10.031084944418208,8,worse
lead_hidden_confounding|hidden_confounding|0.25,s_learner,propensity_ev_gbm,net_value_per_1k_leads,802.9827146415591,-2184.993168030315,4484.316191552069,0.29785490947396487,8,no meaningful evidence of difference
lead_hidden_confounding|hidden_confounding|0.25,t_learner,propensity_ev_gbm,net_value_per_1k_leads,315.646149206048,-2242.3315482619505,3039.7037505526646,0.11708440727711165,8,no meaningful evidence of difference
lead_hidden_confounding|hidden_confounding|0.25,x_learner,propensity_ev_gbm,net_value_per_1k_leads,-4.21369791376128,-3114.9507539882397,3454.452234129996,-0.0015630107445267331,8,no meaningful evidence of difference
lead_misleading_attribution|misleading_attribution|0.25,call_everyone,propensity_ev_gbm,net_value_per_1k_leads,-35510.78244314922,-39241.65847345396,-32088.5286686363,-15.32068361308485,8,worse
lead_misleading_attribution|misleading_attribution|0.25,causal_forest,propensity_ev_gbm,net_value_per_1k_leads,-8147.599128892209,-11390.206777725041,-5357.665319321219,-3.5151798938771335,8,worse
lead_misleading_attribution|misleading_attribution|0.25,class_transformation,propensity_ev_gbm,net_value_per_1k_leads,-21987.881025448896,-23074.37544212427,-20960.992826142094,-9.486396675498865,8,worse
lead_misleading_attribution|misleading_attribution|0.25,do_nothing,propensity_ev_gbm,net_value_per_1k_leads,-65383.340417350686,-74732.7550217461,-57440.781656907035,-28.20882569131071,8,worse
lead_misleading_attribution|misleading_attribution|0.25,dr_learner,propensity_ev_gbm,net_value_per_1k_leads,-12203.741548362643,-17495.666864249004,-7161.914250402933,-5.265151886125017,8,worse
lead_misleading_attribution|misleading_attribution|0.25,existing_policy_capped,propensity_ev_gbm,net_value_per_1k_leads,-27689.42399452118,-30483.90733933223,-24401.99973653085,-11.94625618649133,8,worse
lead_misleading_attribution|misleading_attribution|0.25,existing_policy_replay,propensity_ev_gbm,net_value_per_1k_leads,-33668.95460665767,-36772.5433066671,-30431.424247679606,-14.52604999446957,8,worse
lead_misleading_attribution|misleading_attribution|0.25,fifo,propensity_ev_gbm,net_value_per_1k_leads,-36169.99071337504,-41817.73566606366,-30031.173733692405,-15.605090788832877,8,worse
lead_misleading_attribution|misleading_attribution|0.25,funnel_ev_gbm,propensity_ev_gbm,net_value_per_1k_leads,453.25431987566117,-1765.3727487977535,2510.1637008507023,0.19555091589987303,8,no meaningful evidence of difference
lead_misleading_attribution|misleading_attribution|0.25,hist_conversion_rate,propensity_ev_gbm,net_value_per_1k_leads,-20255.16483560678,-23329.48858309326,-16989.818215999294,-8.738837914203186,8,worse
lead_misleading_attribution|misleading_attribution|0.25,hist_net_profit,propensity_ev_gbm,net_value_per_1k_leads,-20432.696478958354,-23684.152671086045,-16596.81937784429,-8.815431724645265,8,worse
lead_misleading_attribution|misleading_attribution|0.25,hist_profit_per_agent_hour,propensity_ev_gbm,net_value_per_1k_leads,-20169.817664707818,-23204.00305082886,-16509.074807102967,-8.70201594316641,8,worse
lead_misleading_attribution|misleading_attribution|0.25,hist_roas,propensity_ev_gbm,net_value_per_1k_leads,-26103.504473796485,-33684.4349663394,-18818.639727673104,-11.26203101483433,8,worse
lead_misleading_attribution|misleading_attribution|0.25,last_click_attribution,propensity_ev_gbm,net_value_per_1k_leads,-30586.981941460745,-34213.04597889866,-26287.874712080367,-13.196371376904574,8,worse
lead_misleading_attribution|misleading_attribution|0.25,lead_score_gbm,propensity_ev_gbm,net_value_per_1k_leads,-4940.5405861101535,-8572.163402496037,-788.1443612180192,-2.1315345365475356,8,worse
lead_misleading_attribution|misleading_attribution|0.25,lead_score_logit,propensity_ev_gbm,net_value_per_1k_leads,-27.280545644865924,-3281.441969408137,2703.3147917350652,-0.011769850728759239,8,no meaningful evidence of difference
lead_misleading_attribution|misleading_attribution|0.25,lowest_cpl,propensity_ev_gbm,net_value_per_1k_leads,-34475.511495283,-44467.811685982706,-25168.271701127836,-14.87402889148108,8,worse
lead_misleading_attribution|misleading_attribution|0.25,oracle,propensity_ev_gbm,net_value_per_1k_leads,40290.00360854699,32299.986112562816,52475.5014845086,17.38261890018365,8,better
lead_misleading_attribution|misleading_attribution|0.25,propensity_ev_logit,propensity_ev_gbm,net_value_per_1k_leads,3191.6254102262646,1245.6290859176956,5259.623557319501,1.3769869250231679,8,statistically better but below practical threshold
lead_misleading_attribution|misleading_attribution|0.25,random,propensity_ev_gbm,net_value_per_1k_leads,-35730.17563672606,-40225.45775790798,-30693.779584672673,-15.415338066588829,8,worse
lead_misleading_attribution|misleading_attribution|0.25,s_learner,propensity_ev_gbm,net_value_per_1k_leads,-1065.0794031253645,-3527.8963042976175,1160.5684186727303,-0.45951520736612217,8,no meaningful evidence of difference
lead_misleading_attribution|misleading_attribution|0.25,t_learner,propensity_ev_gbm,net_value_per_1k_leads,-4869.315459095342,-9228.163313613286,-648.2065001294577,-2.1008053449831796,8,worse
lead_misleading_attribution|misleading_attribution|0.25,x_learner,propensity_ev_gbm,net_value_per_1k_leads,-4971.7292126373795,-6825.841253550163,-3138.896568979002,-2.144990479967405,8,worse
lead_negative_control_null_effect|negative_control_null_effect|0.25,call_everyone,propensity_ev_gbm,net_value_per_1k_leads,3.523367697507638,-8.868159486108198,13.985362093538871,0.0021794397410927644,8,no meaningful evidence of difference
lead_negative_control_null_effect|negative_control_null_effect|0.25,causal_forest,propensity_ev_gbm,net_value_per_1k_leads,42.350830133767886,-5.931363524416156,109.54943320157327,0.02619683501301744,8,no meaningful evidence of difference
lead_negative_control_null_effect|negative_control_null_effect|0.25,class_transformation,propensity_ev_gbm,net_value_per_1k_leads,1.919718861392539,-11.794121940669356,13.5726063792481,0.001187475148053344,8,no meaningful evidence of difference
lead_negative_control_null_effect|negative_control_null_effect|0.25,do_nothing,propensity_ev_gbm,net_value_per_1k_leads,1429.4699066561989,1415.9205177389351,1440.9780667727775,0.8842232178794421,8,statistically better but below practical threshold
lead_negative_control_null_effect|negative_control_null_effect|0.25,dr_learner,propensity_ev_gbm,net_value_per_1k_leads,361.777327709935,73.56807047614176,717.685413047691,0.22378359374615447,8,statistically better but below practical threshold
lead_negative_control_null_effect|negative_control_null_effect|0.25,existing_policy_capped,propensity_ev_gbm,net_value_per_1k_leads,-5.021783419651911,-14.705587654487317,0.06606106036088022,-0.0031063105799863434,8,no meaningful evidence of difference
lead_negative_control_null_effect|negative_control_null_effect|0.25,existing_policy_replay,propensity_ev_gbm,net_value_per_1k_leads,-5.244652313975166,-15.216129879054098,0.00974307078649872,-0.003244169971069795,8,no meaningful evidence of difference
lead_negative_control_null_effect|negative_control_null_effect|0.25,fifo,propensity_ev_gbm,net_value_per_1k_leads,5.409625480124305,-6.274936102885476,15.664510148035333,0.0033462169628650797,8,no meaningful evidence of difference
lead_negative_control_null_effect|negative_control_null_effect|0.25,funnel_ev_gbm,propensity_ev_gbm,net_value_per_1k_leads,0.13172827784183028,-5.6418209084313276,4.816316348721551,8.148279385012213e-05,8,no meaningful evidence of difference
lead_negative_control_null_effect|negative_control_null_effect|0.25,hist_conversion_rate,propensity_ev_gbm,net_value_per_1k_leads,10.454990967224148,0.4930298808620154,21.104917153428687,0.006467114636616718,8,statistically better but below practical threshold
lead_negative_control_null_effect|negative_control_null_effect|0.25,hist_net_profit,propensity_ev_gbm,net_value_per_1k_leads,14.982222840302711,3.7547518475676043,26.192010628779826,0.009267511844182893,8,statistically better but below practical threshold
lead_negative_control_null_effect|negative_control_null_effect|0.25,hist_profit_per_agent_hour,propensity_ev_gbm,net_value_per_1k_leads,14.305699377619021,3.46962606075067,25.0818998718878,0.008849036610559814,8,statistically better but below practical threshold
lead_negative_control_null_effect|negative_control_null_effect|0.25,hist_roas,propensity_ev_gbm,net_value_per_1k_leads,13.976186661771862,-5.425182954722231,31.57394366110202,0.008645210847889424,8,no meaningful evidence of difference
lead_negative_control_null_effect|negative_control_null_effect|0.25,last_click_attribution,propensity_ev_gbm,net_value_per_1k_leads,13.826719108283214,-1.4733736344805948,31.862720247476656,0.008552755119721313,8,no meaningful evidence of difference
lead_negative_control_null_effect|negative_control_null_effect|0.25,lead_score_gbm,propensity_ev_gbm,net_value_per_1k_leads,7.148934502456541,-2.7872448705258175,17.886066633880546,0.004422096499364651,8,no meaningful evidence of difference
lead_negative_control_null_effect|negative_control_null_effect|0.25,lead_score_logit,propensity_ev_gbm,net_value_per_1k_leads,5.278137333518316,-1.288225984924793,11.861146419028726,0.0032648827063245438,8,no meaningful evidence of difference
lead_negative_control_null_effect|negative_control_null_effect|0.25,lowest_cpl,propensity_ev_gbm,net_value_per_1k_leads,16.411195578622937,0.8861896501049161,32.6527173267953,0.010151427530029787,8,statistically better but below practical threshold
lead_negative_control_null_effect|negative_control_null_effect|0.25,oracle,propensity_ev_gbm,net_value_per_1k_leads,1429.4699066561989,1415.9205177389351,1440.9780667727775,0.8842232178794421,8,statistically better but below practical threshold
lead_negative_control_null_effect|negative_control_null_effect|0.25,propensity_ev_logit,propensity_ev_gbm,net_value_per_1k_leads,3.693961996015787,-5.362669440599348,11.990898923732484,0.002284963781071761,8,no meaningful evidence of difference
lead_negative_control_null_effect|negative_control_null_effect|0.25,random,propensity_ev_gbm,net_value_per_1k_leads,4.435701358977894,-3.3435128739733955,14.30105053011539,0.0027437794324487045,8,no meaningful evidence of difference
lead_negative_control_null_effect|negative_control_null_effect|0.25,s_learner,propensity_ev_gbm,net_value_per_1k_leads,512.8008951985357,202.74747840056625,827.2502875099791,0.31720182115940276,8,statistically better but below practical threshold
lead_negative_control_null_effect|negative_control_null_effect|0.25,t_learner,propensity_ev_gbm,net_value_per_1k_leads,-1.204935330508306,-11.274387901929003,7.707890297000448,-0.0007453334906300549,8,no meaningful evidence of difference
lead_negative_control_null_effect|negative_control_null_effect|0.25,x_learner,propensity_ev_gbm,net_value_per_1k_leads,-1.0162843366670131,-7.420662145288952,3.5827093585376133,-0.0006286401709219806,8,no meaningful evidence of difference
lead_noisy_crm|noisy_crm|0.25,call_everyone,propensity_ev_gbm,net_value_per_1k_leads,-30773.526865379587,-35818.101023875,-25612.361257279324,-13.728568513539157,8,worse
lead_noisy_crm|noisy_crm|0.25,class_transformation,propensity_ev_gbm,net_value_per_1k_leads,-15298.708060484136,-18163.039220372637,-12368.581108504492,-6.825001329739509,8,worse
lead_noisy_crm|noisy_crm|0.25,do_nothing,propensity_ev_gbm,net_value_per_1k_leads,-61534.92119083179,-73388.50416685062,-50746.094070261206,-27.451724504608432,8,worse
lead_noisy_crm|noisy_crm|0.25,existing_policy_capped,propensity_ev_gbm,net_value_per_1k_leads,-21795.74620656095,-26660.745406491467,-17827.029469506422,-9.723435224355532,8,worse
lead_noisy_crm|noisy_crm|0.25,existing_policy_replay,propensity_ev_gbm,net_value_per_1k_leads,-29892.122055619187,-35022.295702049974,-25028.095636186546,-13.335359559235915,8,worse
lead_noisy_crm|noisy_crm|0.25,fifo,propensity_ev_gbm,net_value_per_1k_leads,-32588.87644474057,-39199.15365547719,-24913.745450006667,-14.538425348776308,8,worse
lead_noisy_crm|noisy_crm|0.25,funnel_ev_gbm,propensity_ev_gbm,net_value_per_1k_leads,1231.2487187184597,-674.122298253038,3340.4198378479805,0.5492799855563509,8,no meaningful evidence of difference
lead_noisy_crm|noisy_crm|0.25,hist_conversion_rate,propensity_ev_gbm,net_value_per_1k_leads,-15875.022348229539,-19931.47924325343,-12330.736202171272,-7.08210446319755,8,worse
lead_noisy_crm|noisy_crm|0.25,hist_net_profit,propensity_ev_gbm,net_value_per_1k_leads,-16272.825636468799,-20976.869995548328,-11789.172352186119,-7.259570949940993,8,worse
lead_noisy_crm|noisy_crm|0.25,hist_profit_per_agent_hour,propensity_ev_gbm,net_value_per_1k_leads,-17786.09429604822,-23024.638325162272,-12608.764538223888,-7.934664596610386,8,worse
lead_noisy_crm|noisy_crm|0.25,hist_roas,propensity_ev_gbm,net_value_per_1k_leads,-23693.12702830004,-31631.0079707381,-16289.700139692906,-10.569887524784733,8,worse
lead_noisy_crm|noisy_crm|0.25,last_click_attribution,propensity_ev_gbm,net_value_per_1k_leads,-26214.481495130283,-30976.473844182365,-21529.24010914175,-11.69470456951998,8,worse
lead_noisy_crm|noisy_crm|0.25,lead_score_gbm,propensity_ev_gbm,net_value_per_1k_leads,-5904.995048694771,-12408.783662912396,374.61834975034134,-2.6343138845523972,8,no meaningful evidence of difference
lead_noisy_crm|noisy_crm|0.25,lead_score_logit,propensity_ev_gbm,net_value_per_1k_leads,-1250.8489700388454,-5233.496365491024,2676.856857845895,-0.5580239749700967,8,no meaningful evidence of difference
lead_noisy_crm|noisy_crm|0.25,lowest_cpl,propensity_ev_gbm,net_value_per_1k_leads,-25627.261699911942,-34660.99237540952,-16436.621036889614,-11.432736312633867,8,worse
lead_noisy_crm|noisy_crm|0.25,oracle,propensity_ev_gbm,net_value_per_1k_leads,47559.25046132973,38831.85144479699,58210.585377268144,21.216951546280953,8,better
lead_noisy_crm|noisy_crm|0.25,propensity_ev_logit,propensity_ev_gbm,net_value_per_1k_leads,3702.351318340523,1995.8183166793096,5322.903735179013,1.6516788588249756,8,statistically better but below practical threshold
lead_noisy_crm|noisy_crm|0.25,random,propensity_ev_gbm,net_value_per_1k_leads,-31806.75437061566,-35266.96124692195,-28060.393675144416,-14.189508030083958,8,worse
lead_observed_confounding|observed_confounding|0.25,call_everyone,propensity_ev_gbm,net_value_per_1k_leads,-39762.02170986821,-42946.89697905328,-36228.41023525541,-14.099479905131481,8,worse
lead_observed_confounding|observed_confounding|0.25,causal_forest,propensity_ev_gbm,net_value_per_1k_leads,-8876.83230699314,-13732.64411874321,-3895.81350759574,-3.1476950454611714,8,worse
lead_observed_confounding|observed_confounding|0.25,class_transformation,propensity_ev_gbm,net_value_per_1k_leads,-54819.534846563474,-61327.80475256403,-47602.403770658384,-19.43882370010251,8,worse
lead_observed_confounding|observed_confounding|0.25,do_nothing,propensity_ev_gbm,net_value_per_1k_leads,-71698.5209338534,-81312.37294868997,-62940.15239757033,-25.424055711020976,8,worse
lead_observed_confounding|observed_confounding|0.25,dr_learner,propensity_ev_gbm,net_value_per_1k_leads,-10595.480271157274,-14952.022989871994,-5915.699656431301,-3.7571218651420577,8,worse
lead_observed_confounding|observed_confounding|0.25,existing_policy_capped,propensity_ev_gbm,net_value_per_1k_leads,-18773.74342934363,-26442.555238550045,-10935.017606008549,-6.6571066269608465,8,worse
lead_observed_confounding|observed_confounding|0.25,existing_policy_replay,propensity_ev_gbm,net_value_per_1k_leads,-23927.823333114688,-31848.66295411644,-17118.87032237198,-8.484726121837454,8,worse
lead_observed_confounding|observed_confounding|0.25,fifo,propensity_ev_gbm,net_value_per_1k_leads,-38496.175501215446,-47843.364243867756,-29548.27294482302,-13.650615073455757,8,worse
lead_observed_confounding|observed_confounding|0.25,funnel_ev_gbm,propensity_ev_gbm,net_value_per_1k_leads,158.62268949648205,-712.4987065893764,1033.83586589529,0.05624707514554023,8,no meaningful evidence of difference
lead_observed_confounding|observed_confounding|0.25,hist_conversion_rate,propensity_ev_gbm,net_value_per_1k_leads,-29036.34709197764,-37820.11451945283,-20877.999118062755,-10.296191560102608,8,worse
lead_observed_confounding|observed_confounding|0.25,hist_net_profit,propensity_ev_gbm,net_value_per_1k_leads,-30785.81863488795,-42297.077652551845,-20813.323533212257,-10.916548317710367,8,worse
lead_observed_confounding|observed_confounding|0.25,hist_profit_per_agent_hour,propensity_ev_gbm,net_value_per_1k_leads,-31322.066558095485,-42494.24135403073,-21902.09736597088,-11.106700037675772,8,worse
lead_observed_confounding|observed_confounding|0.25,hist_roas,propensity_ev_gbm,net_value_per_1k_leads,-34303.95503755358,-44388.52053534895,-25657.8662090722,-12.164067718882688,8,worse
lead_observed_confounding|observed_confounding|0.25,last_click_attribution,propensity_ev_gbm,net_value_per_1k_leads,-37190.708896194556,-46017.4715165823,-29896.413626861486,-13.187700981747383,8,worse
lead_observed_confounding|observed_confounding|0.25,lead_score_gbm,propensity_ev_gbm,net_value_per_1k_leads,-5169.56026136041,-7994.479456731628,-1642.3985323537752,-1.8331087779001902,8,statistically worse but below practical threshold
lead_observed_confounding|observed_confounding|0.25,lead_score_logit,propensity_ev_gbm,net_value_per_1k_leads,-5098.533965098577,-9050.595238431677,-642.9193615665525,-1.8079230908094586,8,statistically worse but below practical threshold
lead_observed_confounding|observed_confounding|0.25,lowest_cpl,propensity_ev_gbm,net_value_per_1k_leads,-36984.40580225177,-47205.03040304588,-26689.404472084792,-13.114546594663217,8,worse
lead_observed_confounding|observed_confounding|0.25,oracle,propensity_ev_gbm,net_value_per_1k_leads,42645.71971690438,34683.77085476544,52553.75268795478,15.122029573238107,8,better
lead_observed_confounding|observed_confounding|0.25,propensity_ev_logit,propensity_ev_gbm,net_value_per_1k_leads,1679.8313588873752,-950.8942599528,3939.849700413426,0.5956625812807735,8,no meaningful evidence of difference
lead_observed_confounding|observed_confounding|0.25,random,propensity_ev_gbm,net_value_per_1k_leads,-39464.667817083,-44788.76803865839,-33746.82499010772,-13.99403920931804,8,worse
lead_observed_confounding|observed_confounding|0.25,s_learner,propensity_ev_gbm,net_value_per_1k_leads,582.6585322877072,-2205.2051938209383,3546.8308146993695,0.20660876671432105,8,no meaningful evidence of difference
lead_observed_confounding|observed_confounding|0.25,t_learner,propensity_ev_gbm,net_value_per_1k_leads,-2705.4576862166177,-7541.3726615690575,1350.9466443545389,-0.9593462465095853,8,no meaningful evidence of difference
lead_observed_confounding|observed_confounding|0.25,x_learner,propensity_ev_gbm,net_value_per_1k_leads,-4844.434849264238,-10314.121918609319,719.5703724521554,-1.717820394227288,8,no meaningful evidence of difference
lead_policy_feedback_loop|policy_feedback_loop|0.25,call_everyone,propensity_ev_gbm,net_value_per_1k_leads,-35481.471270279755,-40797.90923281369,-30202.301027532594,-15.499309467384169,8,worse
lead_policy_feedback_loop|policy_feedback_loop|0.25,causal_forest,propensity_ev_gbm,net_value_per_1k_leads,-11365.301354137197,-14871.794694371596,-7760.4140698516985,-4.964684850185579,8,worse
lead_policy_feedback_loop|policy_feedback_loop|0.25,class_transformation,propensity_ev_gbm,net_value_per_1k_leads,-25560.614247799454,-30146.22959300377,-21290.351208390046,-11.165598725747236,8,worse
lead_policy_feedback_loop|policy_feedback_loop|0.25,do_nothing,propensity_ev_gbm,net_value_per_1k_leads,-65829.52760307808,-77174.91698195302,-55560.98313532416,-28.756198203834263,8,worse
lead_policy_feedback_loop|policy_feedback_loop|0.25,dr_learner,propensity_ev_gbm,net_value_per_1k_leads,-20168.81486940827,-27132.143820270383,-13228.96853500255,-8.810308368277353,8,worse
lead_policy_feedback_loop|policy_feedback_loop|0.25,existing_policy_capped,propensity_ev_gbm,net_value_per_1k_leads,-31980.507292890834,-40583.61839461423,-24624.394665871667,-13.969989453950374,8,worse
lead_policy_feedback_loop|policy_feedback_loop|0.25,existing_policy_replay,propensity_ev_gbm,net_value_per_1k_leads,-39609.178576005324,-47062.04746426157,-32194.683569260207,-17.30240868034752,8,worse
lead_policy_feedback_loop|policy_feedback_loop|0.25,fifo,propensity_ev_gbm,net_value_per_1k_leads,-37224.752265304356,-44208.2216527098,-29951.66006294,-16.260823876543636,8,worse
lead_policy_feedback_loop|policy_feedback_loop|0.25,funnel_ev_gbm,propensity_ev_gbm,net_value_per_1k_leads,-539.1917770356249,-1712.5109352140335,924.1627862820114,-0.2355342074426347,8,no meaningful evidence of difference
lead_policy_feedback_loop|policy_feedback_loop|0.25,hist_conversion_rate,propensity_ev_gbm,net_value_per_1k_leads,-23494.710711614927,-29015.13969692857,-18180.645899097064,-10.263153672294557,8,worse
lead_policy_feedback_loop|policy_feedback_loop|0.25,hist_net_profit,propensity_ev_gbm,net_value_per_1k_leads,-24687.65445095706,-30246.642266455583,-19098.299171369286,-10.78426521393262,8,worse
lead_policy_feedback_loop|policy_feedback_loop|0.25,hist_profit_per_agent_hour,propensity_ev_gbm,net_value_per_1k_leads,-24712.626089833728,-30277.00973054483,-19113.136561055326,-10.795173531569986,8,worse
lead_policy_feedback_loop|policy_feedback_loop|0.25,hist_roas,propensity_ev_gbm,net_value_per_1k_leads,-28909.082375609378,-36410.24896898492,-21863.200012392976,-12.62830424207881,8,worse
lead_policy_feedback_loop|policy_feedback_loop|0.25,last_click_attribution,propensity_ev_gbm,net_value_per_1k_leads,-30807.118950755998,-36164.51048081296,-25686.91558688292,-13.457420262508688,8,worse
lead_policy_feedback_loop|policy_feedback_loop|0.25,lead_score_gbm,propensity_ev_gbm,net_value_per_1k_leads,-6366.700254247204,-10591.043448787808,-2312.4819983156194,-2.7811546137690035,8,worse
lead_policy_feedback_loop|policy_feedback_loop|0.25,lead_score_logit,propensity_ev_gbm,net_value_per_1k_leads,-1963.1422871214418,-7592.545149225146,3315.940198242326,-0.8575560355100142,8,no meaningful evidence of difference
lead_policy_feedback_loop|policy_feedback_loop|0.25,lowest_cpl,propensity_ev_gbm,net_value_per_1k_leads,-30030.705311630634,-36919.866024013085,-22976.36791022683,-13.118260841079007,8,worse
lead_policy_feedback_loop|policy_feedback_loop|0.25,oracle,propensity_ev_gbm,net_value_per_1k_leads,43238.37625793996,34052.241872397295,54988.37576160548,18.887744800209457,8,better
lead_policy_feedback_loop|policy_feedback_loop|0.25,propensity_ev_logit,propensity_ev_gbm,net_value_per_1k_leads,2476.349264515349,315.7760485827748,4826.887147963163,1.0817393480580422,8,statistically better but below practical threshold
lead_policy_feedback_loop|policy_feedback_loop|0.25,random,propensity_ev_gbm,net_value_per_1k_leads,-35661.50704452307,-39006.76313756293,-32749.690236656497,-15.577954181943525,8,worse
lead_policy_feedback_loop|policy_feedback_loop|0.25,s_learner,propensity_ev_gbm,net_value_per_1k_leads,1015.9296125303263,-1476.4659014704903,3713.743427262194,0.44378676807792544,8,no meaningful evidence of difference
lead_policy_feedback_loop|policy_feedback_loop|0.25,t_learner,propensity_ev_gbm,net_value_per_1k_leads,-6874.867554799137,-10367.415681942231,-3524.1914754146674,-3.003136453035544,8,worse
lead_policy_feedback_loop|policy_feedback_loop|0.25,x_learner,propensity_ev_gbm,net_value_per_1k_leads,-7313.5190775119445,-11501.047426664893,-2962.1554518236776,-3.1947518358102704,8,worse
lead_propensity_not_uplift|propensity_not_uplift|0.25,call_everyone,propensity_ev_gbm,net_value_per_1k_leads,-6154.998957122145,-12512.77457526161,-48.47764715979628,-1.9953991489397789,8,statistically worse but below practical threshold
lead_propensity_not_uplift|propensity_not_uplift|0.25,causal_forest,propensity_ev_gbm,net_value_per_1k_leads,6992.948201843585,4522.584269444746,9257.776774439797,2.267055281039869,8,better
lead_propensity_not_uplift|propensity_not_uplift|0.25,class_transformation,propensity_ev_gbm,net_value_per_1k_leads,2015.3370954622042,-912.6115999476992,4998.136996875481,0.6533554194121766,8,no meaningful evidence of difference
lead_propensity_not_uplift|propensity_not_uplift|0.25,do_nothing,propensity_ev_gbm,net_value_per_1k_leads,-26014.62963872988,-34704.67231679059,-17246.038105819454,-8.433725204947262,8,worse
lead_propensity_not_uplift|propensity_not_uplift|0.25,dr_learner,propensity_ev_gbm,net_value_per_1k_leads,5174.089635318356,3113.8745575550092,7057.6639553960995,1.6773965563236557,8,statistically better but below practical threshold
lead_propensity_not_uplift|propensity_not_uplift|0.25,existing_policy_capped,propensity_ev_gbm,net_value_per_1k_leads,-3817.5995983605826,-10673.470271152546,2795.6337137002047,-1.2376338391978021,8,no meaningful evidence of difference
lead_propensity_not_uplift|propensity_not_uplift|0.25,existing_policy_replay,propensity_ev_gbm,net_value_per_1k_leads,-6617.365981379313,-13569.31178825162,-198.72608998611395,-2.145294668521142,8,worse
lead_propensity_not_uplift|propensity_not_uplift|0.25,fifo,propensity_ev_gbm,net_value_per_1k_leads,-7935.684717694618,-14945.830546352168,-1408.1413656931275,-2.5726825694453175,8,worse
lead_propensity_not_uplift|propensity_not_uplift|0.25,funnel_ev_gbm,propensity_ev_gbm,net_value_per_1k_leads,771.4310622745397,-1069.1804717342457,2802.4863820178293,0.25009149406063474,8,no meaningful evidence of difference
lead_propensity_not_uplift|propensity_not_uplift|0.25,hist_conversion_rate,propensity_ev_gbm,net_value_per_1k_leads,3648.8994350535067,-1729.2678486464756,9060.298527434315,1.1829426581539089,8,no meaningful evidence of difference
lead_propensity_not_uplift|propensity_not_uplift|0.25,hist_net_profit,propensity_ev_gbm,net_value_per_1k_leads,230.11340394194121,-2686.18678411371,3053.2854635535514,0.07460083967261555,8,no meaningful evidence of difference
lead_propensity_not_uplift|propensity_not_uplift|0.25,hist_profit_per_agent_hour,propensity_ev_gbm,net_value_per_1k_leads,1045.4273244150318,-2533.163649241458,5000.57489405444,0.33891878909293977,8,no meaningful evidence of difference
lead_propensity_not_uplift|propensity_not_uplift|0.25,hist_roas,propensity_ev_gbm,net_value_per_1k_leads,-3485.022268889141,-8315.230096731888,855.0352150891058,-1.12981505241863,8,no meaningful evidence of difference
lead_propensity_not_uplift|propensity_not_uplift|0.25,last_click_attribution,propensity_ev_gbm,net_value_per_1k_leads,-3693.322999347234,-9600.996428582868,2011.9786064285363,-1.1973444059043294,8,no meaningful evidence of difference
lead_propensity_not_uplift|propensity_not_uplift|0.25,lead_score_gbm,propensity_ev_gbm,net_value_per_1k_leads,-6399.3191696827525,-10324.091375477008,-2273.2180794585474,-2.074605717065692,8,worse
lead_propensity_not_uplift|propensity_not_uplift|0.25,lead_score_logit,propensity_ev_gbm,net_value_per_1k_leads,-4992.831328337616,-8618.97767081445,-404.9057107451954,-1.6186341302034823,8,statistically worse but below practical threshold
lead_propensity_not_uplift|propensity_not_uplift|0.25,lowest_cpl,propensity_ev_gbm,net_value_per_1k_leads,-7745.784411735509,-14455.164442137051,-1821.7342890696236,-2.511118479583736,8,worse
lead_propensity_not_uplift|propensity_not_uplift|0.25,oracle,propensity_ev_gbm,net_value_per_1k_leads,46827.175541558165,42337.83215216502,53304.27767453388,15.180978400452474,8,better
lead_propensity_not_uplift|propensity_not_uplift|0.25,propensity_ev_logit,propensity_ev_gbm,net_value_per_1k_leads,-99.91863778049446,-1660.3015548006006,1251.3045126241302,-0.03239278612057514,8,no meaningful evidence of difference
lead_propensity_not_uplift|propensity_not_uplift|0.25,random,propensity_ev_gbm,net_value_per_1k_leads,-7699.382048297262,-13227.435046036713,-2439.4463249195032,-2.496075221711802,8,worse
lead_propensity_not_uplift|propensity_not_uplift|0.25,s_learner,propensity_ev_gbm,net_value_per_1k_leads,13418.429582988749,10785.05821711569,17021.270568145872,4.350142568102592,8,better
lead_propensity_not_uplift|propensity_not_uplift|0.25,t_learner,propensity_ev_gbm,net_value_per_1k_leads,9984.040983246286,6624.9664200746265,13702.262093177305,3.236742527453553,8,better
lead_propensity_not_uplift|propensity_not_uplift|0.25,x_learner,propensity_ev_gbm,net_value_per_1k_leads,7859.270458888666,5306.219513273903,10228.442435570178,2.547909706273371,8,better
lead_rare_outcome|rare_outcome|0.25,call_everyone,propensity_ev_gbm,net_value_per_1k_leads,-18713.533613853997,-25077.035806301858,-13741.48595098572,-18.66554027846629,8,worse
lead_rare_outcome|rare_outcome|0.25,causal_forest,propensity_ev_gbm,net_value_per_1k_leads,-7600.264573830579,-11328.751784718628,-4293.118516819315,-7.580772688746026,8,worse
lead_rare_outcome|rare_outcome|0.25,class_transformation,propensity_ev_gbm,net_value_per_1k_leads,-17163.520888263927,-22054.644499594553,-13247.409342644309,-17.11950276579589,8,worse
lead_rare_outcome|rare_outcome|0.25,do_nothing,propensity_ev_gbm,net_value_per_1k_leads,-33089.64417816215,-45040.905839312414,-23738.559294081017,-33.004781403248984,8,worse
lead_rare_outcome|rare_outcome|0.25,dr_learner,propensity_ev_gbm,net_value_per_1k_leads,-11839.087045910164,-14878.555859138325,-9124.675226646592,-11.808724139203012,8,worse
lead_rare_outcome|rare_outcome|0.25,existing_policy_capped,propensity_ev_gbm,net_value_per_1k_leads,-16776.236248041067,-23580.02685942352,-11869.223959801726,-16.733211368325158,8,worse
lead_rare_outcome|rare_outcome|0.25,existing_policy_replay,propensity_ev_gbm,net_value_per_1k_leads,-21571.011159319714,-29716.844985105854,-15706.27288607134,-21.515689444320106,8,worse
lead_rare_outcome|rare_outcome|0.25,fifo,propensity_ev_gbm,net_value_per_1k_leads,-19938.76031769302,-28804.925004967816,-13792.804942113326,-19.887624726153337,8,worse
lead_rare_outcome|rare_outcome|0.25,funnel_ev_gbm,propensity_ev_gbm,net_value_per_1k_leads,-16.695802128808282,-1385.1914794751538,1596.0123894285462,-0.016652983533043904,8,no meaningful evidence of difference
lead_rare_outcome|rare_outcome|0.25,hist_conversion_rate,propensity_ev_gbm,net_value_per_1k_leads,-13724.609228134766,-17557.646342516346,-9770.960836535316,-13.689410650071268,8,worse
lead_rare_outcome|rare_outcome|0.25,hist_net_profit,propensity_ev_gbm,net_value_per_1k_leads,-15087.695191344796,-21272.0220701473,-10170.284571989247,-15.04900079880048,8,worse
lead_rare_outcome|rare_outcome|0.25,hist_profit_per_agent_hour,propensity_ev_gbm,net_value_per_1k_leads,-15426.841329527208,-21388.087295803027,-10918.460654253366,-15.387277151794745,8,worse
lead_rare_outcome|rare_outcome|0.25,hist_roas,propensity_ev_gbm,net_value_per_1k_leads,-16012.718245683707,-22423.035431436845,-11089.57952136133,-15.971651509005767,8,worse
lead_rare_outcome|rare_outcome|0.25,last_click_attribution,propensity_ev_gbm,net_value_per_1k_leads,-17963.466565861716,-23239.568660669065,-13062.800557348166,-17.917396876758048,8,worse
lead_rare_outcome|rare_outcome|0.25,lead_score_gbm,propensity_ev_gbm,net_value_per_1k_leads,-125.77889318381767,-2293.76098658728,2047.9387280835524,-0.1254563165539931,8,no meaningful evidence of difference
lead_rare_outcome|rare_outcome|0.25,lead_score_logit,propensity_ev_gbm,net_value_per_1k_leads,2317.151796251129,-190.61533026647612,4715.269582714711,2.3112091535842527,8,no meaningful evidence of difference
lead_rare_outcome|rare_outcome|0.25,lowest_cpl,propensity_ev_gbm,net_value_per_1k_leads,-16766.36351133216,-23001.469541875886,-11130.089089606128,-16.723363951557097,8,worse
lead_rare_outcome|rare_outcome|0.25,oracle,propensity_ev_gbm,net_value_per_1k_leads,17733.972563627933,10818.651685470371,26580.107070302827,17.688491442287358,8,better
lead_rare_outcome|rare_outcome|0.25,propensity_ev_logit,propensity_ev_gbm,net_value_per_1k_leads,1231.5531204862627,-634.5791429112643,3345.4875169748993,1.2283946394009204,8,no meaningful evidence of difference
lead_rare_outcome|rare_outcome|0.25,random,propensity_ev_gbm,net_value_per_1k_leads,-19352.90679340508,-24423.621961067176,-14994.215989488004,-19.303273700819332,8,worse
lead_rare_outcome|rare_outcome|0.25,s_learner,propensity_ev_gbm,net_value_per_1k_leads,-250.76319496853557,-1059.2243500312072,626.7943759621232,-0.25012007954376575,8,no meaningful evidence of difference
lead_rare_outcome|rare_outcome|0.25,t_learner,propensity_ev_gbm,net_value_per_1k_leads,-5429.42449498664,-8041.8742451083235,-2916.2991950314963,-5.415500016792034,8,worse
lead_rare_outcome|rare_outcome|0.25,x_learner,propensity_ev_gbm,net_value_per_1k_leads,-5975.483384136867,-7845.200058781617,-4329.826810139609,-5.960158465600571,8,worse
lead_seasonality_trend|seasonality_trend|0.25,call_everyone,propensity_ev_gbm,net_value_per_1k_leads,-34555.751704282804,-40274.66528530996,-28725.93467271782,-12.395746191670476,8,worse
lead_seasonality_trend|seasonality_trend|0.25,causal_forest,propensity_ev_gbm,net_value_per_1k_leads,-5485.588551089946,-11317.371315513468,-405.96964016861705,-1.967775552190253,8,statistically worse but below practical threshold
lead_seasonality_trend|seasonality_trend|0.25,class_transformation,propensity_ev_gbm,net_value_per_1k_leads,-15496.984312525441,-20426.417321800724,-11365.09175796562,-5.559036478739257,8,worse
lead_seasonality_trend|seasonality_trend|0.25,do_nothing,propensity_ev_gbm,net_value_per_1k_leads,-70132.50160698206,-81359.50185402886,-59960.56868502482,-25.15774210749771,8,worse
lead_seasonality_trend|seasonality_trend|0.25,dr_learner,propensity_ev_gbm,net_value_per_1k_leads,-7448.982828298471,-10901.354992615223,-4292.234555562554,-2.672079059830018,8,worse
lead_seasonality_trend|seasonality_trend|0.25,existing_policy_capped,propensity_ev_gbm,net_value_per_1k_leads,-29323.79746091645,-36892.34718946783,-22171.290715657397,-10.518953655301928,8,worse
lead_seasonality_trend|seasonality_trend|0.25,existing_policy_replay,propensity_ev_gbm,net_value_per_1k_leads,-34883.789955822795,-41137.53728442006,-29387.6503666755,-12.513419189845918,8,worse
lead_seasonality_trend|seasonality_trend|0.25,fifo,propensity_ev_gbm,net_value_per_1k_leads,-40905.16204604415,-47104.81606206764,-35148.9408972114,-14.67338957031203,8,worse
lead_seasonality_trend|seasonality_trend|0.25,funnel_ev_gbm,propensity_ev_gbm,net_value_per_1k_leads,2556.1441756481763,96.37551815822371,5313.255295435547,0.9169331549145409,8,statistically better but below practical threshold
lead_seasonality_trend|seasonality_trend|0.25,hist_conversion_rate,propensity_ev_gbm,net_value_per_1k_leads,-18878.43650390013,-25996.12085781433,-13513.049595579403,-6.772021902475636,8,worse
lead_seasonality_trend|seasonality_trend|0.25,hist_net_profit,propensity_ev_gbm,net_value_per_1k_leads,-21977.052625008888,-30024.231562932047,-14095.116710625338,-7.883549132772355,8,worse
lead_seasonality_trend|seasonality_trend|0.25,hist_profit_per_agent_hour,propensity_ev_gbm,net_value_per_1k_leads,-22941.228858392587,-30299.4622284523,-16189.545134431399,-8.22941583465585,8,worse
lead_seasonality_trend|seasonality_trend|0.25,hist_roas,propensity_ev_gbm,net_value_per_1k_leads,-27912.0379425284,-37042.7819410832,-18893.256977473582,-10.012531082777068,8,worse
lead_seasonality_trend|seasonality_trend|0.25,last_click_attribution,propensity_ev_gbm,net_value_per_1k_leads,-28961.03347107824,-34692.01158724726,-22799.44509644395,-10.38882393380162,8,worse
lead_seasonality_trend|seasonality_trend|0.25,lead_score_gbm,propensity_ev_gbm,net_value_per_1k_leads,-7506.430638153099,-13313.237713414903,-2725.11783135141,-2.692686583472372,8,worse
lead_seasonality_trend|seasonality_trend|0.25,lead_score_logit,propensity_ev_gbm,net_value_per_1k_leads,-4218.97281984107,-8843.057540160346,251.9978233472284,-1.5134185681113261,8,no meaningful evidence of difference
lead_seasonality_trend|seasonality_trend|0.25,lowest_cpl,propensity_ev_gbm,net_value_per_1k_leads,-28429.999173876873,-37310.22301545186,-18761.127572814337,-10.19833274080105,8,worse
lead_seasonality_trend|seasonality_trend|0.25,oracle,propensity_ev_gbm,net_value_per_1k_leads,53643.01591790498,44762.575631670225,64071.354739523085,19.242678207798235,8,better
lead_seasonality_trend|seasonality_trend|0.25,propensity_ev_logit,propensity_ev_gbm,net_value_per_1k_leads,2660.550002175205,-113.39146985389318,5311.443069013265,0.9543853318382517,8,no meaningful evidence of difference
lead_seasonality_trend|seasonality_trend|0.25,random,propensity_ev_gbm,net_value_per_1k_leads,-32868.2153747646,-38498.73897049376,-28325.580407697165,-11.790397704132344,8,worse
lead_seasonality_trend|seasonality_trend|0.25,s_learner,propensity_ev_gbm,net_value_per_1k_leads,4789.785347446115,507.31968235439854,10535.781575731591,1.7181789007983181,8,statistically better but below practical threshold
lead_seasonality_trend|seasonality_trend|0.25,t_learner,propensity_ev_gbm,net_value_per_1k_leads,1030.7043772535435,-5005.202859133482,7509.978078229604,0.3697314984901693,8,no meaningful evidence of difference
lead_seasonality_trend|seasonality_trend|0.25,x_learner,propensity_ev_gbm,net_value_per_1k_leads,-184.30749530621324,-4292.056334943856,3910.6510334723935,-0.06611428837055691,8,no meaningful evidence of difference
lead_selection_bias|selection_bias|0.25,call_everyone,propensity_ev_gbm,net_value_per_1k_leads,-38028.54968559768,-42413.617323691404,-33188.62958943641,-16.433889794277448,8,worse
lead_selection_bias|selection_bias|0.25,causal_forest,propensity_ev_gbm,net_value_per_1k_leads,-9826.15814424705,-14064.308283750253,-6386.960483076673,-4.246336012778708,8,worse
lead_selection_bias|selection_bias|0.25,class_transformation,propensity_ev_gbm,net_value_per_1k_leads,-45302.68623563958,-52055.721833747135,-40224.927242014775,-19.57737960391349,8,worse
lead_selection_bias|selection_bias|0.25,do_nothing,propensity_ev_gbm,net_value_per_1k_leads,-68309.82824431449,-80290.93282616737,-57147.03116911078,-29.51982651229634,8,worse
lead_selection_bias|selection_bias|0.25,dr_learner,propensity_ev_gbm,net_value_per_1k_leads,-13169.148616023893,-16480.67122662934,-9954.374905264074,-5.690996339052119,8,worse
lead_selection_bias|selection_bias|0.25,existing_policy_capped,propensity_ev_gbm,net_value_per_1k_leads,-16547.905213161925,-22353.816368776563,-10996.123804848456,-7.151112857250114,8,worse
lead_selection_bias|selection_bias|0.25,existing_policy_replay,propensity_ev_gbm,net_value_per_1k_leads,-26512.115161357986,-35284.39611195324,-18244.633721762184,-11.457107420006563,8,worse
lead_selection_bias|selection_bias|0.25,fifo,propensity_ev_gbm,net_value_per_1k_leads,-39710.992403984244,-47261.95027820252,-31681.04481207541,-17.16095086938389,8,worse
lead_selection_bias|selection_bias|0.25,funnel_ev_gbm,propensity_ev_gbm,net_value_per_1k_leads,-919.3577357829527,-3082.676261960114,1499.2112589011074,-0.3972968687021868,8,no meaningful evidence of difference
lead_selection_bias|selection_bias|0.25,hist_conversion_rate,propensity_ev_gbm,net_value_per_1k_leads,-19498.027041505382,-24194.593778823688,-15471.383848241958,-8.42599652774281,8,worse
lead_selection_bias|selection_bias|0.25,hist_net_profit,propensity_ev_gbm,net_value_per_1k_leads,-24614.03376519053,-28967.726478902132,-20541.5253523063,-10.636858929252318,8,worse
lead_selection_bias|selection_bias|0.25,hist_profit_per_agent_hour,propensity_ev_gbm,net_value_per_1k_leads,-25287.595026594827,-29615.971002280912,-21023.47514139736,-10.927935807837697,8,worse
lead_selection_bias|selection_bias|0.25,hist_roas,propensity_ev_gbm,net_value_per_1k_leads,-30522.229885038025,-38102.32985231657,-23349.455663617016,-13.190062896253023,8,worse
lead_selection_bias|selection_bias|0.25,last_click_attribution,propensity_ev_gbm,net_value_per_1k_leads,-33123.19647560463,-38857.81147679598,-27074.65797687958,-14.314060489149847,8,worse
lead_selection_bias|selection_bias|0.25,lead_score_gbm,propensity_ev_gbm,net_value_per_1k_leads,-6125.770046047153,-12215.233060812694,-783.186660612725,-2.647227692723476,8,worse
lead_selection_bias|selection_bias|0.25,lead_score_logit,propensity_ev_gbm,net_value_per_1k_leads,-5102.845455089788,-12050.60273826505,1357.3292433182905,-2.2051748104907287,8,no meaningful evidence of difference
lead_selection_bias|selection_bias|0.25,lowest_cpl,propensity_ev_gbm,net_value_per_1k_leads,-32250.240177689026,-41652.61098810044,-23204.24411139825,-13.93681582129446,8,worse
lead_selection_bias|selection_bias|0.25,oracle,propensity_ev_gbm,net_value_per_1k_leads,40758.07561670356,31154.98174090166,52549.8050917682,17.613443806020495,8,better
lead_selection_bias|selection_bias|0.25,propensity_ev_logit,propensity_ev_gbm,net_value_per_1k_leads,3050.351780349127,1459.072788877791,4573.916931872165,1.3181976543013068,8,statistically better but below practical threshold
lead_selection_bias|selection_bias|0.25,random,propensity_ev_gbm,net_value_per_1k_leads,-38122.18001983964,-42678.65386589708,-33595.869675060334,-16.474351778945678,8,worse
lead_selection_bias|selection_bias|0.25,s_learner,propensity_ev_gbm,net_value_per_1k_leads,-41.19866523188102,-2268.5161909993767,2574.047890189653,-0.01780384289407911,8,no meaningful evidence of difference
lead_selection_bias|selection_bias|0.25,t_learner,propensity_ev_gbm,net_value_per_1k_leads,-1012.7423256131842,-4230.213761535746,2481.1167254713837,-0.4376526558789732,8,no meaningful evidence of difference
lead_selection_bias|selection_bias|0.25,x_learner,propensity_ev_gbm,net_value_per_1k_leads,-3865.9515297919897,-7257.6163880685845,33.64368872757768,-1.6706559128832932,8,no meaningful evidence of difference
lead_sparse|sparse|0.25,call_everyone,propensity_ev_gbm,net_value_per_1k_leads,-36236.06303187946,-40544.53526748066,-32166.579656046935,-15.733480386686953,8,worse
lead_sparse|sparse|0.25,causal_forest,propensity_ev_gbm,net_value_per_1k_leads,-9939.756348576282,-14753.48062508249,-5776.991805008689,-4.315782358066528,8,worse
lead_sparse|sparse|0.25,class_transformation,propensity_ev_gbm,net_value_per_1k_leads,-24195.140874594457,-28958.429944095937,-19737.90249182074,-10.505384485854707,8,worse
lead_sparse|sparse|0.25,do_nothing,propensity_ev_gbm,net_value_per_1k_leads,-71369.58203380201,-80818.94153172369,-63113.827377327034,-30.988242794118694,8,worse
lead_sparse|sparse|0.25,dr_learner,propensity_ev_gbm,net_value_per_1k_leads,-9862.832090835911,-14323.067019007656,-5898.443800158213,-4.282382308525996,8,worse
lead_sparse|sparse|0.25,existing_policy_capped,propensity_ev_gbm,net_value_per_1k_leads,-21861.236856888943,-28234.463069950623,-16372.392528192058,-9.49201741408772,8,worse
lead_sparse|sparse|0.25,existing_policy_replay,propensity_ev_gbm,net_value_per_1k_leads,-37135.790029856216,-45092.29115921774,-30292.757198520107,-16.12413643184247,8,worse
lead_sparse|sparse|0.25,fifo,propensity_ev_gbm,net_value_per_1k_leads,-38357.606051087816,-45677.70567391481,-31556.38738902317,-16.654641591557944,8,worse
lead_sparse|sparse|0.25,funnel_ev_gbm,propensity_ev_gbm,net_value_per_1k_leads,238.66696852145105,-1315.858494134279,1741.8438935182749,0.10362776068908715,8,no meaningful evidence of difference
lead_sparse|sparse|0.25,hist_conversion_rate,propensity_ev_gbm,net_value_per_1k_leads,-19365.74291673186,-25698.561362348002,-14128.54733997681,-8.408488970944894,8,worse
lead_sparse|sparse|0.25,hist_net_profit,propensity_ev_gbm,net_value_per_1k_leads,-20057.18241318051,-27723.057516541947,-14201.739997383149,-8.70870783706136,8,worse
lead_sparse|sparse|0.25,hist_profit_per_agent_hour,propensity_ev_gbm,net_value_per_1k_leads,-20564.03968485218,-27434.856851240176,-15469.57838494148,-8.928782212571747,8,worse
lead_sparse|sparse|0.25,hist_roas,propensity_ev_gbm,net_value_per_1k_leads,-25256.902563504977,-35298.919402327956,-17211.77219281201,-10.966395018183025,8,worse
lead_sparse|sparse|0.25,last_click_attribution,propensity_ev_gbm,net_value_per_1k_leads,-32278.98587977962,-38705.58932613152,-26406.42333025654,-14.015341313289365,8,worse
lead_sparse|sparse|0.25,lead_score_gbm,propensity_ev_gbm,net_value_per_1k_leads,-6451.237118008892,-8094.564121699317,-4745.343490657695,-2.8010883129539375,8,worse
lead_sparse|sparse|0.25,lead_score_logit,propensity_ev_gbm,net_value_per_1k_leads,-971.5468998277975,-2930.330653614772,887.7886602294425,-0.42183981410284943,8,no meaningful evidence of difference
lead_sparse|sparse|0.25,lowest_cpl,propensity_ev_gbm,net_value_per_1k_leads,-38615.06886274536,-47316.77775059215,-31316.298508335516,-16.766430394164658,8,worse
lead_sparse|sparse|0.25,oracle,propensity_ev_gbm,net_value_per_1k_leads,48116.75135238686,40046.14021660537,55758.371225241535,20.892003720377843,8,better
lead_sparse|sparse|0.25,propensity_ev_logit,propensity_ev_gbm,net_value_per_1k_leads,4369.686576676144,2514.238269289199,6089.955240746076,1.8972916011769472,8,statistically better but below practical threshold
lead_sparse|sparse|0.25,random,propensity_ev_gbm,net_value_per_1k_leads,-38510.52865506361,-45725.0057140695,-32847.669616662715,-16.721039665438582,8,worse
lead_sparse|sparse|0.25,s_learner,propensity_ev_gbm,net_value_per_1k_leads,-2290.6836182890474,-4380.278050013949,-404.6406229202631,-0.9946010345756515,8,statistically worse but below practical threshold
lead_sparse|sparse|0.25,t_learner,propensity_ev_gbm,net_value_per_1k_leads,-5851.985959773749,-9239.589094921877,-2139.629256644377,-2.54089706821255,8,worse
lead_sparse|sparse|0.25,x_learner,propensity_ev_gbm,net_value_per_1k_leads,-6081.661629434948,-11156.455280340204,-1574.7949841330187,-2.640620861074223,8,worse
lead_strong_heterogeneity|strong_heterogeneity|0.25,call_everyone,propensity_ev_gbm,net_value_per_1k_leads,-68696.11860369415,-74643.36672398033,-63012.18614048331,-25.14255494974093,8,worse
lead_strong_heterogeneity|strong_heterogeneity|0.25,causal_forest,propensity_ev_gbm,net_value_per_1k_leads,5884.459784351151,-2699.641728484232,14439.199878559408,2.153693054059002,8,no meaningful evidence of difference
lead_strong_heterogeneity|strong_heterogeneity|0.25,class_transformation,propensity_ev_gbm,net_value_per_1k_leads,-13254.746839667798,-19746.126185517263,-4980.942648693683,-4.851194034466621,8,worse
lead_strong_heterogeneity|strong_heterogeneity|0.25,do_nothing,propensity_ev_gbm,net_value_per_1k_leads,-110133.09401508882,-119860.34235625833,-101208.86945075658,-40.30835255822517,8,worse
lead_strong_heterogeneity|strong_heterogeneity|0.25,dr_learner,propensity_ev_gbm,net_value_per_1k_leads,4976.638100115892,-895.1095833265899,11456.922318274734,1.821433283865465,8,no meaningful evidence of difference
lead_strong_heterogeneity|strong_heterogeneity|0.25,existing_policy_capped,propensity_ev_gbm,net_value_per_1k_leads,-64145.488516433106,-71869.86025625883,-55592.07721812866,-23.477039206632373,8,worse
lead_strong_heterogeneity|strong_heterogeneity|0.25,existing_policy_replay,propensity_ev_gbm,net_value_per_1k_leads,-65688.58107169428,-74777.54331983495,-56767.604037822,-24.041806039923358,8,worse
lead_strong_heterogeneity|strong_heterogeneity|0.25,fifo,propensity_ev_gbm,net_value_per_1k_leads,-68355.91119451792,-76623.95691180034,-60283.66245983554,-25.018040149583612,8,worse
lead_strong_heterogeneity|strong_heterogeneity|0.25,funnel_ev_gbm,propensity_ev_gbm,net_value_per_1k_leads,-1.0550598121262738,-1699.218833555471,2079.9704020032405,-0.0003861484439125457,8,no meaningful evidence of difference
lead_strong_heterogeneity|strong_heterogeneity|0.25,hist_conversion_rate,propensity_ev_gbm,net_value_per_1k_leads,-55851.312568829475,-66793.09468405475,-45831.439188630524,-20.441397910382637,8,worse
lead_strong_heterogeneity|strong_heterogeneity|0.25,hist_net_profit,propensity_ev_gbm,net_value_per_1k_leads,-54977.15398126586,-60694.993536334165,-49259.52798191176,-20.12145872357938,8,worse
lead_strong_heterogeneity|strong_heterogeneity|0.25,hist_profit_per_agent_hour,propensity_ev_gbm,net_value_per_1k_leads,-55787.683566297885,-61632.82455718491,-49728.78549252961,-20.41810990335888,8,worse
lead_strong_heterogeneity|strong_heterogeneity|0.25,hist_roas,propensity_ev_gbm,net_value_per_1k_leads,-60768.391827454834,-64127.71865738369,-56518.311188964064,-22.24103285286644,8,worse
lead_strong_heterogeneity|strong_heterogeneity|0.25,last_click_attribution,propensity_ev_gbm,net_value_per_1k_leads,-62963.81243839404,-70187.94988131551,-56222.00283613922,-23.04454962310452,8,worse
lead_strong_heterogeneity|strong_heterogeneity|0.25,lead_score_gbm,propensity_ev_gbm,net_value_per_1k_leads,-15401.89673406573,-26485.059708019264,-7156.346487021849,-5.637043880171403,8,worse
lead_strong_heterogeneity|strong_heterogeneity|0.25,lead_score_logit,propensity_ev_gbm,net_value_per_1k_leads,-11905.478668856027,-21473.787042561155,-4468.4772362543445,-4.357366292578055,8,worse
lead_strong_heterogeneity|strong_heterogeneity|0.25,lowest_cpl,propensity_ev_gbm,net_value_per_1k_leads,-59150.129650296905,-67870.53118994471,-49533.36018017769,-21.64875418357212,8,worse
lead_strong_heterogeneity|strong_heterogeneity|0.25,oracle,propensity_ev_gbm,net_value_per_1k_leads,64443.5017921902,53915.61313580199,76579.6346426773,23.586111091824332,8,better
lead_strong_heterogeneity|strong_heterogeneity|0.25,propensity_ev_logit,propensity_ev_gbm,net_value_per_1k_leads,-10025.891972204292,-15246.431025179812,-4482.238566021864,-3.6694437030064955,8,worse
lead_strong_heterogeneity|strong_heterogeneity|0.25,random,propensity_ev_gbm,net_value_per_1k_leads,-64617.53261782075,-71427.41536221614,-58037.41626602837,-23.649805805372953,8,worse
lead_strong_heterogeneity|strong_heterogeneity|0.25,s_learner,propensity_ev_gbm,net_value_per_1k_leads,17307.41389272141,8412.271308997619,27440.14912359853,6.334456934110645,8,better
lead_strong_heterogeneity|strong_heterogeneity|0.25,t_learner,propensity_ev_gbm,net_value_per_1k_leads,9094.162507059587,659.4534166006233,19747.4926541915,3.3284337631169114,8,better
lead_strong_heterogeneity|strong_heterogeneity|0.25,x_learner,propensity_ev_gbm,net_value_per_1k_leads,14131.915280102014,5631.853280195839,23893.83008516289,5.172234817586061,8,better
lead_value_heterogeneity|value_heterogeneity|0.25,call_everyone,propensity_ev_gbm,net_value_per_1k_leads,-57051.943512642785,-64785.17408082647,-49057.44954974015,-15.901991043013338,8,worse
lead_value_heterogeneity|value_heterogeneity|0.25,causal_forest,propensity_ev_gbm,net_value_per_1k_leads,-19715.064371204044,-30710.93264011423,-8961.578817080495,-5.495146313005868,8,worse
lead_value_heterogeneity|value_heterogeneity|0.25,class_transformation,propensity_ev_gbm,net_value_per_1k_leads,-30002.172777579268,-38932.204985583376,-20542.329583218132,-8.362454517860192,8,worse
lead_value_heterogeneity|value_heterogeneity|0.25,do_nothing,propensity_ev_gbm,net_value_per_1k_leads,-107189.95287105741,-128378.8477014098,-90212.92643771264,-29.876872995200415,8,worse
lead_value_heterogeneity|value_heterogeneity|0.25,dr_learner,propensity_ev_gbm,net_value_per_1k_leads,-19954.3583246746,-32640.77677703045,-5733.261066698717,-5.561844309085402,8,worse
lead_value_heterogeneity|value_heterogeneity|0.25,existing_policy_capped,propensity_ev_gbm,net_value_per_1k_leads,-35169.90830694978,-49118.2885224078,-23378.343920805444,-9.802848640148088,8,worse
lead_value_heterogeneity|value_heterogeneity|0.25,existing_policy_replay,propensity_ev_gbm,net_value_per_1k_leads,-52739.09190471878,-60802.054383472205,-45220.51776205233,-14.699877260091025,8,worse
lead_value_heterogeneity|value_heterogeneity|0.25,fifo,propensity_ev_gbm,net_value_per_1k_leads,-59383.64596043574,-67927.44897328218,-49726.52286898588,-16.551902494874028,8,worse
lead_value_heterogeneity|value_heterogeneity|0.25,funnel_ev_gbm,propensity_ev_gbm,net_value_per_1k_leads,-413.522968924226,-6733.023569285568,6466.550360575464,-0.11526055280581476,8,no meaningful evidence of difference
lead_value_heterogeneity|value_heterogeneity|0.25,hist_conversion_rate,propensity_ev_gbm,net_value_per_1k_leads,-24030.17430987654,-33059.03534982464,-14202.744828992756,-6.6978895566112655,8,worse
lead_value_heterogeneity|value_heterogeneity|0.25,hist_net_profit,propensity_ev_gbm,net_value_per_1k_leads,-32869.8195140666,-43024.84797410452,-23135.80174000732,-9.161748808475247,8,worse
lead_value_heterogeneity|value_heterogeneity|0.25,hist_profit_per_agent_hour,propensity_ev_gbm,net_value_per_1k_leads,-32866.11387635561,-43019.775698064426,-23132.096102296327,-9.160715942387595,8,worse
lead_value_heterogeneity|value_heterogeneity|0.25,hist_roas,propensity_ev_gbm,net_value_per_1k_leads,-36505.426974722184,-50425.01994466488,-22920.777910485358,-10.17509548372823,8,worse
lead_value_heterogeneity|value_heterogeneity|0.25,last_click_attribution,propensity_ev_gbm,net_value_per_1k_leads,-49400.894299231906,-60367.742508532945,-38759.2250289994,-13.769427127213477,8,worse
lead_value_heterogeneity|value_heterogeneity|0.25,lead_score_gbm,propensity_ev_gbm,net_value_per_1k_leads,-7390.491601344194,-19174.78229735177,3636.643459822233,-2.059939136376613,8,no meaningful evidence of difference
lead_value_heterogeneity|value_heterogeneity|0.25,lead_score_logit,propensity_ev_gbm,net_value_per_1k_leads,-4116.902792078552,-15935.677361414862,6980.72745307548,-1.147497303226527,8,no meaningful evidence of difference
lead_value_heterogeneity|value_heterogeneity|0.25,lowest_cpl,propensity_ev_gbm,net_value_per_1k_leads,-38599.00304080824,-56642.02612703149,-18722.869002943382,-10.758634374798435,8,worse
lead_value_heterogeneity|value_heterogeneity|0.25,oracle,propensity_ev_gbm,net_value_per_1k_leads,96322.9736522906,71885.7802951886,123396.18052182687,26.84793838645834,8,better
lead_value_heterogeneity|value_heterogeneity|0.25,propensity_ev_logit,propensity_ev_gbm,net_value_per_1k_leads,4860.286954511572,14.318303506200088,10386.925572563563,1.354699504671395,8,statistically better but below practical threshold
lead_value_heterogeneity|value_heterogeneity|0.25,random,propensity_ev_gbm,net_value_per_1k_leads,-55543.00517548428,-62937.53018902727,-48673.926882818174,-15.48140723035783,8,worse
lead_value_heterogeneity|value_heterogeneity|0.25,s_learner,propensity_ev_gbm,net_value_per_1k_leads,7893.6680272909725,-2923.455357455107,21806.534496286426,2.200188644558363,8,no meaningful evidence of difference
lead_value_heterogeneity|value_heterogeneity|0.25,t_learner,propensity_ev_gbm,net_value_per_1k_leads,-3827.0579440603615,-17033.733136270577,10892.680606656239,-1.0667093424092509,8,no meaningful evidence of difference
lead_value_heterogeneity|value_heterogeneity|0.25,x_learner,propensity_ev_gbm,net_value_per_1k_leads,-926.6151445913165,-13252.072876150018,13472.375389275116,-0.2582738610183599,8,no meaningful evidence of difference
lead_very_rare_outcome|very_rare_outcome|0.25,call_everyone,propensity_ev_gbm,net_value_per_1k_leads,-9791.86951644302,-13860.875472625987,-6113.162933621823,-19.495017673613525,8,worse
lead_very_rare_outcome|very_rare_outcome|0.25,causal_forest,propensity_ev_gbm,net_value_per_1k_leads,-1867.5094243720066,-3897.009220419773,17.059372009326125,-3.7180978742246653,8,no meaningful evidence of difference
lead_very_rare_outcome|very_rare_outcome|0.25,class_transformation,propensity_ev_gbm,net_value_per_1k_leads,-9370.709070111632,-13408.612991592241,-5494.101623321746,-18.656512796595933,8,worse
lead_very_rare_outcome|very_rare_outcome|0.25,do_nothing,propensity_ev_gbm,net_value_per_1k_leads,-15498.38194262769,-22919.825459696138,-9055.525408498146,-30.85633743143413,8,worse
lead_very_rare_outcome|very_rare_outcome|0.25,dr_learner,propensity_ev_gbm,net_value_per_1k_leads,-6732.153760915417,-10467.647272006157,-3290.082396588435,-13.403309381333047,8,worse
lead_very_rare_outcome|very_rare_outcome|0.25,existing_policy_capped,propensity_ev_gbm,net_value_per_1k_leads,-8989.00193295917,-13948.445543622123,-4753.214621569245,-17.896557062664257,8,worse
lead_very_rare_outcome|very_rare_outcome|0.25,existing_policy_replay,propensity_ev_gbm,net_value_per_1k_leads,-10306.899684823313,-14910.970944045668,-6434.993399624028,-20.520411467736025,8,worse
lead_very_rare_outcome|very_rare_outcome|0.25,fifo,propensity_ev_gbm,net_value_per_1k_leads,-9608.587968494021,-14808.931723966605,-5129.662162338996,-19.130115239965605,8,worse
lead_very_rare_outcome|very_rare_outcome|0.25,funnel_ev_gbm,propensity_ev_gbm,net_value_per_1k_leads,74.78291013071566,-660.9123027541041,938.1227754007118,0.14888823347108351,8,no meaningful evidence of difference
lead_very_rare_outcome|very_rare_outcome|0.25,hist_conversion_rate,propensity_ev_gbm,net_value_per_1k_leads,-6249.091646893082,-10118.224200616178,-2968.716969570399,-12.441562042430654,8,worse
lead_very_rare_outcome|very_rare_outcome|0.25,hist_net_profit,propensity_ev_gbm,net_value_per_1k_leads,-6303.930557046142,-10133.737026482224,-3074.4332105309254,-12.550742982887463,8,worse
lead_very_rare_outcome|very_rare_outcome|0.25,hist_profit_per_agent_hour,propensity_ev_gbm,net_value_per_1k_leads,-6269.021395939755,-10101.389932150714,-3029.551685184651,-12.481240962706618,8,worse
lead_very_rare_outcome|very_rare_outcome|0.25,hist_roas,propensity_ev_gbm,net_value_per_1k_leads,-6863.496366880959,-10769.9285826423,-3535.181226125275,-13.664804535072273,8,worse
lead_very_rare_outcome|very_rare_outcome|0.25,last_click_attribution,propensity_ev_gbm,net_value_per_1k_leads,-8013.52112067843,-12285.540940216588,-4242.623351899258,-15.954433993749834,8,worse
lead_very_rare_outcome|very_rare_outcome|0.25,lead_score_gbm,propensity_ev_gbm,net_value_per_1k_leads,400.5603103458441,-412.75315061883595,1121.5301945111316,0.7974912570502685,8,no meaningful evidence of difference
lead_very_rare_outcome|very_rare_outcome|0.25,lead_score_logit,propensity_ev_gbm,net_value_per_1k_leads,2105.5848969924327,-73.94690040019259,4604.130689099343,4.192091684966854,8,no meaningful evidence of difference
lead_very_rare_outcome|very_rare_outcome|0.25,lowest_cpl,propensity_ev_gbm,net_value_per_1k_leads,-8672.749087731227,-12174.524243998116,-5509.441349348208,-17.26691684976149,8,worse
lead_very_rare_outcome|very_rare_outcome|0.25,oracle,propensity_ev_gbm,net_value_per_1k_leads,9307.281888704396,5355.057582177798,13944.11174401304,18.530233129526724,8,better
lead_very_rare_outcome|very_rare_outcome|0.25,propensity_ev_logit,propensity_ev_gbm,net_value_per_1k_leads,1577.5613896008676,-89.36966682088314,3491.140631724323,3.140828941790382,8,no meaningful evidence of difference
lead_very_rare_outcome|very_rare_outcome|0.25,random,propensity_ev_gbm,net_value_per_1k_leads,-9596.725324908975,-14155.096287519205,-5653.315320616599,-19.106497436852734,8,worse
lead_very_rare_outcome|very_rare_outcome|0.25,s_learner,propensity_ev_gbm,net_value_per_1k_leads,-1101.5938514612913,-1880.3889498998933,-393.95431336379414,-2.193206472708703,8,worse
lead_very_rare_outcome|very_rare_outcome|0.25,t_learner,propensity_ev_gbm,net_value_per_1k_leads,-3977.003716282353,-5743.024852761321,-2481.2414745767137,-7.917972927106081,8,worse
lead_very_rare_outcome|very_rare_outcome|0.25,x_learner,propensity_ev_gbm,net_value_per_1k_leads,-4623.710938795028,-6883.745889470249,-2459.1501396841213,-9.205527740961273,8,worse
