scenario,regime,capacity_ratio,candidate,metric,mean,sd,ci_low,ci_high,n_seeds,family,pct_of_oracle_incremental,fit_seconds,predict_seconds,share_treated
abl_agent_time_heterogeneity,agent_time_heterogeneity,0.25,oracle,pct_of_oracle_incremental,100.0,0.0,100.0,100.0,6,,100.0,1.6044999332128402e-06,0.0005524576666478333,0.35847459891045413
abl_agent_time_heterogeneity,agent_time_heterogeneity,0.25,propensity_ev_gbm,pct_of_oracle_incremental,58.54880592737067,8.536396798140432,52.14469858101469,64.55804993672037,6,,58.54880592737067,1.6370232718330346,0.2500715371667563,0.22716960541786213
abl_agent_time_heterogeneity,agent_time_heterogeneity,0.25,t_learner,pct_of_oracle_incremental,53.59016942497461,5.754241407828213,49.417061312087014,57.59548912740575,6,,53.59016942497461,2.403046004499932,0.3073826821664625,0.24810631195370772
abl_agent_time_heterogeneity,agent_time_heterogeneity,0.25,abl_t_learner_no_value_model,pct_of_oracle_incremental,52.46985864838402,5.754611964179426,48.11221677064267,56.55958764258691,6,,52.46985864838402,2.065325601333219,0.2264425171667123,0.2583760455339788
abl_agent_time_heterogeneity,agent_time_heterogeneity,0.25,abl_propensity_ev_no_value_model,pct_of_oracle_incremental,51.85084114871594,12.497945087368599,42.947500259137996,60.83514351755098,6,,51.85084114871594,1.3368934761665514,0.17009634333317078,0.23658449038877383
abl_agent_time_heterogeneity,agent_time_heterogeneity,0.25,abl_t_learner_no_effort_model,pct_of_oracle_incremental,49.182713332196016,5.67580097523913,45.06029988533519,53.2589667504978,6,,49.182713332196016,1.953974604166433,0.24714036950020576,0.2005081236560566
abl_agent_time_heterogeneity,agent_time_heterogeneity,0.25,abl_t_learner_no_optimizer,pct_of_oracle_incremental,48.462315416317175,5.610777022283581,44.44923186848764,52.53803774280308,6,,48.462315416317175,2.4026840110000194,0.3076955044995581,0.195868587074555
abl_agent_time_heterogeneity,agent_time_heterogeneity,0.25,abl_propensity_ev_no_effort_model,pct_of_oracle_incremental,45.68074920557137,9.300925005898803,39.13154968501603,52.666664459583274,6,,45.68074920557137,1.2732575476672234,0.1867614761661874,0.1722496359557956
abl_agent_time_heterogeneity,agent_time_heterogeneity,0.25,abl_propensity_ev_no_optimizer,pct_of_oracle_incremental,44.90200863829918,9.864257877641426,38.15324121289781,52.52327939042514,6,,44.90200863829918,1.6816124468332418,0.25117093533269025,0.1697746220563662
abl_agent_time_heterogeneity,agent_time_heterogeneity,0.25,hist_profit_per_agent_hour,pct_of_oracle_incremental,39.00471352446674,4.360898229464095,35.830974064868066,42.13641676528228,6,,39.00471352446674,0.054249941333485624,0.0012766728332280334,0.24493679408339508
abl_capacity_value_heterogeneity,capacity_value_heterogeneity,0.25,oracle,pct_of_oracle_incremental,100.0,0.0,100.0,100.0,6,,100.0,1.451667230867315e-06,0.0005432736661532166,0.3533600847028911
abl_capacity_value_heterogeneity,capacity_value_heterogeneity,0.25,abl_t_learner_no_value_model,pct_of_oracle_incremental,67.36474863144734,11.236418494909536,58.046881763404876,73.87430392824028,6,,67.36474863144734,2.1734636129998157,0.2280384989996188,0.3075670186844
abl_capacity_value_heterogeneity,capacity_value_heterogeneity,0.25,t_learner,pct_of_oracle_incremental,62.727498622390755,11.363073656625774,54.38376803520457,70.58392450338066,6,,62.727498622390755,2.4911295576666816,0.3089271386667557,0.29437259016128264
abl_capacity_value_heterogeneity,capacity_value_heterogeneity,0.25,abl_propensity_ev_no_value_model,pct_of_oracle_incremental,59.89328537396326,16.70161487990009,46.307943816780806,70.5266532975823,6,,59.89328537396326,1.3824706139997336,0.17162880600001998,0.27149859089426626
abl_capacity_value_heterogeneity,capacity_value_heterogeneity,0.25,abl_t_learner_no_optimizer,pct_of_oracle_incremental,51.751582754139285,11.412306730511771,43.41120933014739,59.74457295530124,6,,51.751582754139285,2.483981896499851,0.3094744741671699,0.250156799128843
abl_capacity_value_heterogeneity,capacity_value_heterogeneity,0.25,abl_t_learner_no_effort_model,pct_of_oracle_incremental,51.02822531257576,10.728181618431261,43.30017876373773,58.55982567731774,6,,51.02822531257576,2.0668138949998442,0.2419152908335794,0.23982010723394442
abl_capacity_value_heterogeneity,capacity_value_heterogeneity,0.25,propensity_ev_gbm,pct_of_oracle_incremental,50.04151042369048,14.53428458934111,40.137844428937306,61.36209650133659,6,,50.04151042369048,1.7296351433330226,0.2516785251667291,0.25381459326484507
abl_capacity_value_heterogeneity,capacity_value_heterogeneity,0.25,abl_propensity_ev_no_effort_model,pct_of_oracle_incremental,35.29946570843083,13.46819272036861,26.48745752887706,46.12667545926437,6,,35.29946570843083,1.2648101254999347,0.1943131659997258,0.19706100953655326
abl_capacity_value_heterogeneity,capacity_value_heterogeneity,0.25,abl_propensity_ev_no_optimizer,pct_of_oracle_incremental,35.10147351025361,13.476308315552277,26.35451262230887,45.93211355273485,6,,35.10147351025361,1.7005595835001561,0.25226548699993145,0.19341919989957435
abl_capacity_value_heterogeneity,capacity_value_heterogeneity,0.25,hist_profit_per_agent_hour,pct_of_oracle_incremental,30.604161741873384,4.073074308937544,27.672032772546228,33.569516479701306,6,,30.604161741873384,0.05525463616716778,0.0012750439997640832,0.24560383174513226
abl_propensity_not_uplift,propensity_not_uplift,0.25,oracle,pct_of_oracle_incremental,100.0,0.0,100.0,100.0,6,,100.0,1.7311670793181595e-06,0.0005164950001319834,0.30332632113390906
abl_propensity_not_uplift,propensity_not_uplift,0.25,t_learner,pct_of_oracle_incremental,48.272009692359525,8.206889272033964,41.746337109530714,53.47512708774688,6,,48.272009692359525,2.4468509395001092,0.29993930266694707,0.24853677323476656
abl_propensity_not_uplift,propensity_not_uplift,0.25,abl_t_learner_no_value_model,pct_of_oracle_incremental,47.41478705241684,5.3973365820943355,43.73583929408165,51.4755160657051,6,,47.41478705241684,2.1108998224999596,0.21700657666648715,0.24805496877975677
abl_propensity_not_uplift,propensity_not_uplift,0.25,abl_t_learner_no_optimizer,pct_of_oracle_incremental,47.41261360729407,8.717911027735251,40.558550804109956,52.96288104958682,6,,47.41261360729407,2.447370375666651,0.2934325483335366,0.24688271486034372
abl_propensity_not_uplift,propensity_not_uplift,0.25,abl_t_learner_no_effort_model,pct_of_oracle_incremental,47.40198565598829,8.700464959848226,40.567271258244745,52.93854912345765,6,,47.40198565598829,2.021861465833657,0.23707695383382088,0.24643636418449902
abl_propensity_not_uplift,propensity_not_uplift,0.25,hist_profit_per_agent_hour,pct_of_oracle_incremental,35.88081023263608,15.534781118115237,22.967760629434427,44.86536075339756,6,,35.88081023263608,0.055481304666500315,0.0012806613334153168,0.24943859194050225
abl_propensity_not_uplift,propensity_not_uplift,0.25,abl_propensity_ev_no_effort_model,pct_of_oracle_incremental,34.94701312673845,11.909188362435126,25.82666334104884,43.066720124201474,6,,34.94701312673845,1.2539365805002187,0.19044031066672076,0.2466102270311602
abl_propensity_not_uplift,propensity_not_uplift,0.25,propensity_ev_gbm,pct_of_oracle_incremental,34.81903133133752,14.424281863632695,23.586645666453776,44.50556336070583,6,,34.81903133133752,1.666874178500014,0.24066962366669023,0.24889414841252355
abl_propensity_not_uplift,propensity_not_uplift,0.25,abl_propensity_ev_no_optimizer,pct_of_oracle_incremental,34.808651992042826,12.050023024635385,25.566573537563926,42.96269091244204,6,,34.808651992042826,1.6530663608333878,0.2441411291665645,0.24645241372668217
abl_propensity_not_uplift,propensity_not_uplift,0.25,abl_propensity_ev_no_value_model,pct_of_oracle_incremental,31.03641435644316,8.20427852569796,25.197756239752213,36.87507247313411,6,,31.03641435644316,1.325368460333569,0.16456699433304792,0.24722776121597842
abl_sparse,sparse,0.25,oracle,pct_of_oracle_incremental,100.0,0.0,100.0,100.0,6,,100.0,1.5721667902350116e-06,0.0005352751671428333,0.3022775353872332
abl_sparse,sparse,0.25,abl_propensity_ev_no_optimizer,pct_of_oracle_incremental,60.7845430101269,6.409913372966307,56.440228799078795,65.59767397539287,6,,60.7845430101269,1.6367467068333401,0.2546480261656446,0.2470226543392343
abl_sparse,sparse,0.25,abl_propensity_ev_no_effort_model,pct_of_oracle_incremental,60.74226556897437,6.453715224071315,56.362359608585216,65.60586190797159,6,,60.74226556897437,1.2464758578328958,0.19421376083391806,0.24720222770262054
abl_sparse,sparse,0.25,propensity_ev_gbm,pct_of_oracle_incremental,60.269982279330556,5.930888730341389,56.28554710885751,64.88295691887338,6,,60.269982279330556,1.6541753878330685,0.25106733633280476,0.24825417793688662
abl_sparse,sparse,0.25,abl_propensity_ev_no_value_model,pct_of_oracle_incremental,56.10705384981637,4.419447934551973,52.85431383237793,59.23437529529439,6,,56.10705384981637,1.306881461999789,0.16349662949960472,0.24839615443462834
abl_sparse,sparse,0.25,t_learner,pct_of_oracle_incremental,54.126725267923405,5.842048183465463,49.8689617720107,58.25435389926863,6,,54.126725267923405,2.438876919333476,0.303517718666626,0.2485371674331275
abl_sparse,sparse,0.25,abl_t_learner_no_effort_model,pct_of_oracle_incremental,53.73043500221109,7.051759477089122,48.4754896340819,58.67184709616877,6,,53.73043500221109,2.016339274500145,0.24526224133417904,0.2477567871658314
abl_sparse,sparse,0.25,abl_t_learner_no_optimizer,pct_of_oracle_incremental,53.51303393097703,7.083712853575548,48.254374236840675,58.53032262148542,6,,53.51303393097703,2.4026189976669534,0.30050691333356855,0.2472639145323149
abl_sparse,sparse,0.25,abl_t_learner_no_value_model,pct_of_oracle_incremental,50.627870066862364,5.010016279327215,47.204722080996284,54.457336305712225,6,,50.627870066862364,2.0643184086660162,0.219669305000328,0.24784380397968156
abl_sparse,sparse,0.25,hist_profit_per_agent_hour,pct_of_oracle_incremental,43.65709084124476,4.1705783587354,40.41279570701949,46.431648399496304,6,,43.65709084124476,0.05507231050008457,0.0012587458328804167,0.2482551842448164
abl_value_heterogeneity,value_heterogeneity,0.25,oracle,pct_of_oracle_incremental,100.0,0.0,100.0,100.0,6,,100.0,1.485333693077943e-06,0.00056806483341155,0.29605411581697577
abl_value_heterogeneity,value_heterogeneity,0.25,abl_propensity_ev_no_optimizer,pct_of_oracle_incremental,53.97820212426816,6.340553064732607,48.898654743606016,57.904017288743695,6,,53.97820212426816,1.6692533838331656,0.24782258266683735,0.24609270806622063
abl_value_heterogeneity,value_heterogeneity,0.25,abl_propensity_ev_no_effort_model,pct_of_oracle_incremental,53.81223289922257,6.2623820841002615,48.86087805523084,57.73821280653119,6,,53.81223289922257,1.2504864605004211,0.19092059666672867,0.24600665832974986
abl_value_heterogeneity,value_heterogeneity,0.25,propensity_ev_gbm,pct_of_oracle_incremental,53.378796717367614,5.2378041637029185,49.684353708483314,57.04861245787012,6,,53.378796717367614,1.649026003833266,0.2475047734997133,0.24788591677899333
abl_value_heterogeneity,value_heterogeneity,0.25,abl_propensity_ev_no_value_model,pct_of_oracle_incremental,51.17641619876729,9.397933705998605,44.57754905228823,58.097771831872194,6,,51.17641619876729,1.3180716029998318,0.16720047750004594,0.24797052023171395
abl_value_heterogeneity,value_heterogeneity,0.25,t_learner,pct_of_oracle_incremental,50.44755973570155,9.654809384759632,42.788579608236255,56.63980825791737,6,,50.44755973570155,2.4047959881666734,0.3003758943335318,0.2476654415667999
abl_value_heterogeneity,value_heterogeneity,0.25,abl_t_learner_no_optimizer,pct_of_oracle_incremental,50.30590329503243,8.809554844898832,43.238883842170964,56.11440963045172,6,,50.30590329503243,2.3661340661662202,0.30324124816646264,0.24627787402065635
abl_value_heterogeneity,value_heterogeneity,0.25,abl_t_learner_no_effort_model,pct_of_oracle_incremental,50.20548152075299,8.872692771577558,43.134852510881984,56.0936273385895,6,,50.20548152075299,1.9755458468331806,0.2468522811668663,0.24603394902813117
abl_value_heterogeneity,value_heterogeneity,0.25,abl_t_learner_no_value_model,pct_of_oracle_incremental,48.91693816089933,11.363831550639196,40.2107794094021,56.18837219925266,6,,48.91693816089933,2.0644790456666064,0.2265349913332102,0.24755960172142577
abl_value_heterogeneity,value_heterogeneity,0.25,hist_profit_per_agent_hour,pct_of_oracle_incremental,35.36381971574452,6.168249116073064,31.315657768195393,39.96080014070326,6,,35.36381971574452,0.05482779233352627,0.00126283499927615,0.24911065336371654
bayes_hidden_confounding_n5000,hidden_confounding,0.25,oracle,pct_of_oracle_incremental,100.0,0.0,100.0,100.0,4,,100.0,3.101250513282139e-06,0.0003903990000253,0.29780717179372274
bayes_hidden_confounding_n5000,hidden_confounding,0.25,propensity_ev_gbm_bootstrap_lcb25,pct_of_oracle_incremental,52.5115149034254,11.356650010573958,44.614523922822166,62.90594558908027,4,,52.5115149034254,5.67360160050066,0.3971146515000328,0.25167245454741755
bayes_hidden_confounding_n5000,hidden_confounding,0.25,propensity_ev_gbm,pct_of_oracle_incremental,50.751633437099215,14.063086868368115,40.30394909738853,62.96147019602317,4,,50.751633437099215,0.808524174500235,0.05495042625034325,0.25451539899982545
bayes_hidden_confounding_n5000,hidden_confounding,0.25,propensity_ev_gbm_bootstrap,pct_of_oracle_incremental,50.751633437099215,14.063086868368115,40.30394909738853,62.96147019602317,4,,50.751633437099215,5.67360160050066,0.3971146515000328,0.25451539899982545
bayes_hidden_confounding_n5000,hidden_confounding,0.25,bayes_hierarchical_lcb25,pct_of_oracle_incremental,47.9918004630644,4.535885937568999,44.1867942512092,52.128653557594006,4,,47.9918004630644,33.34087350650043,0.09175853699980503,0.24541522416231148
bayes_hidden_confounding_n5000,hidden_confounding,0.25,bayes_hierarchical,pct_of_oracle_incremental,46.83051523689599,5.687708635090236,43.05143478911613,50.37540854397123,8,,46.83051523689599,32.74798127574991,0.08987810250005164,0.24681492841188662
bayes_hidden_confounding_n5000,hidden_confounding,0.25,bayes_hierarchical_lcb10,pct_of_oracle_incremental,45.90662428273773,7.199241827081504,40.16313815629676,51.650110409178694,4,,45.90662428273773,33.34087350650043,0.09175853699980503,0.24621171116701954
bayes_hidden_confounding_n5000,hidden_confounding,0.25,propensity_ev_gbm_bootstrap_lcb10,pct_of_oracle_incremental,44.76449024987761,5.247161174958942,40.68384276015974,48.94937175530818,4,,44.76449024987761,5.67360160050066,0.3971146515000328,0.25207584439117153
bayes_hidden_confounding_n5000,hidden_confounding,0.25,abl_bayes_no_hierarchy,pct_of_oracle_incremental,44.748934081461215,5.547299548529345,40.34342396649009,49.15444419643234,4,,44.748934081461215,20.23893247074966,0.07415581824989198,0.2510514468830935
bayes_hidden_confounding_n5000,hidden_confounding,0.25,t_learner,pct_of_oracle_incremental,41.704000047047735,5.449132226177376,37.280135819920176,46.127864274175295,4,,41.704000047047735,1.0503434222496253,0.0654129054996701,0.25512079213605293
bayes_hidden_confounding_n5000,hidden_confounding,0.25,hist_profit_per_agent_hour,pct_of_oracle_incremental,41.48472584507485,13.11255625808635,29.431641827622443,53.45368221721505,4,,41.48472584507485,0.029517040999507974,0.000866118000430975,0.2425736584010639
bayes_hidden_confounding_n5000,hidden_confounding,0.25,propensity_ev_gbm_bootstrap_abstain50,pct_of_oracle_incremental,29.504761831836227,13.360851959318918,18.24118536281551,41.02654491624606,4,,29.504761831836227,5.67360160050066,0.3971146515000328,0.14889192275706198
bayes_hidden_confounding_n5000,hidden_confounding,0.25,bayes_hierarchical_abstain50,pct_of_oracle_incremental,23.99156701536873,12.562176683701304,15.55640789398068,36.3219735748098,4,,23.99156701536873,33.34087350650043,0.09175853699980503,0.13656035717174725
bayes_hidden_confounding_n5000,hidden_confounding,0.25,propensity_ev_gbm_bootstrap_abstain25,pct_of_oracle_incremental,10.62815747594746,6.957195137993079,5.011975002927329,16.244339948967593,4,,10.62815747594746,5.67360160050066,0.3971146515000328,0.07766554683207588
bayes_hidden_confounding_n5000,hidden_confounding,0.25,bayes_hierarchical_abstain25,pct_of_oracle_incremental,6.259527929876594,3.465126900205586,2.8794558024515657,8.32461234190387,4,,6.259527929876594,33.34087350650043,0.09175853699980503,0.06634769960761505
bayes_propensity_not_uplift_n5000,propensity_not_uplift,0.25,oracle,pct_of_oracle_incremental,100.0,0.0,100.0,100.0,4,,100.0,3.3792493923101574e-06,0.000351718500041825,0.3032675696557684
bayes_propensity_not_uplift_n5000,propensity_not_uplift,0.25,bayes_hierarchical_lcb25,pct_of_oracle_incremental,54.92546148648202,8.835104829554878,47.37185922153593,62.479063751428114,4,,54.92546148648202,36.091457974749574,0.085367122250318,0.24785614078740562
bayes_propensity_not_uplift_n5000,propensity_not_uplift,0.25,bayes_hierarchical,pct_of_oracle_incremental,54.734814074001385,9.198169188802034,48.34789252610788,61.09182229599756,8,,54.734814074001385,36.27357651862485,0.08550793612516822,0.24806713785647122
bayes_propensity_not_uplift_n5000,propensity_not_uplift,0.25,bayes_hierarchical_lcb10,pct_of_oracle_incremental,53.096661228338725,12.62093981716765,42.33330006422382,63.86002239245363,4,,53.096661228338725,36.091457974749574,0.085367122250318,0.2474487911147954
bayes_propensity_not_uplift_n5000,propensity_not_uplift,0.25,abl_bayes_no_hierarchy,pct_of_oracle_incremental,43.95094463783489,13.646091759867714,34.30270646848495,56.40133734509611,4,,43.95094463783489,17.522064786499868,0.07762177274980782,0.24968874310966443
bayes_propensity_not_uplift_n5000,propensity_not_uplift,0.25,t_learner,pct_of_oracle_incremental,43.42298249109612,13.209815389046966,32.39716298311649,54.44880199907574,4,,43.42298249109612,1.1016674392494679,0.06834990800007285,0.24864091547208161
bayes_propensity_not_uplift_n5000,propensity_not_uplift,0.25,propensity_ev_gbm,pct_of_oracle_incremental,41.41814555774285,12.02958307619036,32.699195965481564,52.14571230844812,4,,41.41814555774285,0.8160114210004394,0.0548166305006816,0.2504706951945962
bayes_propensity_not_uplift_n5000,propensity_not_uplift,0.25,propensity_ev_gbm_bootstrap,pct_of_oracle_incremental,41.41814555774285,12.02958307619036,32.699195965481564,52.14571230844812,4,,41.41814555774285,5.629311445249186,0.3724993267496757,0.2504706951945962
bayes_propensity_not_uplift_n5000,propensity_not_uplift,0.25,bayes_hierarchical_abstain50,pct_of_oracle_incremental,40.179558156353224,7.002367362180702,33.93396387408083,46.088608308394086,4,,40.179558156353224,36.091457974749574,0.085367122250318,0.1482488727324816
bayes_propensity_not_uplift_n5000,propensity_not_uplift,0.25,propensity_ev_gbm_bootstrap_lcb25,pct_of_oracle_incremental,36.647294241243756,7.1998692513360165,30.698862214711657,42.25099427085085,4,,36.647294241243756,5.629311445249186,0.3724993267496757,0.24948242117751165
bayes_propensity_not_uplift_n5000,propensity_not_uplift,0.25,propensity_ev_gbm_bootstrap_lcb10,pct_of_oracle_incremental,34.796500010052604,7.339925921890121,29.396734501425442,41.23739304095599,4,,34.796500010052604,5.629311445249186,0.3724993267496757,0.2484747754266421
bayes_propensity_not_uplift_n5000,propensity_not_uplift,0.25,hist_profit_per_agent_hour,pct_of_oracle_incremental,30.158196207052377,9.141676714221274,21.616432902421593,38.34743440497636,4,,30.158196207052377,0.0283933045002413,0.000885568249941525,0.2403535055504759
bayes_propensity_not_uplift_n5000,propensity_not_uplift,0.25,propensity_ev_gbm_bootstrap_abstain50,pct_of_oracle_incremental,23.971643617955767,13.446666587352615,14.169614171939571,35.8459525058909,4,,23.971643617955767,5.629311445249186,0.3724993267496757,0.16269226385921043
bayes_propensity_not_uplift_n5000,propensity_not_uplift,0.25,propensity_ev_gbm_bootstrap_abstain25,pct_of_oracle_incremental,10.216984243006767,12.243849785777083,0.35597010041865396,20.077998385594878,4,,10.216984243006767,5.629311445249186,0.3724993267496757,0.0809239389666222
bayes_propensity_not_uplift_n5000,propensity_not_uplift,0.25,bayes_hierarchical_abstain25,pct_of_oracle_incremental,8.021011905120782,5.182026835678329,3.59968847714673,12.442335333094832,4,,8.021011905120782,36.091457974749574,0.085367122250318,0.052115283179393054
bayes_sparse_n5000,sparse,0.25,oracle,pct_of_oracle_incremental,100.0,0.0,100.0,100.0,4,,100.0,2.8072495297237765e-06,0.00033487024938945,0.3002075555243106
bayes_sparse_n5000,sparse,0.25,bayes_hierarchical_lcb10,pct_of_oracle_incremental,61.735815769194886,16.52989177054933,47.89098567095995,75.58064586742982,4,,61.735815769194886,55.487940899500245,0.09383857974989948,0.25165039761963254
bayes_sparse_n5000,sparse,0.25,bayes_hierarchical_lcb25,pct_of_oracle_incremental,61.22644716406019,14.554502419078366,49.610636873547854,72.84225745457252,4,,61.22644716406019,55.487940899500245,0.09383857974989948,0.2490190393238822
bayes_sparse_n5000,sparse,0.25,bayes_hierarchical,pct_of_oracle_incremental,61.17519590614428,11.756593344234416,53.63372843417315,68.9613098760777,8,,61.17519590614428,53.76521750374991,0.09168887262489983,0.24941245983902804
bayes_sparse_n5000,sparse,0.25,propensity_ev_gbm,pct_of_oracle_incremental,55.32857993210656,4.239889525328371,51.09014067088448,57.62386948111648,4,,55.32857993210656,0.9328615887498017,0.06371069375018121,0.24621899530162766
bayes_sparse_n5000,sparse,0.25,propensity_ev_gbm_bootstrap,pct_of_oracle_incremental,55.32857993210656,4.239889525328371,51.09014067088448,57.62386948111648,4,,55.32857993210656,6.229438537749957,0.4381987912497607,0.24621899530162766
bayes_sparse_n5000,sparse,0.25,propensity_ev_gbm_bootstrap_lcb10,pct_of_oracle_incremental,51.352817435960645,4.749850992530027,46.66828165820932,55.03965681197994,4,,51.352817435960645,6.229438537749957,0.4381987912497607,0.2454240319904558
bayes_sparse_n5000,sparse,0.25,propensity_ev_gbm_bootstrap_lcb25,pct_of_oracle_incremental,50.68713080482361,3.352602349002215,48.019778743841115,53.832322031714256,4,,50.68713080482361,6.229438537749957,0.4381987912497607,0.24663849019420653
bayes_sparse_n5000,sparse,0.25,bayes_hierarchical_abstain50,pct_of_oracle_incremental,50.11086661825898,13.64296448295118,40.00131633302212,61.65667740222425,4,,50.11086661825898,55.487940899500245,0.09383857974989948,0.1924371300725074
bayes_sparse_n5000,sparse,0.25,abl_bayes_no_hierarchy,pct_of_oracle_incremental,48.895670754697974,7.023200944758327,43.06088808890581,54.730453420490136,4,,48.895670754697974,23.99933613750045,0.0816516552499706,0.24947607185524606
bayes_sparse_n5000,sparse,0.25,t_learner,pct_of_oracle_incremental,46.10322038036953,7.977957249760973,39.18290242608663,51.97353067324728,4,,46.10322038036953,1.1124099744997693,0.06628211324959918,0.2443633548037289
bayes_sparse_n5000,sparse,0.25,propensity_ev_gbm_bootstrap_abstain50,pct_of_oracle_incremental,43.632758035405374,10.63487919028421,34.561970185757275,51.53734523358716,4,,43.632758035405374,6.229438537749957,0.4381987912497607,0.18022478296832894
bayes_sparse_n5000,sparse,0.25,hist_profit_per_agent_hour,pct_of_oracle_incremental,41.85838383070858,13.201537240859093,30.54290548755609,53.173862173861075,4,,41.85838383070858,0.03292074524961205,0.0010305227501702999,0.2510242186018285
bayes_sparse_n5000,sparse,0.25,propensity_ev_gbm_bootstrap_abstain25,pct_of_oracle_incremental,24.72359230538754,8.26541194312617,19.541494907563024,32.72335906588242,4,,24.72359230538754,6.229438537749957,0.4381987912497607,0.09101106105501337
bayes_sparse_n5000,sparse,0.25,bayes_hierarchical_abstain25,pct_of_oracle_incremental,17.84282200442274,8.254071081130872,11.055256221570756,24.63038778727472,4,,17.84282200442274,55.487940899500245,0.09383857974989948,0.09756225906257197
bayes_very_rare_outcome_n5000,very_rare_outcome,0.25,oracle,pct_of_oracle_incremental,100.0,0.0,100.0,100.0,4,,100.0,3.648000074463198e-06,0.00043788949960794996,0.2856102867144875
bayes_very_rare_outcome_n5000,very_rare_outcome,0.25,propensity_ev_gbm,pct_of_oracle_incremental,65.42120155395854,32.605808083774356,36.475936182198375,88.6028088087459,4,,65.42120155395854,0.5059380287498243,0.035217531500620604,0.24946939348294983
bayes_very_rare_outcome_n5000,very_rare_outcome,0.25,propensity_ev_gbm_bootstrap,pct_of_oracle_incremental,65.42120155395854,32.605808083774356,36.475936182198375,88.6028088087459,4,,65.42120155395854,2.996376831500129,0.23111011150012928,0.24946939348294983
bayes_very_rare_outcome_n5000,very_rare_outcome,0.25,propensity_ev_gbm_bootstrap_lcb25,pct_of_oracle_incremental,58.53051231399308,41.25122004776241,18.72622822362132,84.32577315896499,4,,58.53051231399308,2.996376831500129,0.23111011150012928,0.19941476420399218
bayes_very_rare_outcome_n5000,very_rare_outcome,0.25,propensity_ev_gbm_bootstrap_lcb10,pct_of_oracle_incremental,58.43261755889655,40.32108663385461,20.116190480679748,84.51459782053921,4,,58.43261755889655,2.996376831500129,0.23111011150012928,0.18291688505519366
bayes_very_rare_outcome_n5000,very_rare_outcome,0.25,bayes_hierarchical_lcb10,pct_of_oracle_incremental,57.623294987156314,42.249511729109365,19.548676758558205,87.41818398120063,4,,57.623294987156314,20.96920982975007,0.07221833299990969,0.19720617846466204
bayes_very_rare_outcome_n5000,very_rare_outcome,0.25,bayes_hierarchical,pct_of_oracle_incremental,55.75826154232577,25.510465079691897,38.59287926263181,71.59109810343435,8,,55.75826154232577,21.24606436399995,0.072759948249768,0.24846429341314497
bayes_very_rare_outcome_n5000,very_rare_outcome,0.25,hist_profit_per_agent_hour,pct_of_oracle_incremental,51.62511630056776,12.176385395524587,39.931497636949366,61.31581131715437,4,,51.62511630056776,0.0281289180002204,0.00087455700031565,0.24602132711715508
bayes_very_rare_outcome_n5000,very_rare_outcome,0.25,bayes_hierarchical_lcb25,pct_of_oracle_incremental,50.31161416969816,37.690917527841734,13.090647284160083,77.50254575597401,4,,50.31161416969816,20.96920982975007,0.07221833299990969,0.21367735299596566
bayes_very_rare_outcome_n5000,very_rare_outcome,0.25,abl_bayes_no_hierarchy,pct_of_oracle_incremental,46.77028236588087,38.69156077668863,9.058387536195331,73.05801454707267,4,,46.77028236588087,11.773916771500353,0.06700017599951022,0.2480502244221668
bayes_very_rare_outcome_n5000,very_rare_outcome,0.25,propensity_ev_gbm_bootstrap_abstain50,pct_of_oracle_incremental,42.27678272926759,28.459946057728818,13.734992972448875,58.704031231434314,4,,42.27678272926759,2.996376831500129,0.23111011150012928,0.09409978777707179
bayes_very_rare_outcome_n5000,very_rare_outcome,0.25,t_learner,pct_of_oracle_incremental,35.790444433432675,38.21932735873271,5.167439033380702,66.41344983348463,4,,35.790444433432675,0.5844723447498836,0.04059456475033583,0.24845670259906502
bayes_very_rare_outcome_n5000,very_rare_outcome,0.25,propensity_ev_gbm_bootstrap_abstain25,pct_of_oracle_incremental,20.01313954030136,23.1957574752647,3.5072499072672008,43.231338424985466,4,,20.01313954030136,2.996376831500129,0.23111011150012928,0.043992373409990744
bayes_very_rare_outcome_n5000,very_rare_outcome,0.25,bayes_hierarchical_abstain50,pct_of_oracle_incremental,0.9776136535656769,1.9813033000735152,-0.029239598668128152,2.962080559365159,4,,0.9776136535656769,20.96920982975007,0.07221833299990969,0.0016197991515368999
bayes_very_rare_outcome_n5000,very_rare_outcome,0.25,bayes_hierarchical_abstain25,pct_of_oracle_incremental,-0.022586101667854224,0.04517220333570845,-0.06775830500356267,0.0,4,,-0.022586101667854224,20.96920982975007,0.07221833299990969,0.0008084074373484
lead_agent_time_heterogeneity,agent_time_heterogeneity,0.25,oracle,pct_of_oracle_incremental,100.0,0.0,100.0,100.0,8,,100.0,2.2174997411639197e-06,0.0004786301249168375,0.35363734130479263
lead_agent_time_heterogeneity,agent_time_heterogeneity,0.25,propensity_ev_logit,pct_of_oracle_incremental,61.27261680983104,6.943581099329123,57.064297796237526,66.10195487317276,8,,61.27261680983104,1.043868502499663,0.19688851800037807,0.2246691155130984
lead_agent_time_heterogeneity,agent_time_heterogeneity,0.25,s_learner,pct_of_oracle_incremental,60.18580404929783,5.847195789297318,56.48900696666716,64.00354761471198,8,,60.18580404929783,2.416552851000233,0.34472505937492315,0.24542717377031575
lead_agent_time_heterogeneity,agent_time_heterogeneity,0.25,funnel_ev_gbm,pct_of_oracle_incremental,58.7129230879105,7.627968606298828,53.91373855551261,63.92920107347251,8,,58.7129230879105,3.1824240297503366,0.598035025749823,0.22398585138718885
lead_agent_time_heterogeneity,agent_time_heterogeneity,0.25,x_learner,pct_of_oracle_incremental,58.108234144433276,5.466755791488116,54.62217870782331,61.617109090377795,8,,58.108234144433276,4.328487377625379,0.5446556699996563,0.27420549691252727
lead_agent_time_heterogeneity,agent_time_heterogeneity,0.25,propensity_ev_gbm,pct_of_oracle_incremental,57.897856185619816,7.31578950280643,53.05499280524414,62.57666633871736,8,,57.897856185619816,1.8170829413752472,0.2809570309996161,0.22061575150899915
lead_agent_time_heterogeneity,agent_time_heterogeneity,0.25,t_learner,pct_of_oracle_incremental,53.50490330729876,4.8915491589070905,50.208430006575036,56.53548962140013,8,,53.50490330729876,2.6253367292495113,0.34131242274975193,0.24336738877334174
lead_agent_time_heterogeneity,agent_time_heterogeneity,0.25,causal_forest,pct_of_oracle_incremental,52.50280141666029,8.734741891476254,46.879875090109266,58.07280809268967,8,,52.50280141666029,26.30407200300033,1.1958156087503085,0.31682894782988147
lead_agent_time_heterogeneity,agent_time_heterogeneity,0.25,dr_learner,pct_of_oracle_incremental,51.637224330741965,6.9018627788963345,47.185058025185974,56.17451591884063,8,,51.637224330741965,5.618525959875342,0.238981620375398,0.32720651957593555
lead_agent_time_heterogeneity,agent_time_heterogeneity,0.25,class_transformation,pct_of_oracle_incremental,45.91557737641824,5.379038767134408,42.24072782962401,49.11671124550576,8,,45.91557737641824,2.3249882671252635,0.2752336757498597,0.28928708669663605
lead_agent_time_heterogeneity,agent_time_heterogeneity,0.25,hist_conversion_rate,pct_of_oracle_incremental,41.432999198482676,2.79856348775941,39.571675730589554,43.148671865642264,8,,41.432999198482676,0.047398928875509186,0.0011891098749856124,0.24578557236035156
lead_agent_time_heterogeneity,agent_time_heterogeneity,0.25,hist_profit_per_agent_hour,pct_of_oracle_incremental,39.88475891941817,4.065059975297908,37.16513281721683,42.365886412504324,8,,39.88475891941817,0.055847364749752104,0.00123177925024715,0.2458499387316439
lead_agent_time_heterogeneity,agent_time_heterogeneity,0.25,hist_net_profit,pct_of_oracle_incremental,39.77812579486379,4.470935250181767,36.87596435215916,42.56236625779675,8,,39.77812579486379,0.05318130299997388,0.0012335903752500126,0.24563403050538968
lead_agent_time_heterogeneity,agent_time_heterogeneity,0.25,lead_score_gbm,pct_of_oracle_incremental,37.836667295461744,11.866165949519669,30.27873143747579,45.736429162828024,8,,37.836667295461744,1.765862124625528,0.22456631349973577,0.16001987133332557
lead_agent_time_heterogeneity,agent_time_heterogeneity,0.25,lead_score_logit,pct_of_oracle_incremental,37.46970861652975,14.346037508240524,28.380905694925143,46.98510759482162,8,,37.46970861652975,0.9989916942502077,0.18984726037501784,0.15426732693885406
lead_agent_time_heterogeneity,agent_time_heterogeneity,0.25,hist_roas,pct_of_oracle_incremental,36.07597769950216,7.538880087620061,30.916389473724287,40.55925969841624,8,,36.07597769950216,0.05002180299993594,0.0016859195000051251,0.2465665524584981
lead_agent_time_heterogeneity,agent_time_heterogeneity,0.25,existing_policy_capped,pct_of_oracle_incremental,36.06599426641074,5.050130819128454,32.8817874441135,39.38680688338056,8,,36.06599426641074,0.0,0.0,0.25275006495645214
lead_agent_time_heterogeneity,agent_time_heterogeneity,0.25,last_click_attribution,pct_of_oracle_incremental,31.755761117306577,4.498732414721491,28.908444262384233,34.67573247234588,8,,31.755761117306577,0.05345268262499299,0.0025253919998248996,0.2449458910396069
lead_agent_time_heterogeneity,agent_time_heterogeneity,0.25,lowest_cpl,pct_of_oracle_incremental,31.720569837116834,12.552968724647322,23.41292245987186,39.709795132778254,8,,31.720569837116834,0.04716859724999262,0.000848933874976825,0.24517693890021292
lead_agent_time_heterogeneity,agent_time_heterogeneity,0.25,existing_policy_replay,pct_of_oracle_incremental,28.583626718676427,5.090615832104738,25.2740805088317,31.818262471597997,8,,28.583626718676427,0.0,0.0,0.24756980032815257
lead_agent_time_heterogeneity,agent_time_heterogeneity,0.25,call_everyone,pct_of_oracle_incremental,26.724980272543434,6.370440712762434,22.313956027450306,30.556269216607294,8,,26.724980272543434,0.042971766124765,0.0062399811251907,0.24557952183065895
lead_agent_time_heterogeneity,agent_time_heterogeneity,0.25,random,pct_of_oracle_incremental,26.070196531416723,5.490564415410508,22.686020823656627,29.719406030114058,8,,26.070196531416723,0.0472472348749306,0.000949331000356275,0.2454515603546357
lead_agent_time_heterogeneity,agent_time_heterogeneity,0.25,fifo,pct_of_oracle_incremental,25.9296283398427,5.770506670071266,22.34597636910963,29.73008766103287,8,,25.9296283398427,0.04298499450010235,0.001404718000230725,0.24497270478708533
lead_agent_time_heterogeneity,agent_time_heterogeneity,0.25,do_nothing,pct_of_oracle_incremental,0.0,0.0,0.0,0.0,8,,0.0,1.5627499578840798e-06,0.0001968238748304125,0.0
lead_capacity_value_heterogeneity,capacity_value_heterogeneity,0.25,oracle,pct_of_oracle_incremental,100.0,0.0,100.0,100.0,8,,100.0,1.9899994185834657e-06,0.0005266046252926875,0.34475877611292916
lead_capacity_value_heterogeneity,capacity_value_heterogeneity,0.25,x_learner,pct_of_oracle_incremental,64.93718135273146,7.711477576071109,60.09308003313118,70.19961457151655,8,,64.93718135273146,4.439336207625047,0.5357881736251784,0.3165474488391458
lead_capacity_value_heterogeneity,capacity_value_heterogeneity,0.25,causal_forest,pct_of_oracle_incremental,64.3931130591363,10.153964581608916,57.859006616252586,70.95581618776906,8,,64.3931130591363,27.498709399749714,1.22517302700021,0.3291194891002098
lead_capacity_value_heterogeneity,capacity_value_heterogeneity,0.25,s_learner,pct_of_oracle_incremental,64.32723277425843,8.302977734933604,59.217070258085094,69.60723180668478,8,,64.32723277425843,2.4561759078746945,0.3545617145000506,0.2930976075021641
lead_capacity_value_heterogeneity,capacity_value_heterogeneity,0.25,dr_learner,pct_of_oracle_incremental,62.79320748347806,8.505481427332683,57.45799111272671,68.34933244277866,8,,62.79320748347806,6.024213990374847,0.25279962012473334,0.3304683489449035
lead_capacity_value_heterogeneity,capacity_value_heterogeneity,0.25,t_learner,pct_of_oracle_incremental,59.44554635683795,11.369048397911694,52.19003865521748,66.96480931812403,8,,59.44554635683795,2.6870037345001947,0.32798349075028455,0.2824985735721337
lead_capacity_value_heterogeneity,capacity_value_heterogeneity,0.25,propensity_ev_gbm,pct_of_oracle_incremental,49.6227912675536,12.361536398046187,42.11540857697619,58.2280667387261,8,,49.6227912675536,1.9303241764998802,0.26975491737539414,0.24084406775222178
lead_capacity_value_heterogeneity,capacity_value_heterogeneity,0.25,funnel_ev_gbm,pct_of_oracle_incremental,49.5368842260779,13.769365908422232,41.16251717156397,58.99345575808229,8,,49.5368842260779,3.552134853000098,0.5658316287499474,0.2416153581351854
lead_capacity_value_heterogeneity,capacity_value_heterogeneity,0.25,class_transformation,pct_of_oracle_incremental,47.6479820123712,9.71485625478108,41.819015689563415,54.362894753274176,8,,47.6479820123712,2.3823034383749473,0.30413092549952125,0.30094563382736866
lead_capacity_value_heterogeneity,capacity_value_heterogeneity,0.25,propensity_ev_logit,pct_of_oracle_incremental,44.371280583321784,14.83141819312155,35.061544464793585,54.48499439366242,8,,44.371280583321784,1.0976565552498414,0.20444297500057468,0.22973713026054898
lead_capacity_value_heterogeneity,capacity_value_heterogeneity,0.25,hist_conversion_rate,pct_of_oracle_incremental,32.727964323011975,7.015349839423111,28.131628992224492,37.14450199417232,8,,32.727964323011975,0.05249689487504834,0.0022124283750599247,0.2468471490948526
lead_capacity_value_heterogeneity,capacity_value_heterogeneity,0.25,hist_profit_per_agent_hour,pct_of_oracle_incremental,31.877733265787008,4.659536640477095,28.92080255768065,34.935710740926545,8,,31.877733265787008,0.059331776125191,0.0011935546249332626,0.24641680236590385
lead_capacity_value_heterogeneity,capacity_value_heterogeneity,0.25,hist_net_profit,pct_of_oracle_incremental,31.79086716748312,5.195812868439288,28.34177910280494,35.01208097721526,8,,31.79086716748312,0.054788852249657766,0.0012258504998498626,0.2457197568860919
lead_capacity_value_heterogeneity,capacity_value_heterogeneity,0.25,hist_roas,pct_of_oracle_incremental,28.524157849444727,6.745576522234136,24.05838960813334,32.75935943887855,8,,28.524157849444727,0.0462884220000887,0.001685471999962775,0.24772614064652043
lead_capacity_value_heterogeneity,capacity_value_heterogeneity,0.25,lead_score_gbm,pct_of_oracle_incremental,26.726500888321286,13.573603901894012,17.945903218964595,35.57136699999178,8,,26.726500888321286,1.8261026758746084,0.2219421416248224,0.17088043869274894
lead_capacity_value_heterogeneity,capacity_value_heterogeneity,0.25,existing_policy_capped,pct_of_oracle_incremental,26.715006463196104,6.63908472214847,22.456993867786043,31.01763049045695,8,,26.715006463196104,0.0,0.0,0.2521792397650954
lead_capacity_value_heterogeneity,capacity_value_heterogeneity,0.25,lead_score_logit,pct_of_oracle_incremental,25.992310040143074,12.721599496968372,17.88085635642701,34.412681330815545,8,,25.992310040143074,1.0439593828753004,0.18463479549996004,0.16567741865168129
lead_capacity_value_heterogeneity,capacity_value_heterogeneity,0.25,lowest_cpl,pct_of_oracle_incremental,24.149456060449673,8.894783582955935,18.332495567944346,29.832187395602027,8,,24.149456060449673,0.04422856974997552,0.0009101286248096125,0.24634886255211907
lead_capacity_value_heterogeneity,capacity_value_heterogeneity,0.25,last_click_attribution,pct_of_oracle_incremental,23.924842941443668,9.692580431695749,17.572615221136218,29.94828225543423,8,,23.924842941443668,0.05407139037515657,0.002470582374371538,0.24585535766743521
lead_capacity_value_heterogeneity,capacity_value_heterogeneity,0.25,existing_policy_replay,pct_of_oracle_incremental,23.457981306512572,5.390551239258378,20.4356608729116,27.326147756997287,8,,23.457981306512572,0.0,0.0,0.2473846572099442
lead_capacity_value_heterogeneity,capacity_value_heterogeneity,0.25,call_everyone,pct_of_oracle_incremental,23.29683827809987,4.556533989354798,20.42952633449332,26.268630722945016,8,,23.29683827809987,0.041045510375397457,0.006035440875166338,0.2467379495816353
lead_capacity_value_heterogeneity,capacity_value_heterogeneity,0.25,random,pct_of_oracle_incremental,21.95966632000428,5.394250760893448,18.54640678959147,25.412875275701218,8,,21.95966632000428,0.0520549838749957,0.0019555229998786,0.2463526083379332
lead_capacity_value_heterogeneity,capacity_value_heterogeneity,0.25,fifo,pct_of_oracle_incremental,19.638523832331053,6.532376059248676,15.4248994415085,23.936933671748697,8,,19.638523832331053,0.04339005362476196,0.0008477293745272125,0.24582316510830715
lead_capacity_value_heterogeneity,capacity_value_heterogeneity,0.25,do_nothing,pct_of_oracle_incremental,0.0,0.0,0.0,0.0,8,,0.0,1.940874653882929e-06,0.00019493562513156248,0.0
lead_concept_drift,concept_drift,0.25,fifo,pct_of_oracle_incremental,1453.8682873921628,4838.796796948723,-618.110378439278,4996.336613894863,8,,1453.8682873921628,0.043670332124975106,0.000944768875115125,0.24788685062845964
lead_concept_drift,concept_drift,0.25,existing_policy_replay,pct_of_oracle_incremental,1386.9302390258051,4677.189901905544,-631.9138095469963,4816.329900161825,8,,1386.9302390258051,0.0,0.0,0.24910779419911705
lead_concept_drift,concept_drift,0.25,dr_learner,pct_of_oracle_incremental,1343.7448405381572,4436.958999447501,-606.5505933550784,4605.208295443939,8,,1343.7448405381572,5.269236767875327,0.22171236074973416,0.24860038358885855
lead_concept_drift,concept_drift,0.25,random,pct_of_oracle_incremental,1336.8846763039467,4708.732186594781,-755.595490901526,4803.425463426904,8,,1336.8846763039467,0.04279666362481288,0.0010368001251208,0.24695893156020182
lead_concept_drift,concept_drift,0.25,causal_forest,pct_of_oracle_incremental,1235.425875918052,4140.906589013536,-608.6575191897883,4284.043213794041,8,,1235.425875918052,11.554093402249691,0.9041836424996745,0.24979295507060112
lead_concept_drift,concept_drift,0.25,call_everyone,pct_of_oracle_incremental,1167.535769952298,4351.2865756658475,-881.0363256925452,4397.751813070165,8,,1167.535769952298,0.03739438775050981,0.0060821911251878,0.247854276704337
lead_concept_drift,concept_drift,0.25,class_transformation,pct_of_oracle_incremental,1103.3292331505722,3814.756311946579,-610.50308767347,3915.8405230129733,8,,1103.3292331505722,2.207974839375538,0.25799028149981496,0.24845843970781145
lead_concept_drift,concept_drift,0.25,existing_policy_capped,pct_of_oracle_incremental,1083.6026275965971,4566.268506200646,-1232.7583859393606,4500.616918935191,8,,1083.6026275965971,0.0,0.0,0.2509668360977754
lead_concept_drift,concept_drift,0.25,x_learner,pct_of_oracle_incremental,979.7950175312453,3392.8410470683034,-594.1779216702324,3492.215255862005,8,,979.7950175312453,3.918752381999866,0.5043878701249014,0.24869659285615892
lead_concept_drift,concept_drift,0.25,lowest_cpl,pct_of_oracle_incremental,951.6349366681147,3731.598428608356,-864.6558530591658,3731.7834207981637,8,,951.6349366681147,0.041927144875444314,0.000910318250134825,0.2467264037141983
lead_concept_drift,concept_drift,0.25,propensity_ev_logit,pct_of_oracle_incremental,895.6744175396802,3429.021828258508,-837.8908639164946,3461.058485039116,8,,895.6744175396802,0.9132996706250651,0.17705049524965938,0.24817987876644954
lead_concept_drift,concept_drift,0.25,s_learner,pct_of_oracle_incremental,892.6902462739997,3429.8717935432273,-826.9380049172203,3456.571367348599,8,,892.6902462739997,2.1397802245001003,0.29978426762477284,0.24783271296016668
lead_concept_drift,concept_drift,0.25,propensity_ev_gbm,pct_of_oracle_incremental,888.3127600816211,3409.0254649025487,-831.0545338032247,3438.082190976025,8,,888.3127600816211,1.6210862316249859,0.24846853225017185,0.2480713929398815
lead_concept_drift,concept_drift,0.25,funnel_ev_gbm,pct_of_oracle_incremental,876.581690616272,3392.25490495213,-843.8716131577189,3414.8135773257654,8,,876.581690616272,2.956718298000169,0.5216980778748166,0.2484484570696657
lead_concept_drift,concept_drift,0.25,last_click_attribution,pct_of_oracle_incremental,801.649110496124,3761.555518957649,-1222.8916279518246,3626.9147696440164,8,,801.649110496124,0.051285963249711075,0.002587803999858775,0.24722245916343355
lead_concept_drift,concept_drift,0.25,t_learner,pct_of_oracle_incremental,660.5583939577884,2545.5030613788767,-596.4457696469808,2559.8612573146247,8,,660.5583939577884,2.3617950643749737,0.3020549398752337,0.24815714681035383
lead_concept_drift,concept_drift,0.25,lead_score_logit,pct_of_oracle_incremental,627.31278247823,2558.3599095288364,-741.756286657132,2548.349965627958,8,,627.31278247823,0.9179022301245823,0.16483238474984313,0.2460932255926465
lead_concept_drift,concept_drift,0.25,lead_score_gbm,pct_of_oracle_incremental,619.2189744130551,2548.9205011771664,-738.7779196950524,2532.2485528926204,8,,619.2189744130551,1.6226443078751345,0.20071929149980855,0.24663335378940338
lead_concept_drift,concept_drift,0.25,hist_roas,pct_of_oracle_incremental,405.1505561189072,2347.0654072543302,-960.8502236611419,2166.0457589061434,8,,405.1505561189072,0.0464176748746467,0.0011776395001561,0.2478990286852258
lead_concept_drift,concept_drift,0.25,hist_net_profit,pct_of_oracle_incremental,340.4436911453398,2499.9575055412765,-1199.3271312586705,2203.3774734018843,8,,340.4436911453398,0.05098861237547675,0.0012573466244702625,0.24848894366114582
lead_concept_drift,concept_drift,0.25,hist_profit_per_agent_hour,pct_of_oracle_incremental,340.29535588925717,2499.9765220103795,-1199.5173263571276,2203.3774734018843,8,,340.29535588925717,0.055427619249712685,0.0012814211247586626,0.24884143459709318
lead_concept_drift,concept_drift,0.25,hist_conversion_rate,pct_of_oracle_incremental,339.31304080671606,2500.315394834977,-1196.7724269514467,2201.959659195022,8,,339.31304080671606,0.0439530437499797,0.0011722171252585751,0.24872863006413473
lead_concept_drift,concept_drift,0.25,oracle,pct_of_oracle_incremental,100.0,0.0,100.0,100.0,8,,100.0,2.2428750980907353e-06,0.0005260052496396,0.19288945769632374
lead_concept_drift,concept_drift,0.25,do_nothing,pct_of_oracle_incremental,0.0,0.0,0.0,0.0,8,,0.0,2.1821249447384616e-06,0.00020257412529637502,0.0
lead_delayed_censored,delayed_censored,0.25,oracle,pct_of_oracle_incremental,100.0,0.0,100.0,100.0,8,,100.0,2.0922500425513135e-06,0.000541874749842425,0.307515608915514
lead_delayed_censored,delayed_censored,0.25,propensity_ev_logit,pct_of_oracle_incremental,65.8589576147803,6.666720182747489,61.77843202535264,70.38861526293798,8,,65.8589576147803,0.9257544330000655,0.17633980799996601,0.247923857544037
lead_delayed_censored,delayed_censored,0.25,s_learner,pct_of_oracle_incremental,63.849512688655494,4.3557740249942,61.02491614852099,66.61495508457726,8,,63.849512688655494,2.1239236042504217,0.3004166286250438,0.24909963333632373
lead_delayed_censored,delayed_censored,0.25,funnel_ev_gbm,pct_of_oracle_incremental,62.063360219456364,5.806986598936471,58.4386829082394,66.00486851936508,8,,62.063360219456364,2.902113583000073,0.5265937081248921,0.24895075850534645
lead_delayed_censored,delayed_censored,0.25,propensity_ev_gbm,pct_of_oracle_incremental,61.717365108059134,4.568965825896528,58.8063442111516,64.68155288058337,8,,61.717365108059134,1.609516349750038,0.24798489737486307,0.2485260172688997
lead_delayed_censored,delayed_censored,0.25,lead_score_logit,pct_of_oracle_incremental,60.58048395274141,8.323918062791401,55.213094507495306,65.93182588731858,8,,60.58048395274141,0.9150455083752149,0.16571482312497207,0.24670036217021846
lead_delayed_censored,delayed_censored,0.25,x_learner,pct_of_oracle_incremental,57.76531941260249,7.267456163393878,53.334969060093975,62.62261725194516,8,,57.76531941260249,3.862265070625199,0.4972670668748833,0.24812301975975526
lead_delayed_censored,delayed_censored,0.25,lead_score_gbm,pct_of_oracle_incremental,57.35382964320132,6.8196714228276205,53.072030814273965,61.843259884011246,8,,57.35382964320132,1.6036059906248283,0.2007827536247077,0.24717181080615103
lead_delayed_censored,delayed_censored,0.25,t_learner,pct_of_oracle_incremental,57.34003892046443,7.088132465732571,53.02138791914714,62.17131940149965,8,,57.34003892046443,2.3177554926251105,0.29911760425056855,0.24773337092779596
lead_delayed_censored,delayed_censored,0.25,causal_forest,pct_of_oracle_incremental,55.064213053068656,8.555027493991634,49.14962693411866,60.068412432814384,8,,55.064213053068656,9.810597529875395,0.8679143240001395,0.2499423869730222
lead_delayed_censored,delayed_censored,0.25,dr_learner,pct_of_oracle_incremental,53.67012685513696,8.278029215485049,48.40892785157993,59.11745720483492,8,,53.67012685513696,5.152013377374942,0.21883503224989906,0.24933629267793764
lead_delayed_censored,delayed_censored,0.25,class_transformation,pct_of_oracle_incremental,43.318974964569165,7.332789709745022,38.69645309940609,48.10132684530848,8,,43.318974964569165,2.160607370249636,0.25062099174988356,0.24874846635422423
lead_delayed_censored,delayed_censored,0.25,hist_conversion_rate,pct_of_oracle_incremental,42.69961459585899,3.2908535800383434,40.53264930612504,44.785725705803394,8,,42.69961459585899,0.049541217375008224,0.0012173013751634624,0.24869462552238442
lead_delayed_censored,delayed_censored,0.25,hist_net_profit,pct_of_oracle_incremental,40.95250087045771,2.6822438074900354,39.23391440351571,42.70054513553714,8,,40.95250087045771,0.05553528287532568,0.001267110124899725,0.24890715019976695
lead_delayed_censored,delayed_censored,0.25,hist_profit_per_agent_hour,pct_of_oracle_incremental,40.95250087045771,2.6822438074900354,39.23391440351571,42.70054513553714,8,,40.95250087045771,0.06097355924998734,0.0013308963750659625,0.24890715019976695
lead_delayed_censored,delayed_censored,0.25,hist_roas,pct_of_oracle_incremental,36.07358959195682,6.963108596787731,31.266630017739985,40.28716984531151,8,,36.07358959195682,0.051431912624821,0.0013014976250360249,0.24749579702750216
lead_delayed_censored,delayed_censored,0.25,existing_policy_capped,pct_of_oracle_incremental,35.899380094945954,5.160399295168328,32.58481499310257,39.25597740068383,8,,35.899380094945954,0.0,0.0,0.2508997760119385
lead_delayed_censored,delayed_censored,0.25,last_click_attribution,pct_of_oracle_incremental,32.10973247720361,4.421847415092036,29.298228776349298,35.00818669020772,8,,32.10973247720361,0.05508342712550979,0.0024676858749898625,0.2471882430371275
lead_delayed_censored,delayed_censored,0.25,lowest_cpl,pct_of_oracle_incremental,32.016072660198915,12.103174281379212,23.958797812692083,39.717807759847,8,,32.016072660198915,0.046000237124871966,0.00091868225013055,0.24670869339941032
lead_delayed_censored,delayed_censored,0.25,existing_policy_replay,pct_of_oracle_incremental,29.25087544698879,4.352791332447958,26.492458164298018,32.05979734448379,8,,29.25087544698879,0.0,0.0,0.24910779419911705
lead_delayed_censored,delayed_censored,0.25,call_everyone,pct_of_oracle_incremental,27.109782882479017,6.693883370092615,22.53582055919248,31.20060318237528,8,,27.109782882479017,0.041582189000337125,0.005934318624667825,0.24788810356845992
lead_delayed_censored,delayed_censored,0.25,random,pct_of_oracle_incremental,26.443380967147235,5.609183657579064,23.034847098078018,30.218340820724727,8,,26.443380967147235,0.04566940837480611,0.0009523652497591124,0.24694216653874262
lead_delayed_censored,delayed_censored,0.25,fifo,pct_of_oracle_incremental,26.299929343770692,6.27401260395038,22.39281275551859,30.47170382734918,8,,26.299929343770692,0.04614415712489968,0.0009037805002662376,0.24792064831260147
lead_delayed_censored,delayed_censored,0.25,do_nothing,pct_of_oracle_incremental,0.0,0.0,0.0,0.0,8,,0.0,1.7477498204243602e-06,0.00020733387532341252,0.0
lead_easy_randomized,easy_randomized,0.25,oracle,pct_of_oracle_incremental,100.0,0.0,100.0,100.0,8,,100.0,2.105124963236449e-06,0.00054360787487435,0.307515608915514
lead_easy_randomized,easy_randomized,0.25,propensity_ev_logit,pct_of_oracle_incremental,65.69818882287493,5.693754985149475,62.25501200657713,69.67012040787073,8,,65.69818882287493,0.9403364929997906,0.17830605312497022,0.24817987876644954
lead_easy_randomized,easy_randomized,0.25,s_learner,pct_of_oracle_incremental,64.65403480949178,6.033060144698306,60.52169726926893,68.24525231685935,8,,64.65403480949178,2.158710434749878,0.3072461557499082,0.24783271296016668
lead_easy_randomized,easy_randomized,0.25,funnel_ev_gbm,pct_of_oracle_incremental,62.83047879596135,4.7666031269369995,59.70425519036155,65.97757769122452,8,,62.83047879596135,2.9497083304997886,0.5298628942498453,0.2484484570696657
lead_easy_randomized,easy_randomized,0.25,propensity_ev_gbm,pct_of_oracle_incremental,62.49579267280967,4.484908555179158,59.670046972064235,65.57788092430465,8,,62.49579267280967,1.624665595500005,0.2477555682499996,0.2480713929398815
lead_easy_randomized,easy_randomized,0.25,lead_score_logit,pct_of_oracle_incremental,59.96914100990223,8.173329412836896,54.6843980463327,65.13820646007827,8,,59.96914100990223,0.919377656624988,0.162271502124895,0.2460932255926465
lead_easy_randomized,easy_randomized,0.25,x_learner,pct_of_oracle_incremental,59.80618273645247,6.540324784046825,55.475562394155304,63.79263163951559,8,,59.80618273645247,3.9703980103749927,0.5037028500000815,0.24869659285615892
lead_easy_randomized,easy_randomized,0.25,t_learner,pct_of_oracle_incremental,58.23735600485454,4.851721911956964,54.84326403514591,60.96452661276735,8,,58.23735600485454,2.426005177499519,0.31310876662485043,0.24815714681035383
lead_easy_randomized,easy_randomized,0.25,lead_score_gbm,pct_of_oracle_incremental,57.81162965156493,8.424395461293818,52.59109018123116,63.34664506438797,8,,57.81162965156493,1.5991434307497912,0.2013778064997495,0.24663335378940338
lead_easy_randomized,easy_randomized,0.25,causal_forest,pct_of_oracle_incremental,54.63325152141223,9.336409638499484,48.38637938093001,60.399701769461466,8,,54.63325152141223,22.404574541875036,1.0903550421249975,0.24979295507060112
lead_easy_randomized,easy_randomized,0.25,dr_learner,pct_of_oracle_incremental,53.83124958181408,8.42936333330703,48.405695835818555,59.27663702843175,8,,53.83124958181408,5.245161138625008,0.2275560256249491,0.24860038358885855
lead_easy_randomized,easy_randomized,0.25,class_transformation,pct_of_oracle_incremental,43.44026216238104,7.874746114881238,38.18043843571155,48.390999867330365,8,,43.44026216238104,2.196279190499922,0.27018114674990557,0.24845843970781145
lead_easy_randomized,easy_randomized,0.25,hist_conversion_rate,pct_of_oracle_incremental,42.49264216482418,3.0898524247825163,40.45978305870736,44.45554528483824,8,,42.49264216482418,0.044149512499984625,0.0012124534999883876,0.24872863006413473
lead_easy_randomized,easy_randomized,0.25,hist_net_profit,pct_of_oracle_incremental,40.05657208836102,3.9873299531579383,37.446545162515605,42.55437377067182,8,,40.05657208836102,0.050943787250048375,0.0011750678748967,0.24848894366114582
lead_easy_randomized,easy_randomized,0.25,hist_profit_per_agent_hour,pct_of_oracle_incremental,39.55247284302674,3.415472510225874,37.27713760663083,41.651672388191145,8,,39.55247284302674,0.05344341049988085,0.0011694589998114,0.24884143459709318
lead_easy_randomized,easy_randomized,0.25,hist_roas,pct_of_oracle_incremental,36.31016848055005,7.069774965988027,31.419847927449695,40.53602149279146,8,,36.31016848055005,0.04469250812496735,0.0011632548749957374,0.2478990286852258
lead_easy_randomized,easy_randomized,0.25,existing_policy_capped,pct_of_oracle_incremental,36.05421075251897,4.982027513147963,32.870685317766934,39.300649784506604,8,,36.05421075251897,0.0,0.0,0.2509668360977754
lead_easy_randomized,easy_randomized,0.25,lowest_cpl,pct_of_oracle_incremental,32.228699029174024,11.84060572442752,24.382032033859076,39.750294734731575,8,,32.228699029174024,0.04019386512493379,0.0008187623750472626,0.2467264037141983
lead_easy_randomized,easy_randomized,0.25,last_click_attribution,pct_of_oracle_incremental,32.10953156609633,4.421681409067542,29.297939125203662,35.00830777196749,8,,32.10953156609633,0.049831851250132744,0.0023509108750658127,0.24722245916343355
lead_easy_randomized,easy_randomized,0.25,existing_policy_replay,pct_of_oracle_incremental,29.25087544698879,4.352791332447958,26.492458164298018,32.05979734448379,8,,29.25087544698879,0.0,0.0,0.24910779419911705
lead_easy_randomized,easy_randomized,0.25,call_everyone,pct_of_oracle_incremental,27.10977603388161,6.693944540176491,22.53571015029895,31.200702751705965,8,,27.10977603388161,0.035998305499901975,0.005883712874833625,0.247854276704337
lead_easy_randomized,easy_randomized,0.25,random,pct_of_oracle_incremental,26.443330062020372,5.6090555909898905,23.03485871126316,30.21809231043452,8,,26.443330062020372,0.042632328875242764,0.0009427883749139501,0.24695893156020182
lead_easy_randomized,easy_randomized,0.25,fifo,pct_of_oracle_incremental,26.30042682331851,6.2742689276264905,22.392775861419654,30.47220479995422,8,,26.30042682331851,0.042532316375059,0.0008637588749706624,0.24788685062845964
lead_easy_randomized,easy_randomized,0.25,do_nothing,pct_of_oracle_incremental,0.0,0.0,0.0,0.0,8,,0.0,1.6104999076560489e-06,0.0001918267499831625,0.0
lead_hidden_confounding,hidden_confounding,0.25,oracle,pct_of_oracle_incremental,100.0,0.0,100.0,100.0,8,,100.0,2.173124812543392e-06,0.00057048512485375,0.30481894299064144
lead_hidden_confounding,hidden_confounding,0.25,propensity_ev_logit,pct_of_oracle_incremental,54.83417484133552,7.465382681729511,49.683596171853324,59.356312725663024,8,,54.83417484133552,1.041630181750179,0.18413918999976883,0.2487550309674878
lead_hidden_confounding,hidden_confounding,0.25,funnel_ev_gbm,pct_of_oracle_incremental,53.51469661796959,6.900032296080921,48.949630633557554,57.92676465352747,8,,53.51469661796959,3.5175900243743854,0.6022074398752011,0.24966547661473665
lead_hidden_confounding,hidden_confounding,0.25,s_learner,pct_of_oracle_incremental,51.83092358511003,9.13053365599988,45.90129960913374,57.642137112172186,8,,51.83092358511003,2.506318691250044,0.3387780316252247,0.24916051408030754
lead_hidden_confounding,hidden_confounding,0.25,propensity_ev_gbm,pct_of_oracle_incremental,51.52014968377118,7.249039620589646,46.80902106785277,56.19135327942389,8,,51.52014968377118,1.8205362111252725,0.2782392213748608,0.24890581709642168
lead_hidden_confounding,hidden_confounding,0.25,t_learner,pct_of_oracle_incremental,51.51484625177652,5.994204068054925,47.6548962784736,55.35729931273748,8,,51.51484625177652,2.7065391478749916,0.33744770924977274,0.24885996377391728
lead_hidden_confounding,hidden_confounding,0.25,x_learner,pct_of_oracle_incremental,51.30163934407483,6.857115992415774,46.70337908529975,55.582192073076286,8,,51.30163934407483,4.554797127749907,0.5988579362499422,0.24933040050184455
lead_hidden_confounding,hidden_confounding,0.25,dr_learner,pct_of_oracle_incremental,49.840160744109205,6.133002673177259,45.86248367795609,53.87726836713806,8,,49.840160744109205,6.411712965624702,0.26763777649989606,0.24875281524676152
lead_hidden_confounding,hidden_confounding,0.25,causal_forest,pct_of_oracle_incremental,49.16332320115019,7.239881708928955,44.051728909371796,53.40234421440061,8,,49.16332320115019,27.406596485375303,1.2709399079999457,0.24869970015315473
lead_hidden_confounding,hidden_confounding,0.25,lead_score_logit,pct_of_oracle_incremental,48.72453090508475,6.865904927851314,44.94168322917858,53.75792971726309,8,,48.72453090508475,1.0305655733754975,0.1796940656254264,0.2466841395679117
lead_hidden_confounding,hidden_confounding,0.25,lead_score_gbm,pct_of_oracle_incremental,47.39795149307553,8.024933734188789,42.725434282276204,53.00352254581197,8,,47.39795149307553,1.8443114243750642,0.21815738075019905,0.24715940648735119
lead_hidden_confounding,hidden_confounding,0.25,existing_policy_capped,pct_of_oracle_incremental,47.345243703933576,8.504266321311528,42.34827921250805,53.240565226121,8,,47.345243703933576,0.0,0.0,0.2504916604744567
lead_hidden_confounding,hidden_confounding,0.25,existing_policy_replay,pct_of_oracle_incremental,42.486019651852345,5.300044807163807,39.15305978427104,45.94441462277968,8,,42.486019651852345,0.0,0.0,0.24989912915920082
lead_hidden_confounding,hidden_confounding,0.25,hist_conversion_rate,pct_of_oracle_incremental,37.242492148751296,4.882403717367981,34.04645641881477,40.309312094159,8,,37.242492148751296,0.050820317249645044,0.0011577654997835876,0.24803378783480615
lead_hidden_confounding,hidden_confounding,0.25,hist_net_profit,pct_of_oracle_incremental,36.38215070723518,7.23321314749982,31.44050244454541,40.785949138291,8,,36.38215070723518,0.05904751712478169,0.001701176249980525,0.24889022254285773
lead_hidden_confounding,hidden_confounding,0.25,hist_profit_per_agent_hour,pct_of_oracle_incremental,35.89585839957289,6.85898963777531,31.26492685599899,40.06443751991306,8,,35.89585839957289,0.057191989499869984,0.0012146273747929998,0.24920739668815686
lead_hidden_confounding,hidden_confounding,0.25,hist_roas,pct_of_oracle_incremental,33.78756305232777,8.357028651399341,28.556278477735425,39.352394922293826,8,,33.78756305232777,0.0506484192499101,0.0011966245001530874,0.24839485312037451
lead_hidden_confounding,hidden_confounding,0.25,last_click_attribution,pct_of_oracle_incremental,30.49228353815632,4.6440515446257695,27.435047653271692,33.3746997047923,8,,30.49228353815632,0.058014887000126636,0.002976469250143,0.24800780678015177
lead_hidden_confounding,hidden_confounding,0.25,lowest_cpl,pct_of_oracle_incremental,30.322081943271957,10.690529871793723,23.276785958190388,37.276708936402414,8,,30.322081943271957,0.047022912375496106,0.0008671728751323126,0.2468600733482032
lead_hidden_confounding,hidden_confounding,0.25,fifo,pct_of_oracle_incremental,29.424563889541737,5.21068958755748,26.248243847977204,32.96520149789252,8,,29.424563889541737,0.0416206956247151,0.001402830749839225,0.2476863593596035
lead_hidden_confounding,hidden_confounding,0.25,class_transformation,pct_of_oracle_incremental,28.54196402074756,9.001923766186403,22.206657444023634,33.651502913125526,8,,28.54196402074756,2.4610915608745927,0.27512091962512386,0.2492116553481108
lead_hidden_confounding,hidden_confounding,0.25,random,pct_of_oracle_incremental,27.711943631519592,4.679842486454589,24.593583962484352,30.612764729865496,8,,27.711943631519592,0.050192284500098994,0.0009595541250745876,0.2467057695980812
lead_hidden_confounding,hidden_confounding,0.25,call_everyone,pct_of_oracle_incremental,27.708089494650366,5.78742054225494,23.885754303133,31.27293023086528,8,,27.708089494650366,0.039164722124496565,0.00687311799993035,0.2474166533759797
lead_hidden_confounding,hidden_confounding,0.25,do_nothing,pct_of_oracle_incremental,0.0,0.0,0.0,0.0,8,,0.0,1.863624447651091e-06,0.0001986308752747875,0.0
lead_misleading_attribution,misleading_attribution,0.25,oracle,pct_of_oracle_incremental,100.0,0.0,100.0,100.0,8,,100.0,2.126124627466197e-06,0.0005180241250854626,0.30675041380733514
lead_misleading_attribution,misleading_attribution,0.25,propensity_ev_logit,pct_of_oracle_incremental,65.8234980580837,6.358711828605538,61.911790130269665,70.23506959981395,8,,65.8234980580837,0.9032007375005833,0.17629196724988103,0.2501973907125792
lead_misleading_attribution,misleading_attribution,0.25,funnel_ev_gbm,pct_of_oracle_incremental,63.37369490521848,6.778833005490484,58.9832071505639,67.73058154959038,8,,63.37369490521848,2.909257003499988,0.5258034453747769,0.25050253177501414
lead_misleading_attribution,misleading_attribution,0.25,lead_score_logit,pct_of_oracle_incremental,62.89189213846662,6.334680615075969,58.62440134489669,66.82586043315186,8,,62.89189213846662,0.916129133125196,0.1642927622499428,0.2481641209080825
lead_misleading_attribution,misleading_attribution,0.25,propensity_ev_gbm,pct_of_oracle_incremental,62.63089317170981,4.553696787818068,59.56610582690702,65.4766438863114,8,,62.63089317170981,1.6362451870002133,0.25350003650055436,0.25040378884594305
lead_misleading_attribution,misleading_attribution,0.25,s_learner,pct_of_oracle_incremental,61.8572717803885,5.7455532909443034,57.796716270039,65.03782923169894,8,,61.8572717803885,2.1153876580003725,0.30146563537482507,0.2500241048427455
lead_misleading_attribution,misleading_attribution,0.25,lead_score_gbm,pct_of_oracle_incremental,58.528936391692284,6.39605115422898,54.3372216757282,62.562996302903656,8,,58.528936391692284,1.5699515531250654,0.2003348187497522,0.24934333772349415
lead_misleading_attribution,misleading_attribution,0.25,x_learner,pct_of_oracle_incremental,57.83788494790811,4.879670086568916,54.539818197117114,60.754284164603305,8,,57.83788494790811,3.865211230875275,0.49405522749975717,0.25131948069226095
lead_misleading_attribution,misleading_attribution,0.25,t_learner,pct_of_oracle_incremental,57.50687877570145,6.172049159473084,53.520588455496835,61.45074920210304,8,,57.50687877570145,2.321023225375029,0.30082951125018553,0.2496528505416713
lead_misleading_attribution,misleading_attribution,0.25,causal_forest,pct_of_oracle_incremental,55.12331943655825,5.194154755891462,51.46932186598768,58.01310324812665,8,,55.12331943655825,12.617145188750328,0.9154438291250244,0.25176021890572575
lead_misleading_attribution,misleading_attribution,0.25,dr_learner,pct_of_oracle_incremental,50.542046839849604,7.971293581647302,45.31793826603848,55.46851378383799,8,,50.542046839849604,5.121441238249645,0.22035527587513568,0.2518018790853302
lead_misleading_attribution,misleading_attribution,0.25,hist_conversion_rate,pct_of_oracle_incremental,43.12169675307011,4.270924065858597,40.519076067386926,45.99952707691966,8,,43.12169675307011,0.04338560399992271,0.0011428886250541372,0.24770979385382025
lead_misleading_attribution,misleading_attribution,0.25,hist_profit_per_agent_hour,pct_of_oracle_incremental,42.8441918138453,4.984483797027589,39.747230617763606,46.09854552117559,8,,42.8441918138453,0.05289881549970227,0.0012145156249516375,0.24841533758426615
lead_misleading_attribution,misleading_attribution,0.25,hist_net_profit,pct_of_oracle_incremental,42.60057538605395,5.187144191686788,39.35273101614395,46.02491296586737,8,,42.60057538605395,0.05092484649981083,0.0013132306253282374,0.24838125442134865
lead_misleading_attribution,misleading_attribution,0.25,class_transformation,pct_of_oracle_incremental,40.689498956533015,4.7171399348400165,37.690550124520556,43.72194178707993,8,,40.689498956533015,2.1644386508751268,0.25303142674965784,0.250168647526934
lead_misleading_attribution,misleading_attribution,0.25,hist_roas,pct_of_oracle_incremental,38.21686199375981,7.765448440088352,33.28271035817036,43.23571976549147,8,,38.21686199375981,0.04582471337494094,0.0012822568751289125,0.24881396336534423
lead_misleading_attribution,misleading_attribution,0.25,existing_policy_capped,pct_of_oracle_incremental,35.402801653785545,4.06180756449896,32.813192042935135,37.96770651871323,8,,35.402801653785545,0.0,0.0,0.24847454779225359
lead_misleading_attribution,misleading_attribution,0.25,last_click_attribution,pct_of_oracle_incremental,33.05162804532358,5.791057413355633,29.475649632776765,36.98075831472762,8,,33.05162804532358,0.04965587862534444,0.0025079278750581,0.24794017931778933
lead_misleading_attribution,misleading_attribution,0.25,lowest_cpl,pct_of_oracle_incremental,29.837646028138018,10.646563514827374,23.043786983752597,36.788750376600504,8,,29.837646028138018,0.040969311750131895,0.0008973179999429375,0.2485387803722553
lead_misleading_attribution,misleading_attribution,0.25,existing_policy_replay,pct_of_oracle_incremental,29.43739722981939,3.434948367888633,27.164250202288343,31.637832771579347,8,,29.43739722981939,0.0,0.0,0.2514844734205137
lead_misleading_attribution,misleading_attribution,0.25,random,pct_of_oracle_incremental,28.235508785831612,4.112330063865635,25.53896991511448,30.857911596157635,8,,28.235508785831612,0.0411527363748973,0.0009652312503475749,0.2492862865693245
lead_misleading_attribution,misleading_attribution,0.25,call_everyone,pct_of_oracle_incremental,28.039902016372878,4.820240698431497,25.158908772227008,31.376284250617577,8,,28.039902016372878,0.036024871250219755,0.00561360287474595,0.2482740364054848
lead_misleading_attribution,misleading_attribution,0.25,fifo,pct_of_oracle_incremental,27.92124306386227,5.239725470319454,24.617943262325753,31.405900906551796,8,,27.92124306386227,0.04229606000012605,0.000919386499845075,0.24800551105788643
lead_misleading_attribution,misleading_attribution,0.25,do_nothing,pct_of_oracle_incremental,0.0,0.0,0.0,0.0,8,,0.0,2.0083750769117614e-06,0.0002068371252334375,0.0
lead_noisy_crm,noisy_crm,0.25,oracle,pct_of_oracle_incremental,100.0,0.0,100.0,100.0,8,,100.0,1.9330000213813037e-06,0.000532687874510825,0.30730917867479596
lead_noisy_crm,noisy_crm,0.25,propensity_ev_logit,pct_of_oracle_incremental,59.89653708967175,3.1509545375009274,58.05599656744871,62.0836293472628,8,,59.89653708967175,1.0806567792501482,0.18799189037508765,0.24872611487361146
lead_noisy_crm,noisy_crm,0.25,funnel_ev_gbm,pct_of_oracle_incremental,57.434521003136226,4.664753205057242,54.60044411848736,60.52466029634794,8,,57.434521003136226,4.20993175550052,0.7001996927499476,0.24839922824763605
lead_noisy_crm,noisy_crm,0.25,propensity_ev_gbm,pct_of_oracle_incremental,56.40880931101988,5.038537345172925,53.52766806676681,59.98726883557518,8,,56.40880931101988,2.2068886540000676,0.3042445410003438,0.24829668380344422
lead_noisy_crm,noisy_crm,0.25,lead_score_logit,pct_of_oracle_incremental,56.34342851615354,6.3745288016017305,52.18271070510677,60.4284536663388,8,,56.34342851615354,1.0698810597500596,0.17776186824971768,0.24634824553350518
lead_noisy_crm,noisy_crm,0.25,lead_score_gbm,pct_of_oracle_incremental,52.316792046630795,8.648625401678848,46.865190732757696,57.949445764139156,8,,52.316792046630795,2.147200538750212,0.23418263599978667,0.24693547712521619
lead_noisy_crm,noisy_crm,0.25,hist_conversion_rate,pct_of_oracle_incremental,41.425123028186974,3.6283740593300537,39.02142330508971,43.62678812666448,8,,41.425123028186974,0.04719317750027578,0.001191631624806125,0.24938401142580377
lead_noisy_crm,noisy_crm,0.25,class_transformation,pct_of_oracle_incremental,41.01788207407975,7.95858691320048,35.92671474136937,46.19141160831008,8,,41.01788207407975,3.017452556249964,0.30823022737513384,0.2490383811726008
lead_noisy_crm,noisy_crm,0.25,hist_net_profit,pct_of_oracle_incremental,40.97202744215548,4.260965412309194,38.29550327989087,43.73292934822313,8,,40.97202744215548,0.05442389074983105,0.0012938741251673001,0.2490362061486629
lead_noisy_crm,noisy_crm,0.25,hist_profit_per_agent_hour,pct_of_oracle_incremental,40.09897182734882,3.9089663126454974,37.68759066383245,42.73973240229056,8,,40.09897182734882,0.05714666375024531,0.001197066500026225,0.2491337988617403
lead_noisy_crm,noisy_crm,0.25,existing_policy_capped,pct_of_oracle_incremental,36.06556613348009,4.693772017448,33.15367950956635,39.11994475790676,8,,36.06556613348009,0.0,0.0,0.2506161811088936
lead_noisy_crm,noisy_crm,0.25,hist_roas,pct_of_oracle_incremental,35.15093648788074,6.357514269350919,30.711899118193394,38.86908504694515,8,,35.15093648788074,0.048454984000272774,0.001182610499881725,0.24818868985737869
lead_noisy_crm,noisy_crm,0.25,last_click_attribution,pct_of_oracle_incremental,32.11257303204914,3.5352533918919518,30.072749523930202,34.6223017245634,8,,32.11257303204914,0.05470669812507361,0.0025475379998169375,0.24803917936740744
lead_noisy_crm,noisy_crm,0.25,lowest_cpl,pct_of_oracle_incremental,31.5819758220605,11.406070210208448,24.0209043678063,38.79007204978302,8,,31.5819758220605,0.04471495650000175,0.0008767417500621,0.2477720768348619
lead_noisy_crm,noisy_crm,0.25,existing_policy_replay,pct_of_oracle_incremental,28.681551385637402,4.99078264968235,25.424881679517426,31.80795720758562,8,,28.681551385637402,0.0,0.0,0.24899788359924416
lead_noisy_crm,noisy_crm,0.25,call_everyone,pct_of_oracle_incremental,27.425718622732443,7.415914591147783,22.410618592677714,32.006751837021085,8,,27.425718622732443,0.039858802124626835,0.00590321125014265,0.2478894697148344
lead_noisy_crm,noisy_crm,0.25,fifo,pct_of_oracle_incremental,26.727434471037384,6.019125732588435,22.94824388254932,30.754423317391407,8,,26.727434471037384,0.04570496950009323,0.0009495400001923624,0.2479060592122241
lead_noisy_crm,noisy_crm,0.25,random,pct_of_oracle_incremental,26.011933108599422,6.163448711118015,22.17616878916606,30.09161289001132,8,,26.011933108599422,0.0457234482503281,0.0009828874999584002,0.24714952179103794
lead_noisy_crm,noisy_crm,0.25,do_nothing,pct_of_oracle_incremental,0.0,0.0,0.0,0.0,8,,0.0,1.739375193210435e-06,0.0002125045000411,0.0
lead_observed_confounding,observed_confounding,0.25,oracle,pct_of_oracle_incremental,100.0,0.0,100.0,100.0,8,,100.0,2.18224977288628e-06,0.000530375999915075,0.30481894299064144
lead_observed_confounding,observed_confounding,0.25,propensity_ev_logit,pct_of_oracle_incremental,64.71204731398396,7.2842316826782625,60.07589234081787,69.57013931396696,8,,64.71204731398396,1.1509491065005477,0.21811462624964406,0.2475368535493755
lead_observed_confounding,observed_confounding,0.25,s_learner,pct_of_oracle_incremental,63.33316052011621,5.284012903664992,59.93875069360302,66.79936441129868,8,,63.33316052011621,2.6553556696246687,0.3932499541249399,0.2478414665254176
lead_observed_confounding,observed_confounding,0.25,funnel_ev_gbm,pct_of_oracle_incremental,63.206864434850765,6.983436997780764,58.62027922604269,67.67140918458796,8,,63.206864434850765,3.8700043035000817,0.605011104624964,0.2480304096509202
lead_observed_confounding,observed_confounding,0.25,propensity_ev_gbm,pct_of_oracle_incremental,63.04180797330103,6.526509044301149,58.73228812562607,67.1011404467445,8,,63.04180797330103,2.1469835637501546,0.30858905437480644,0.2479081683164239
lead_observed_confounding,observed_confounding,0.25,t_learner,pct_of_oracle_incremental,60.21044423129147,6.03734573709034,56.27819003368885,64.02088430669221,8,,60.21044423129147,2.774552652000011,0.3374636128748989,0.24724708782547614
lead_observed_confounding,observed_confounding,0.25,lead_score_logit,pct_of_oracle_incremental,59.15685945718638,8.143101681055834,53.658063457007074,64.16499850340338,8,,59.15685945718638,1.139430367624982,0.20124657274982377,0.24580983379325497
lead_observed_confounding,observed_confounding,0.25,lead_score_gbm,pct_of_oracle_incremental,58.84540966358611,8.113782873513228,53.3696877511577,63.84833947510555,8,,58.84540966358611,2.0615520818751065,0.2473096932501448,0.24631799540096677
lead_observed_confounding,observed_confounding,0.25,x_learner,pct_of_oracle_incremental,58.36586058565062,4.690456497325025,55.690694601412474,61.72322499904528,8,,58.36586058565062,4.9127807518750615,0.6633936923749388,0.2485664054319488
lead_observed_confounding,observed_confounding,0.25,causal_forest,pct_of_oracle_incremental,55.01390647940133,5.785796921848077,51.46248233516279,58.95553276241631,8,,55.01390647940133,33.25539692375014,1.172587475249884,0.24986260710021005
lead_observed_confounding,observed_confounding,0.25,dr_learner,pct_of_oracle_incremental,53.42953932967,4.864614404170273,50.1132698707533,56.43552754229758,8,,53.42953932967,6.9140817923751,0.25971090262464713,0.2502420853937943
lead_observed_confounding,observed_confounding,0.25,existing_policy_capped,pct_of_oracle_incremental,47.345243703933576,8.504266321311528,42.34827921250805,53.240565226121,8,,47.345243703933576,0.0,0.0,0.2504916604744567
lead_observed_confounding,observed_confounding,0.25,existing_policy_replay,pct_of_oracle_incremental,42.486019651852345,5.300044807163807,39.15305978427104,45.94441462277968,8,,42.486019651852345,0.0,0.0,0.24989912915920082
lead_observed_confounding,observed_confounding,0.25,hist_conversion_rate,pct_of_oracle_incremental,37.242492148751296,4.882403717367981,34.04645641881477,40.309312094159,8,,37.242492148751296,0.06419224437490809,0.0017251782498987874,0.24803378783480615
lead_observed_confounding,observed_confounding,0.25,hist_net_profit,pct_of_oracle_incremental,36.38215070723518,7.23321314749982,31.44050244454541,40.785949138291,8,,36.38215070723518,0.06235943662477434,0.0017760640005235,0.24889022254285773
lead_observed_confounding,observed_confounding,0.25,hist_profit_per_agent_hour,pct_of_oracle_incremental,35.89585839957289,6.85898963777531,31.26492685599899,40.06443751991306,8,,35.89585839957289,0.07553339274977584,0.001334963124691,0.24920739668815686
lead_observed_confounding,observed_confounding,0.25,hist_roas,pct_of_oracle_incremental,33.78756305232777,8.357028651399341,28.556278477735425,39.352394922293826,8,,33.78756305232777,0.055686957874968315,0.0012335865001204499,0.24839485312037451
lead_observed_confounding,observed_confounding,0.25,last_click_attribution,pct_of_oracle_incremental,30.49228353815632,4.6440515446257695,27.435047653271692,33.3746997047923,8,,30.49228353815632,0.06346156325025726,0.00244192924947125,0.24800780678015177
lead_observed_confounding,observed_confounding,0.25,lowest_cpl,pct_of_oracle_incremental,30.322081943271957,10.690529871793723,23.276785958190388,37.276708936402414,8,,30.322081943271957,0.053149556625157815,0.0014216443748863875,0.2468600733482032
lead_observed_confounding,observed_confounding,0.25,fifo,pct_of_oracle_incremental,29.424563889541737,5.21068958755748,26.248243847977204,32.96520149789252,8,,29.424563889541737,0.05100589500011661,0.0008902822501112751,0.2476863593596035
lead_observed_confounding,observed_confounding,0.25,random,pct_of_oracle_incremental,27.711943631519592,4.679842486454589,24.593583962484352,30.612764729865496,8,,27.711943631519592,0.05081450037528153,0.0009437119995254125,0.2467057695980812
lead_observed_confounding,observed_confounding,0.25,call_everyone,pct_of_oracle_incremental,27.708089494650366,5.78742054225494,23.885754303133,31.27293023086528,8,,27.708089494650366,0.05128903212539621,0.007716015750247551,0.2474166533759797
lead_observed_confounding,observed_confounding,0.25,class_transformation,pct_of_oracle_incremental,13.923345362919237,6.537972078611499,9.636727761112112,18.034482998715227,8,,13.923345362919237,2.6063690623748244,0.29709041549995163,0.24976490655562325
lead_observed_confounding,observed_confounding,0.25,do_nothing,pct_of_oracle_incremental,0.0,0.0,0.0,0.0,8,,0.0,1.6706253518350422e-06,0.00018664962590258748,0.0
lead_policy_feedback_loop,policy_feedback_loop,0.25,oracle,pct_of_oracle_incremental,100.0,0.0,100.0,100.0,8,,100.0,2.1622499843942933e-06,0.0005370353749185124,0.307515608915514
lead_policy_feedback_loop,policy_feedback_loop,0.25,propensity_ev_logit,pct_of_oracle_incremental,63.47806489734184,3.676191919123852,60.79724259751546,65.15001860834334,8,,63.47806489734184,0.9051698127502732,0.1749494256248454,0.24648582260100893
lead_policy_feedback_loop,policy_feedback_loop,0.25,s_learner,pct_of_oracle_incremental,61.292147195926276,4.325308645734125,59.01239542735986,64.44693157865046,8,,61.292147195926276,2.167552378624805,0.30326337487485944,0.2468006665171183
lead_policy_feedback_loop,policy_feedback_loop,0.25,propensity_ev_gbm,pct_of_oracle_incremental,60.947040159191864,3.7987223975014395,58.46044580114768,63.32211751662383,8,,60.947040159191864,1.6170751894999285,0.2508186678749098,0.24687062269341392
lead_policy_feedback_loop,policy_feedback_loop,0.25,lead_score_logit,pct_of_oracle_incremental,60.32086880419669,9.490986525220457,54.21486707425831,66.54594870300191,8,,60.32086880419669,0.9104533822501253,0.16653334199941122,0.24494525117354454
lead_policy_feedback_loop,policy_feedback_loop,0.25,funnel_ev_gbm,pct_of_oracle_incremental,60.23359006363085,2.740443663486858,58.35398707271571,61.88517431077821,8,,60.23359006363085,2.9624540540000908,0.5291257231247073,0.2467837666058491
lead_policy_feedback_loop,policy_feedback_loop,0.25,lead_score_gbm,pct_of_oracle_incremental,55.779122157744254,7.162978493837316,51.22427720320602,60.546059309068355,8,,55.779122157744254,1.6198722940000607,0.20011568462473403,0.24456733730555952
lead_policy_feedback_loop,policy_feedback_loop,0.25,t_learner,pct_of_oracle_incremental,53.29074542022661,5.983022803828421,49.690887105713784,57.3468902597393,8,,53.29074542022661,2.380349147000061,0.30460769349974726,0.24636868525216232
lead_policy_feedback_loop,policy_feedback_loop,0.25,x_learner,pct_of_oracle_incremental,52.7079435537065,5.781914588833373,49.07035591061168,56.40192290291148,8,,52.7079435537065,4.130225119249644,0.5317973631251789,0.24605901538464653
lead_policy_feedback_loop,policy_feedback_loop,0.25,causal_forest,pct_of_oracle_incremental,49.71998081030233,4.425621117595282,46.66283441022405,52.30351672644555,8,,49.71998081030233,21.86867489375004,1.086245935875013,0.24733183846464304
lead_policy_feedback_loop,policy_feedback_loop,0.25,dr_learner,pct_of_oracle_incremental,42.10889975247287,7.24876582864786,37.654537927738176,47.08388604585646,8,,42.10889975247287,5.468028380999613,0.21289049737515592,0.2496510567450701
lead_policy_feedback_loop,policy_feedback_loop,0.25,hist_conversion_rate,pct_of_oracle_incremental,39.53441943277031,4.597890733728604,36.51466031306303,42.405537843470796,8,,39.53441943277031,0.04530307200025159,0.0011678835005568123,0.24728493054334486
lead_policy_feedback_loop,policy_feedback_loop,0.25,hist_net_profit,pct_of_oracle_incremental,38.34805216560807,4.198299353544078,35.54761511435868,40.943970792834136,8,,38.34805216560807,0.052984627749992755,0.0012202581253858875,0.24704692553526514
lead_policy_feedback_loop,policy_feedback_loop,0.25,hist_profit_per_agent_hour,pct_of_oracle_incremental,38.32290073010455,4.182917672060824,35.54761511435868,40.903083302692814,8,,38.32290073010455,0.05399496149993861,0.0012124046254484125,0.24706369280555357
lead_policy_feedback_loop,policy_feedback_loop,0.25,class_transformation,pct_of_oracle_incremental,35.452434615721366,8.350956630781853,29.877213634832906,40.4872379105211,8,,35.452434615721366,2.232928976750145,0.2557724056252937,0.24528710836339995
lead_policy_feedback_loop,policy_feedback_loop,0.25,hist_roas,pct_of_oracle_incremental,34.833197645630094,6.546700590068739,30.327705779488383,38.63662940535306,8,,34.833197645630094,0.04667916874973339,0.0012011745000108376,0.24711515555273872
lead_policy_feedback_loop,policy_feedback_loop,0.25,last_click_attribution,pct_of_oracle_incremental,32.18792203093956,4.553836738912333,29.28139673798224,35.13502435463144,8,,32.18792203093956,0.05055807137500774,0.0024640087494844374,0.24596597498688522
lead_policy_feedback_loop,policy_feedback_loop,0.25,existing_policy_capped,pct_of_oracle_incremental,32.10541908527727,6.169918735936331,28.226004204150055,36.17565314569266,8,,32.10541908527727,0.0,0.0,0.2501112760106224
lead_policy_feedback_loop,policy_feedback_loop,0.25,lowest_cpl,pct_of_oracle_incremental,31.72904494315869,12.39331562789259,23.449080506265382,39.63818645834323,8,,31.72904494315869,0.04104771212541887,0.0008890913750291751,0.2469851984384316
lead_policy_feedback_loop,policy_feedback_loop,0.25,call_everyone,pct_of_oracle_incremental,27.089328980356612,6.725513689678489,22.465839553116265,31.201156804262247,8,,27.089328980356612,0.037599435250513076,0.006477933749238175,0.24709885633603657
lead_policy_feedback_loop,policy_feedback_loop,0.25,random,pct_of_oracle_incremental,26.425717703025885,5.614892242286655,23.011425547087235,30.20777319053492,8,,26.425717703025885,0.043182833125001666,0.0010447278750688749,0.24642383324873302
lead_policy_feedback_loop,policy_feedback_loop,0.25,fifo,pct_of_oracle_incremental,26.335774581093375,6.241578920714431,22.452026067032655,30.48717118416924,8,,26.335774581093375,0.04171057562484744,0.0008752993753659375,0.24740194569228385
lead_policy_feedback_loop,policy_feedback_loop,0.25,existing_policy_replay,pct_of_oracle_incremental,24.542583026774352,4.053587638694433,21.924044942378128,27.185458154861735,8,,24.542583026774352,0.0,0.0,0.24934666128909455
lead_policy_feedback_loop,policy_feedback_loop,0.25,do_nothing,pct_of_oracle_incremental,0.0,0.0,0.0,0.0,8,,0.0,1.8039997939922614e-06,0.000195389499822275,0.0
lead_propensity_not_uplift,propensity_not_uplift,0.25,oracle,pct_of_oracle_incremental,100.0,0.0,100.0,100.0,8,,100.0,2.2757500346415327e-06,0.0005039030000943501,0.30342002768277887
lead_propensity_not_uplift,propensity_not_uplift,0.25,s_learner,pct_of_oracle_incremental,52.388624480994835,9.993108056926307,45.99893816392677,58.657477432717144,8,,52.388624480994835,2.1935027949998585,0.30196208637505606,0.24900007313549832
lead_propensity_not_uplift,propensity_not_uplift,0.25,t_learner,pct_of_oracle_incremental,48.19908601986586,7.391883850840184,43.1313388122746,52.52931413015042,8,,48.19908601986586,2.4571708534999743,0.30380346724984975,0.24839684104319265
lead_propensity_not_uplift,propensity_not_uplift,0.25,x_learner,pct_of_oracle_incremental,45.46325832417739,6.7370826351604425,41.0564380386477,49.67719432766149,8,,45.46325832417739,3.9868931968750303,0.488693237625057,0.25013335870738984
lead_propensity_not_uplift,propensity_not_uplift,0.25,causal_forest,pct_of_oracle_incremental,43.95246326073994,10.345699944406965,37.190425460003254,50.3810352426594,8,,43.95246326073994,23.897843409375014,1.1651251091250288,0.2490167592839162
lead_propensity_not_uplift,propensity_not_uplift,0.25,dr_learner,pct_of_oracle_incremental,41.23906588002769,10.410720835874983,33.7093498938755,46.72071412610876,8,,41.23906588002769,5.220735372249919,0.21058260387508193,0.24965387518938104
lead_propensity_not_uplift,propensity_not_uplift,0.25,hist_conversion_rate,pct_of_oracle_incremental,40.08293851293041,9.377444215580192,33.87684194163715,45.883396766830515,8,,40.08293851293041,0.04301614312498708,0.0012253439999766877,0.24911359168017572
lead_propensity_not_uplift,propensity_not_uplift,0.25,class_transformation,pct_of_oracle_incremental,36.926828937202764,7.445652738020462,32.37590446309738,41.88881880402619,8,,36.926828937202764,2.1716804515000376,0.2444591680001622,0.24983484757756869
lead_propensity_not_uplift,propensity_not_uplift,0.25,hist_profit_per_agent_hour,pct_of_oracle_incremental,35.76124411016359,13.231128682047641,26.292937359812083,42.94929002298797,8,,35.76124411016359,0.05415534687506349,0.00119773049993905,0.24937670886387336
lead_propensity_not_uplift,propensity_not_uplift,0.25,funnel_ev_gbm,pct_of_oracle_incremental,34.98883395912432,12.143914732071952,26.994022362096466,42.49792733713063,8,,34.98883395912432,3.1989127432499345,0.5192228444998364,0.24885149476215215
lead_propensity_not_uplift,propensity_not_uplift,0.25,hist_net_profit,pct_of_oracle_incremental,34.43874785691379,12.557238698314961,25.40563551233235,41.23179206245713,8,,34.43874785691379,0.0501390438749922,0.0011881415000516,0.248406645696407
lead_propensity_not_uplift,propensity_not_uplift,0.25,propensity_ev_logit,pct_of_oracle_incremental,33.78915259077647,10.530217457767314,26.72102507905925,40.0845561846005,8,,33.78915259077647,0.9402019294998354,0.17292429525002712,0.2482829494072873
lead_propensity_not_uplift,propensity_not_uplift,0.25,propensity_ev_gbm,pct_of_oracle_incremental,33.65126757474914,12.382121981053093,25.452301146251685,41.24650989983698,8,,33.65126757474914,1.6415446069999007,0.24313363475005184,0.2487482250847558
lead_propensity_not_uplift,propensity_not_uplift,0.25,existing_policy_capped,pct_of_oracle_incremental,31.18950811514263,3.6345979650667806,28.86721356299537,33.51416294760458,8,,31.18950811514263,0.0,0.0,0.24994495570525288
lead_propensity_not_uplift,propensity_not_uplift,0.25,hist_roas,pct_of_oracle_incremental,30.67055964842949,8.392680671496755,25.43708552522207,36.15861269032753,8,,30.67055964842949,0.04484858650005204,0.0011407880000433124,0.24805315467185068
lead_propensity_not_uplift,propensity_not_uplift,0.25,last_click_attribution,pct_of_oracle_incremental,30.218533476621097,8.652381167477136,24.773093988908464,35.830429761359284,8,,30.218533476621097,0.04939100312503793,0.0024327993751284754,0.24722245916343355
lead_propensity_not_uplift,propensity_not_uplift,0.25,lead_score_logit,pct_of_oracle_incremental,28.23145151226138,8.601779345417699,22.946731086564633,34.108018306755326,8,,28.23145151226138,0.9057260833749297,0.1606449148749789,0.24631407341703987
lead_propensity_not_uplift,propensity_not_uplift,0.25,call_everyone,pct_of_oracle_incremental,26.90897792805536,5.00329236769055,23.69141154154944,30.127639357308123,8,,26.90897792805536,0.03741362199991723,0.005723139749989012,0.247854276704337
lead_propensity_not_uplift,propensity_not_uplift,0.25,existing_policy_replay,pct_of_oracle_incremental,26.55796673442253,3.9087350544533583,24.036180833413024,29.13459849585083,8,,26.55796673442253,0.0,0.0,0.24910779419911705
lead_propensity_not_uplift,propensity_not_uplift,0.25,lead_score_gbm,pct_of_oracle_incremental,26.247437574684522,7.828789919209594,21.35662977535894,31.548917861580488,8,,26.247437574684522,1.5821127324999225,0.19365685312516231,0.2457160257096237
lead_propensity_not_uplift,propensity_not_uplift,0.25,random,pct_of_oracle_incremental,24.71305309346392,3.42280543869499,22.51150900505848,26.91459718186936,8,,24.71305309346392,0.0408207327499212,0.0009707043748221126,0.24695893156020182
lead_propensity_not_uplift,propensity_not_uplift,0.25,fifo,pct_of_oracle_incremental,24.57493150373187,4.362427579921485,21.709445963360693,27.332699124129064,8,,24.57493150373187,0.04092258662512899,0.0008662222500106125,0.24788685062845964
lead_propensity_not_uplift,propensity_not_uplift,0.25,lowest_cpl,pct_of_oracle_incremental,23.956649914945913,11.772341086794702,15.548896476565371,30.63385760911789,8,,23.956649914945913,0.04072868687489969,0.000879817874988425,0.2467264037141983
lead_propensity_not_uplift,propensity_not_uplift,0.25,do_nothing,pct_of_oracle_incremental,0.0,0.0,0.0,0.0,8,,0.0,1.8165000028602665e-06,0.00020219662474114998,0.0
lead_rare_outcome,rare_outcome,0.25,oracle,pct_of_oracle_incremental,100.0,0.0,100.0,100.0,8,,100.0,1.8831250372386421e-06,0.0005994129999180124,0.2971246875397229
lead_rare_outcome,rare_outcome,0.25,lead_score_logit,pct_of_oracle_incremental,73.67110798452904,11.64470789917328,66.00857203139529,81.22012214966423,8,,73.67110798452904,0.8385066472499147,0.16030915562487275,0.24633095699389712
lead_rare_outcome,rare_outcome,0.25,lead_score_gbm,pct_of_oracle_incremental,68.47847536492009,10.777097140003777,61.50134755047037,75.5087029941138,8,,68.47847536492009,1.4940773868751194,0.19392947112510223,0.24630940749645247
lead_rare_outcome,rare_outcome,0.25,propensity_ev_logit,pct_of_oracle_incremental,68.11958484789747,8.572200152403797,62.98208816493861,73.9427250968378,8,,68.11958484789747,0.8872337046250323,0.18556161425021853,0.24777634167815699
lead_rare_outcome,rare_outcome,0.25,funnel_ev_gbm,pct_of_oracle_incremental,67.05702149198468,8.986662956746349,61.38613349331399,72.85740589298443,8,,67.05702149198468,2.7493284160000258,0.5252509933749252,0.24863454673350366
lead_rare_outcome,rare_outcome,0.25,propensity_ev_gbm,pct_of_oracle_incremental,66.74887793817132,4.927835812862882,63.414999582942954,69.78818331833378,8,,66.74887793817132,1.5461985102502922,0.24642466325042278,0.24753310316672072
lead_rare_outcome,rare_outcome,0.25,s_learner,pct_of_oracle_incremental,65.45672775900528,4.3709530240147005,62.71433997636906,68.32145517464846,8,,65.45672775900528,1.9885541853751647,0.2993521313750307,0.24746686242977492
lead_rare_outcome,rare_outcome,0.25,t_learner,pct_of_oracle_incremental,55.76609192573485,9.478748966896735,49.46130123400522,61.64706462355156,8,,55.76609192573485,2.153783268499865,0.301724501250078,0.24861657310190366
lead_rare_outcome,rare_outcome,0.25,x_learner,pct_of_oracle_incremental,53.314871949697576,7.897124299811577,48.157769726078115,58.345291861381405,8,,53.314871949697576,3.6646157806251267,0.49816673475027073,0.2473687431627539
lead_rare_outcome,rare_outcome,0.25,causal_forest,pct_of_oracle_incremental,50.71839923331663,11.424313093633659,43.02448770529142,57.83281688795337,8,,50.71839923331663,29.19014620899975,1.1524142957498498,0.24860795151189263
lead_rare_outcome,rare_outcome,0.25,dr_learner,pct_of_oracle_incremental,41.61025092625899,7.043853713990465,37.08472400355883,46.068781173529935,8,,41.61025092625899,5.0014972729998135,0.20449057862492734,0.2501897978397626
lead_rare_outcome,rare_outcome,0.25,hist_conversion_rate,pct_of_oracle_incremental,37.89661521806886,8.828306693781538,32.22464993278661,43.635731292194635,8,,37.89661521806886,0.04839166562487656,0.001641562000145275,0.24869295144715153
lead_rare_outcome,rare_outcome,0.25,hist_net_profit,pct_of_oracle_incremental,36.37651327528223,9.528353517688323,29.99516352032412,42.3935546020347,8,,36.37651327528223,0.051832824249800014,0.0012067307501410752,0.24704209268282734
lead_rare_outcome,rare_outcome,0.25,hist_profit_per_agent_hour,pct_of_oracle_incremental,35.282092385339354,8.18225404821836,29.64313267337112,40.20490400899812,8,,35.282092385339354,0.0527591261252382,0.001242431250034275,0.24746127444003724
lead_rare_outcome,rare_outcome,0.25,hist_roas,pct_of_oracle_incremental,34.31163054909819,7.750965178258932,29.03468189335762,38.87581684294785,8,,34.31163054909819,0.047054659125024004,0.0014717505001726125,0.2476154823194748
lead_rare_outcome,rare_outcome,0.25,existing_policy_capped,pct_of_oracle_incremental,32.14787705517955,6.675259989791398,27.966838896649435,36.532457437213914,8,,32.14787705517955,0.0,0.0,0.25106948137847807
lead_rare_outcome,rare_outcome,0.25,lowest_cpl,pct_of_oracle_incremental,30.709964633432822,13.167587637734297,21.827754386000855,39.053660180158815,8,,30.709964633432822,0.04500401975019482,0.0008593146250177124,0.2467264037141983
lead_rare_outcome,rare_outcome,0.25,class_transformation,pct_of_oracle_incremental,30.36811157947023,7.586488118270805,25.86174141045669,35.62583226657758,8,,30.36811157947023,2.0692463875000158,0.24653305387516866,0.2477429116390817
lead_rare_outcome,rare_outcome,0.25,last_click_attribution,pct_of_oracle_incremental,29.873804785951258,5.365717561991046,26.4194111755073,33.30192678789944,8,,29.873804785951258,0.050845537874920355,0.0024434088750239754,0.2475079864515328
lead_rare_outcome,rare_outcome,0.25,fifo,pct_of_oracle_incremental,27.384169599073815,7.881802660798365,22.520850401830728,32.591681623177315,8,,27.384169599073815,0.05186888550008456,0.0008883970000396875,0.24788685062845964
lead_rare_outcome,rare_outcome,0.25,call_everyone,pct_of_oracle_incremental,27.18748386485087,7.404275996774658,22.43677528399293,31.914668389041438,8,,27.18748386485087,0.03838418600014387,0.006795063624735962,0.247854276704337
lead_rare_outcome,rare_outcome,0.25,random,pct_of_oracle_incremental,25.495417457470914,5.068695092506144,22.30382325062125,28.778768619194963,8,,25.495417457470914,0.040514922499937656,0.0009217326247607625,0.24695893156020182
lead_rare_outcome,rare_outcome,0.25,existing_policy_replay,pct_of_oracle_incremental,22.90226898929573,6.840168942328947,18.48095640807585,27.249741966314236,8,,22.90226898929573,0.0,0.0,0.24910779419911705
lead_rare_outcome,rare_outcome,0.25,do_nothing,pct_of_oracle_incremental,0.0,0.0,0.0,0.0,8,,0.0,1.6741249737606267e-06,0.00019810499998125,0.0
lead_seasonality_trend,seasonality_trend,0.25,oracle,pct_of_oracle_incremental,100.0,0.0,100.0,100.0,8,,100.0,2.2168749183038017e-06,0.0005276869999306126,0.3098439707154823
lead_seasonality_trend,seasonality_trend,0.25,s_learner,pct_of_oracle_incremental,59.83475824924541,5.835910200654268,56.31230653169643,63.766402603835864,8,,59.83475824924541,2.13979739350043,0.30051753699967776,0.24820841270611504
lead_seasonality_trend,seasonality_trend,0.25,propensity_ev_logit,pct_of_oracle_incremental,59.27034400323366,7.994772517363657,54.559088248036375,64.89554752979203,8,,59.27034400323366,0.9167762989998209,0.17303589012522022,0.24843248790326516
lead_seasonality_trend,seasonality_trend,0.25,funnel_ev_gbm,pct_of_oracle_incremental,58.762884541703585,7.895739642515389,54.601429789153556,64.4889801416593,8,,58.762884541703585,2.962613741750147,0.5253904961250555,0.2487665974343196
lead_seasonality_trend,seasonality_trend,0.25,t_learner,pct_of_oracle_incremental,56.935283189647734,7.718473218353953,52.08602802802942,62.01421230400982,8,,56.935283189647734,2.368764283374503,0.2998212425004567,0.24824248155901535
lead_seasonality_trend,seasonality_trend,0.25,propensity_ev_gbm,pct_of_oracle_incremental,56.737773195987465,5.395987975181043,53.76497281700241,60.67861411946297,8,,56.737773195987465,1.6333506086252783,0.24403367300010353,0.24864906980702253
lead_seasonality_trend,seasonality_trend,0.25,x_learner,pct_of_oracle_incremental,56.00131026446334,5.782387981569135,52.21505493050689,59.5808710808855,8,,56.00131026446334,3.8922470872498707,0.4932622736243957,0.2491720482488497
lead_seasonality_trend,seasonality_trend,0.25,lead_score_logit,pct_of_oracle_incremental,54.17571792357193,7.641969299936438,49.086028229236476,58.98030438728901,8,,54.17571792357193,0.9004612930002622,0.163779449750109,0.24650010250381704
lead_seasonality_trend,seasonality_trend,0.25,causal_forest,pct_of_oracle_incremental,52.07629229843355,9.232024500117047,45.82896708259365,57.89845061096793,8,,52.07629229843355,9.79927982175036,0.848291340874539,0.24942923304880704
lead_seasonality_trend,seasonality_trend,0.25,lead_score_gbm,pct_of_oracle_incremental,51.5855956848165,7.077382611609311,47.04358548581873,56.253958543574015,8,,51.5855956848165,1.587141427624374,0.19993664162507224,0.2469890678897998
lead_seasonality_trend,seasonality_trend,0.25,dr_learner,pct_of_oracle_incremental,50.270000196951614,6.853840715545444,45.80657090644627,54.61220413950644,8,,50.270000196951614,5.236644878375273,0.2236960487496162,0.2489166523784495
lead_seasonality_trend,seasonality_trend,0.25,class_transformation,pct_of_oracle_incremental,43.219182960612144,8.494999106582068,37.52324657587582,48.43886209155136,8,,43.219182960612144,2.196899480125012,0.24880996299998512,0.24803668097898013
lead_seasonality_trend,seasonality_trend,0.25,hist_conversion_rate,pct_of_oracle_incremental,41.34634272742041,3.1289731854673497,39.16952196136342,43.27756177982019,8,,41.34634272742041,0.04372329099965095,0.0011851819999719251,0.24862541650950468
lead_seasonality_trend,seasonality_trend,0.25,hist_net_profit,pct_of_oracle_incremental,39.22917907570598,4.915691624193005,36.13822383273674,42.44035472363529,8,,39.22917907570598,0.05007700487522011,0.0012017842498152625,0.2484717652175713
lead_seasonality_trend,seasonality_trend,0.25,hist_profit_per_agent_hour,pct_of_oracle_incremental,38.414694177288176,3.906349358430372,35.917378064931654,40.938100849648,8,,38.414694177288176,0.054046669249828434,0.0012272527505955999,0.24880711062333924
lead_seasonality_trend,seasonality_trend,0.25,hist_roas,pct_of_oracle_incremental,35.05719863318633,6.325073808593169,30.925562443323845,39.04885019397681,8,,35.05719863318633,0.04554010250012648,0.0012454857496777,0.24817039910584993
lead_seasonality_trend,seasonality_trend,0.25,last_click_attribution,pct_of_oracle_incremental,33.50519643238122,3.551490779291554,31.273131932902956,35.871040710348176,8,,33.50519643238122,0.05049289549947385,0.0024563696251788747,0.24708612651176348
lead_seasonality_trend,seasonality_trend,0.25,lowest_cpl,pct_of_oracle_incremental,33.173579509529,10.075268314823584,26.413453006053754,39.40548381131889,8,,33.173579509529,0.041831252000065385,0.0008979152501069125,0.2467264037141983
lead_seasonality_trend,seasonality_trend,0.25,existing_policy_capped,pct_of_oracle_incremental,32.96917243630171,5.611185262263457,29.290792870369437,36.47049043759189,8,,32.96917243630171,0.0,0.0,0.2500995106208561
lead_seasonality_trend,seasonality_trend,0.25,random,pct_of_oracle_incremental,29.207923710520618,4.974219011207896,26.274363314705084,32.66406320627816,8,,29.207923710520618,0.04268694112488443,0.0009833488747971874,0.24695893156020182
lead_seasonality_trend,seasonality_trend,0.25,call_everyone,pct_of_oracle_incremental,28.595563413651135,5.5648799637748105,24.90174862788837,32.1364844751859,8,,28.595563413651135,0.036890851250063805,0.006054053624666225,0.247854276704337
lead_seasonality_trend,seasonality_trend,0.25,existing_policy_replay,pct_of_oracle_incremental,28.006895750608468,4.688555637113606,24.959980131780686,30.952649182333268,8,,28.006895750608468,0.0,0.0,0.24910779419911705
lead_seasonality_trend,seasonality_trend,0.25,fifo,pct_of_oracle_incremental,23.109063493636583,5.194849395928246,19.894509377710705,26.587441560519075,8,,23.109063493636583,0.04165863612547579,0.0009518862500498999,0.24788685062845964
lead_seasonality_trend,seasonality_trend,0.25,do_nothing,pct_of_oracle_incremental,0.0,0.0,0.0,0.0,8,,0.0,1.738624632707797e-06,0.0002251308749236625,0.0
lead_selection_bias,selection_bias,0.25,oracle,pct_of_oracle_incremental,100.0,0.0,100.0,100.0,8,,100.0,2.2176252514327643e-06,0.000516582000273,0.307515608915514
lead_selection_bias,selection_bias,0.25,propensity_ev_logit,pct_of_oracle_incremental,65.91253991345883,6.168826295640458,62.20065415431927,70.22724654494971,8,,65.91253991345883,0.9258008528747723,0.177378204499746,0.2482241277237278
lead_selection_bias,selection_bias,0.25,propensity_ev_gbm,pct_of_oracle_incremental,63.21690249829855,5.983370874852622,59.472980012240384,67.19291744233132,8,,63.21690249829855,1.6689444001247011,0.2472206906249994,0.24834414790472847
lead_selection_bias,selection_bias,0.25,s_learner,pct_of_oracle_incremental,62.57378500524802,5.666323810568577,59.24252590280678,66.61078192056947,8,,62.57378500524802,2.084640709124642,0.2996416047492403,0.24820532631371559
lead_selection_bias,selection_bias,0.25,funnel_ev_gbm,pct_of_oracle_incremental,62.31601364951955,6.056333121797803,58.669529950431354,66.53929706616074,8,,62.31601364951955,2.9693949757502196,0.5239975577501355,0.2487347670148377
lead_selection_bias,selection_bias,0.25,t_learner,pct_of_oracle_incremental,61.68842984820675,3.432262857165107,59.75934542941817,64.15318848069224,8,,61.68842984820675,2.3294285041249623,0.30267666949998784,0.24842795075725785
lead_selection_bias,selection_bias,0.25,lead_score_logit,pct_of_oracle_incremental,59.93472296267072,9.738795690016865,53.590038575877784,66.22565813082612,8,,59.93472296267072,0.9473489417498513,0.17035716899999892,0.2464837477683673
lead_selection_bias,selection_bias,0.25,x_learner,pct_of_oracle_incremental,59.098884329923465,5.48516696428214,55.552205252016556,62.55988508007344,8,,59.098884329923465,3.9377527945000566,0.5497600981250343,0.24920731487334563
lead_selection_bias,selection_bias,0.25,lead_score_gbm,pct_of_oracle_incremental,58.66729881653319,8.468751755795413,53.317389610571226,64.22324990873075,8,,58.66729881653319,1.6152159190003204,0.20159022687516875,0.24667820522284276
lead_selection_bias,selection_bias,0.25,causal_forest,pct_of_oracle_incremental,52.71915689388369,10.475839273124953,45.4439416188289,58.896940612657026,8,,52.71915689388369,19.436043244375014,1.0106719287502983,0.24924086823556943
lead_selection_bias,selection_bias,0.25,dr_learner,pct_of_oracle_incremental,49.68687846552922,8.450858189487372,43.92868839142889,54.79860017440943,8,,49.68687846552922,5.448952385374469,0.21998940587491234,0.24930507484115202
lead_selection_bias,selection_bias,0.25,existing_policy_capped,pct_of_oracle_incremental,47.31380374097732,4.70608913648058,44.20689203006816,50.23396840516692,8,,47.31380374097732,0.0,0.0,0.24973159675541493
lead_selection_bias,selection_bias,0.25,hist_conversion_rate,pct_of_oracle_incremental,44.52329944083949,2.9087998835054494,42.58339065399012,46.34357538749802,8,,44.52329944083949,0.04347579162504185,0.0011462888755885874,0.24786880310322812
lead_selection_bias,selection_bias,0.25,hist_net_profit,pct_of_oracle_incremental,40.06066399833726,5.125395356083812,36.893592831746474,43.53343967834422,8,,40.06066399833726,0.05175795937520884,0.0012247026252225,0.24844209134930179
lead_selection_bias,selection_bias,0.25,hist_profit_per_agent_hour,pct_of_oracle_incremental,39.446815785148786,4.0780701716115475,36.84123750260179,42.05298436194846,8,,39.446815785148786,0.056389187749800784,0.0011972273753144123,0.2482553803054815
lead_selection_bias,selection_bias,0.25,existing_policy_replay,pct_of_oracle_incremental,38.219678003113124,7.569803185847225,33.240734703163966,43.041593406467484,8,,38.219678003113124,0.0,0.0,0.24833571360126516
lead_selection_bias,selection_bias,0.25,hist_roas,pct_of_oracle_incremental,35.32217481593879,7.313761097815903,30.524159721633435,39.91489196535586,8,,35.32217481593879,0.04539557087491626,0.0011791206250108626,0.24775211145443327
lead_selection_bias,selection_bias,0.25,last_click_attribution,pct_of_oracle_incremental,32.27758323224815,4.618163730664381,29.369696366291578,35.320249856678764,8,,32.27758323224815,0.05281853112501263,0.0029563350003627,0.2480413079227624
lead_selection_bias,selection_bias,0.25,lowest_cpl,pct_of_oracle_incremental,31.968086675446532,12.1107376619357,23.890404938876266,39.68162019966596,8,,31.968086675446532,0.04188720750016722,0.0008485228750032001,0.2465529228815404
lead_selection_bias,selection_bias,0.25,call_everyone,pct_of_oracle_incremental,27.017306733642755,6.678193864999746,22.453489455278717,31.114759360969778,8,,27.017306733642755,0.036274506875315596,0.005774549125362625,0.24773569955793295
lead_selection_bias,selection_bias,0.25,random,pct_of_oracle_incremental,26.44473722281277,5.608021206340044,23.03741323686045,30.21685780227985,8,,26.44473722281277,0.0423260121251587,0.0009885136248612499,0.24665401907327944
lead_selection_bias,selection_bias,0.25,fifo,pct_of_oracle_incremental,26.369878164382484,6.505183793465265,22.235031470426037,30.606455963975797,8,,26.369878164382484,0.041831906749848664,0.0008871115001056376,0.24793735410874645
lead_selection_bias,selection_bias,0.25,class_transformation,pct_of_oracle_incremental,20.59851861221229,7.847037231660703,15.605117995758436,25.750906825786195,8,,20.59851861221229,2.11632505462444,0.24799107074954915,0.24834769636472664
lead_selection_bias,selection_bias,0.25,do_nothing,pct_of_oracle_incremental,0.0,0.0,0.0,0.0,8,,0.0,1.6774999949120684e-06,0.00019071562473977501,0.0
lead_sparse,sparse,0.25,oracle,pct_of_oracle_incremental,100.0,0.0,100.0,100.0,8,,100.0,2.2069998522056267e-06,0.00047786712480042497,0.30210970359325073
lead_sparse,sparse,0.25,propensity_ev_logit,pct_of_oracle_incremental,63.7746578843211,6.556464388700605,59.68473550164253,68.06676130268696,8,,63.7746578843211,1.3378772278748556,0.18961178674976503,0.24820667375498645
lead_sparse,sparse,0.25,funnel_ev_gbm,pct_of_oracle_incremental,60.32750821877052,5.78241032110147,56.54170489230816,63.9264131481169,8,,60.32750821877052,2.9884803730001295,0.5216169501250079,0.24820890477440166
lead_sparse,sparse,0.25,propensity_ev_gbm,pct_of_oracle_incremental,59.99612916738996,5.135271121437119,56.96441465953305,63.44888428618337,8,,59.99612916738996,1.6441913682498353,0.2494247404999896,0.2479540223313172
lead_sparse,sparse,0.25,lead_score_logit,pct_of_oracle_incremental,59.18206490540672,4.222547952418396,56.725196666253865,62.08643214990595,8,,59.18206490540672,1.1507197254999255,0.16909175087505446,0.24674075667323675
lead_sparse,sparse,0.25,s_learner,pct_of_oracle_incremental,58.17395526954793,5.091006979109485,55.113224212242685,61.60048367231346,8,,58.17395526954793,2.172691324499965,0.3207318702499151,0.24740415565829643
lead_sparse,sparse,0.25,t_learner,pct_of_oracle_incremental,55.28875968855922,5.49502747061154,51.67541615530317,58.66969288744348,8,,55.28875968855922,2.3968547084999727,0.30912865037510073,0.24775635272203045
lead_sparse,sparse,0.25,x_learner,pct_of_oracle_incremental,54.873996781943916,3.5954938685426163,52.58507458906431,57.23640105906644,8,,54.873996781943916,3.9820048077500587,0.5056560596248119,0.2482216053446341
lead_sparse,sparse,0.25,lead_score_gbm,pct_of_oracle_incremental,54.34588622130293,4.305473571553745,51.772854224946336,57.22851061853095,8,,54.34588622130293,1.6183906728751936,0.19940069850019876,0.24665626882345315
lead_sparse,sparse,0.25,dr_learner,pct_of_oracle_incremental,51.499471085064854,4.344245150918606,48.557871287440726,54.14233117000968,8,,51.499471085064854,5.246897088375135,0.22242472662526322,0.249209230126894
lead_sparse,sparse,0.25,causal_forest,pct_of_oracle_incremental,51.274305139617724,6.47455714157893,47.3258097952449,55.70048020923671,8,,51.274305139617724,26.178676189749922,1.1665153769997687,0.24955049163926218
lead_sparse,sparse,0.25,hist_conversion_rate,pct_of_oracle_incremental,43.791647298203195,5.1932782967526325,40.54894487593444,47.221715220555936,8,,43.791647298203195,0.042325208749843975,0.001105148625015275,0.2473359041411188
lead_sparse,sparse,0.25,hist_net_profit,pct_of_oracle_incremental,43.39396405022988,5.0887567779303415,39.932615283831254,46.4587532733271,8,,43.39396405022988,0.05082138024988575,0.001336351000190875,0.24756787801697533
lead_sparse,sparse,0.25,hist_profit_per_agent_hour,pct_of_oracle_incremental,42.8063754358696,4.461779100619116,39.80291628031371,45.491219279593516,8,,42.8063754358696,0.052676364500030076,0.0012463571251828,0.24857492421633698
lead_sparse,sparse,0.25,existing_policy_capped,pct_of_oracle_incremental,41.24509854958716,4.377993236292644,38.30555775840932,43.87915996459131,8,,41.24509854958716,0.0,0.0,0.2522386919383648
lead_sparse,sparse,0.25,hist_roas,pct_of_oracle_incremental,39.39680880277833,8.227470701124508,34.11870920345336,44.76178755070891,8,,39.39680880277833,0.0447369246248854,0.0011307540000870626,0.24700794360277217
lead_sparse,sparse,0.25,class_transformation,pct_of_oracle_incremental,39.34098817023415,5.797239091517735,35.75347223998018,43.2402104819273,8,,39.34098817023415,2.2435652071249024,0.26612457287501456,0.24940572374096756
lead_sparse,sparse,0.25,last_click_attribution,pct_of_oracle_incremental,33.03228737748689,2.8015916164256978,31.620619030424123,35.05082230369505,8,,33.03228737748689,0.04923323987486579,0.002407048124837225,0.24645514794912418
lead_sparse,sparse,0.25,call_everyone,pct_of_oracle_incremental,28.915267779850037,4.282268557533602,26.11986440551995,31.67117135268712,8,,28.915267779850037,0.03789765987517052,0.0058060679999698255,0.24775798525421525
lead_sparse,sparse,0.25,existing_policy_replay,pct_of_oracle_incremental,28.437088797932958,5.793726166906436,24.981633246530265,32.41157154569729,8,,28.437088797932958,0.0,0.0,0.2508458594398654
lead_sparse,sparse,0.25,lowest_cpl,pct_of_oracle_incremental,27.948619692776916,5.837969213852708,24.28207260966098,31.75930978202167,8,,27.948619692776916,0.04076578437491203,0.0008486053749265374,0.24645850785339501
lead_sparse,sparse,0.25,fifo,pct_of_oracle_incremental,27.361449103810074,6.008761658846137,23.889342231934812,31.52529264922217,8,,27.361449103810074,0.041256174124896426,0.0008518519998687751,0.24708248974428135
lead_sparse,sparse,0.25,random,pct_of_oracle_incremental,27.237529333058156,3.762749875700994,24.99028090693395,29.778657824808292,8,,27.237529333058156,0.041548249500010515,0.000920501375276175,0.24751500383246317
lead_sparse,sparse,0.25,do_nothing,pct_of_oracle_incremental,0.0,0.0,0.0,0.0,8,,0.0,1.802125098038232e-06,0.00019899187498136252,0.0
lead_strong_heterogeneity,strong_heterogeneity,0.25,oracle,pct_of_oracle_incremental,100.0,0.0,100.0,100.0,8,,100.0,2.0092498971280293e-06,0.0005433352499721375,0.2923204427824711
lead_strong_heterogeneity,strong_heterogeneity,0.25,s_learner,pct_of_oracle_incremental,72.84821014233769,4.012165803079703,70.28321411115729,75.44959424904589,8,,72.84821014233769,2.4202410591248054,0.3407847209996362,0.24813342775098882
lead_strong_heterogeneity,strong_heterogeneity,0.25,x_learner,pct_of_oracle_incremental,71.06366136694163,3.5569769225882535,68.60825969957381,73.18889109208274,8,,71.06366136694163,4.311566974624952,0.5457086579997394,0.24784252692766895
lead_strong_heterogeneity,strong_heterogeneity,0.25,t_learner,pct_of_oracle_incremental,67.96638636280296,4.5473363323476415,64.98775871666516,70.83692970496726,8,,67.96638636280296,2.581125423625508,0.3419789446249979,0.24837883201189306
lead_strong_heterogeneity,strong_heterogeneity,0.25,causal_forest,pct_of_oracle_incremental,66.45713082146175,5.387796785433512,62.784802542829205,69.76224467317715,8,,66.45713082146175,24.70326596224993,1.192906209249827,0.24814296995488933
lead_strong_heterogeneity,strong_heterogeneity,0.25,dr_learner,pct_of_oracle_incremental,65.89252013437527,4.50696538801617,62.99540558209503,68.80205179908666,8,,65.89252013437527,5.760962909999989,0.24275902850013148,0.2476676941094495
lead_strong_heterogeneity,strong_heterogeneity,0.25,propensity_ev_gbm,pct_of_oracle_incremental,63.36843186721232,7.317496442503425,58.69321307276049,68.07008810353845,8,,63.36843186721232,1.7140599613752556,0.269792373250084,0.24936116056418264
lead_strong_heterogeneity,strong_heterogeneity,0.25,funnel_ev_gbm,pct_of_oracle_incremental,63.34667561385635,7.25556150644448,58.55213079631783,67.912617175409,8,,63.34667561385635,3.210295505624572,0.5864785562498582,0.24858456479739438
lead_strong_heterogeneity,strong_heterogeneity,0.25,propensity_ev_logit,pct_of_oracle_incremental,57.55602270913381,10.631876782661294,50.642194021502725,64.38651330033892,8,,57.55602270913381,0.9465202733750857,0.18597208287508232,0.24824879822637463
lead_strong_heterogeneity,strong_heterogeneity,0.25,lead_score_logit,pct_of_oracle_incremental,56.857625545097264,12.510817914815066,48.200007586369864,64.36797201939734,8,,56.857625545097264,0.9918530457501902,0.16614363074984334,0.24599520248955764
lead_strong_heterogeneity,strong_heterogeneity,0.25,class_transformation,pct_of_oracle_incremental,55.155842409071525,6.186374337535999,51.10255503067068,59.081677318206495,8,,55.155842409071525,2.3969334278752967,0.2699975476249392,0.24830251258454503
lead_strong_heterogeneity,strong_heterogeneity,0.25,lead_score_gbm,pct_of_oracle_incremental,54.98806263845011,13.553244546549541,45.657017212126505,63.06126816101779,8,,54.98806263845011,1.670666864250279,0.20421079574987283,0.24666560844432
lead_strong_heterogeneity,strong_heterogeneity,0.25,hist_net_profit,pct_of_oracle_incremental,31.596283587280702,4.135743549260586,29.028468591621664,34.33120532746664,8,,31.596283587280702,0.05252625400032679,0.0011777448751217373,0.24857409765484056
lead_strong_heterogeneity,strong_heterogeneity,0.25,hist_conversion_rate,pct_of_oracle_incremental,31.122635176728146,4.411592201633313,28.292382365746263,33.91392109856804,8,,31.122635176728146,0.045678484875111225,0.0011497897502294623,0.2491319075399056
lead_strong_heterogeneity,strong_heterogeneity,0.25,hist_profit_per_agent_hour,pct_of_oracle_incremental,31.0513880593992,4.276996100910037,28.449453499438352,33.92388729831771,8,,31.0513880593992,0.05384701549985489,0.0012396460000445,0.24896015915611625
lead_strong_heterogeneity,strong_heterogeneity,0.25,lowest_cpl,pct_of_oracle_incremental,28.760489189315173,7.176890768783254,24.07850867206261,33.34572828161837,8,,28.760489189315173,0.044506786124998116,0.0008468836247174625,0.2467264037141983
lead_strong_heterogeneity,strong_heterogeneity,0.25,hist_roas,pct_of_oracle_incremental,28.30510633394888,6.873727915290561,23.876379687582116,32.76278560959571,8,,28.30510633394888,0.048983523625224686,0.0016859958749363875,0.24691435343742912
lead_strong_heterogeneity,strong_heterogeneity,0.25,last_click_attribution,pct_of_oracle_incremental,27.168590803113403,4.510490609467572,24.473470418543037,30.274404386020535,8,,27.168590803113403,0.05292427599999876,0.0023654704998534127,0.24712014474553679
lead_strong_heterogeneity,strong_heterogeneity,0.25,existing_policy_capped,pct_of_oracle_incremental,26.493510123423395,5.318265855640245,22.93512503769047,29.828181389810126,8,,26.493510123423395,0.0,0.0,0.24991173334531494
lead_strong_heterogeneity,strong_heterogeneity,0.25,random,pct_of_oracle_incremental,25.908368124344495,3.327912251675977,23.90249088580439,28.210704963512143,8,,25.908368124344495,0.04372892237529409,0.0009185701251225875,0.24695893156020182
lead_strong_heterogeneity,strong_heterogeneity,0.25,existing_policy_replay,pct_of_oracle_incremental,25.55346551196577,3.2771324708287537,23.488602883466903,27.723343574856912,8,,25.55346551196577,0.0,0.0,0.24910779419911705
lead_strong_heterogeneity,strong_heterogeneity,0.25,fifo,pct_of_oracle_incremental,23.967602210429654,2.7953210735596192,22.105613900479906,25.70462155694978,8,,23.967602210429654,0.04577556300000647,0.0009119417496776376,0.24788685062845964
lead_strong_heterogeneity,strong_heterogeneity,0.25,call_everyone,pct_of_oracle_incremental,23.558294820962836,3.761096939505672,20.860741389519568,25.721152464165804,8,,23.558294820962836,0.04016188087530277,0.006805019999774175,0.247854276704337
lead_strong_heterogeneity,strong_heterogeneity,0.25,do_nothing,pct_of_oracle_incremental,0.0,0.0,0.0,0.0,8,,0.0,1.7873750266517163e-06,0.00019790349995215002,0.0
lead_value_heterogeneity,value_heterogeneity,0.25,oracle,pct_of_oracle_incremental,100.0,0.0,100.0,100.0,8,,100.0,2.1378748442657525e-06,0.000494446500397275,0.29542869525636933
lead_value_heterogeneity,value_heterogeneity,0.25,propensity_ev_logit,pct_of_oracle_incremental,56.400636388753654,6.298342375174607,52.01709275073617,60.115339452705484,8,,56.400636388753654,0.9405697649999638,0.178375374624693,0.24804975568239096
lead_value_heterogeneity,value_heterogeneity,0.25,s_learner,pct_of_oracle_incremental,56.18510607397145,6.800539756384796,51.578379897519824,60.361681864047554,8,,56.18510607397145,2.1711363076251473,0.3053228191247399,0.2482232496796387
lead_value_heterogeneity,value_heterogeneity,0.25,propensity_ev_gbm,pct_of_oracle_incremental,53.82328135865771,5.7080529786825025,50.14159523689379,57.48995705834987,8,,53.82328135865771,1.6817994308753441,0.24934190775024942,0.24824622072651495
lead_value_heterogeneity,value_heterogeneity,0.25,lead_score_logit,pct_of_oracle_incremental,53.354417223323516,11.63639790920263,46.06775463231446,61.04883243684436,8,,53.354417223323516,0.9246171792501627,0.16536250312560696,0.2460932255926465
lead_value_heterogeneity,value_heterogeneity,0.25,funnel_ev_gbm,pct_of_oracle_incremental,53.21074450889904,7.051023947991786,48.343644870605,57.48098041321913,8,,53.21074450889904,2.951973100374744,0.539020190374913,0.24833527093023977
lead_value_heterogeneity,value_heterogeneity,0.25,x_learner,pct_of_oracle_incremental,51.70496108216905,8.147854377636136,46.081993746421524,56.42106572127635,8,,51.70496108216905,3.9453092068752085,0.5051403113743618,0.24841314144358992
lead_value_heterogeneity,value_heterogeneity,0.25,lead_score_gbm,pct_of_oracle_incremental,51.66893405444192,11.683456420223093,44.4416202187428,59.39050757387988,8,,51.66893405444192,1.6050969342493318,0.20408566237483677,0.24663335378940338
lead_value_heterogeneity,value_heterogeneity,0.25,t_learner,pct_of_oracle_incremental,50.315030933660765,8.233342113758724,44.57079583806179,55.126893985882035,8,,50.315030933660765,2.407260850749708,0.32870011599948157,0.2481834027118863
lead_value_heterogeneity,value_heterogeneity,0.25,causal_forest,pct_of_oracle_incremental,41.81660319398382,10.572275935801978,34.68128651479685,48.326230885948874,8,,41.81660319398382,25.154603874375425,1.16393054162495,0.2495623043459427
lead_value_heterogeneity,value_heterogeneity,0.25,dr_learner,pct_of_oracle_incremental,41.575608603205296,11.60900639914191,34.12513896003626,49.02195775998059,8,,41.575608603205296,5.2345306941247145,0.22387565037524834,0.24915610005999606
lead_value_heterogeneity,value_heterogeneity,0.25,hist_conversion_rate,pct_of_oracle_incremental,40.07774673462348,4.742979792969703,37.09777137277466,43.22940989639994,8,,40.07774673462348,0.04330020262545981,0.00112883075007625,0.24872863006413473
lead_value_heterogeneity,value_heterogeneity,0.25,hist_profit_per_agent_hour,pct_of_oracle_incremental,36.84662552608164,5.892526978802969,33.0896435421698,40.711259402597484,8,,36.84662552608164,0.05388581250008424,0.001370271750147325,0.2488624786066697
lead_value_heterogeneity,value_heterogeneity,0.25,hist_net_profit,pct_of_oracle_incremental,36.844715206333014,5.892554070124699,33.08780732797294,40.709295036575945,8,,36.844715206333014,0.05051382137526157,0.0012494823749875249,0.2488796640677696
lead_value_heterogeneity,value_heterogeneity,0.25,class_transformation,pct_of_oracle_incremental,35.86057112202294,7.68554967058267,30.83505082659064,40.67797791899519,8,,35.86057112202294,2.2121453836248293,0.2526295676245809,0.2481474398647742
lead_value_heterogeneity,value_heterogeneity,0.25,existing_policy_capped,pct_of_oracle_incremental,35.5286838103481,6.357015060192471,31.39922353306563,39.643520611103966,8,,35.5286838103481,0.0,0.0,0.25128535567672694
lead_value_heterogeneity,value_heterogeneity,0.25,hist_roas,pct_of_oracle_incremental,34.54977405223799,9.52530205933488,28.06406175480642,40.25987744100997,8,,34.54977405223799,0.04453455799966829,0.0011408373752601125,0.2484529133286422
lead_value_heterogeneity,value_heterogeneity,0.25,lowest_cpl,pct_of_oracle_incremental,32.5775866395998,12.316619820649715,24.759733129767888,40.63504230887026,8,,32.5775866395998,0.0410332946250946,0.0008775779999723125,0.2467264037141983
lead_value_heterogeneity,value_heterogeneity,0.25,last_click_attribution,pct_of_oracle_incremental,28.69453403946936,6.236497454410788,24.497059220596505,32.466066782996776,8,,28.69453403946936,0.05431570649989223,0.002978206124680525,0.24713725125613978
lead_value_heterogeneity,value_heterogeneity,0.25,existing_policy_replay,pct_of_oracle_incremental,26.333361046061142,5.5564497282863226,22.82322957678911,29.935950838879386,8,,26.333361046061142,0.0,0.0,0.24910779419911705
lead_value_heterogeneity,value_heterogeneity,0.25,random,pct_of_oracle_incremental,23.924311468095922,6.494719721934226,19.99769503179674,28.26233576684521,8,,23.924311468095922,0.040895663999890475,0.0009536066249893,0.24695893156020182
lead_value_heterogeneity,value_heterogeneity,0.25,call_everyone,pct_of_oracle_incremental,23.739141901580027,7.712632086361107,18.720446275643845,28.700864431016843,8,,23.739141901580027,0.03646210624992814,0.005722566000031237,0.247854276704337
lead_value_heterogeneity,value_heterogeneity,0.25,fifo,pct_of_oracle_incremental,23.55846628341034,6.624810686895075,19.20534418546696,27.645189926193755,8,,23.55846628341034,0.04181250812530374,0.00087645949997745,0.24788685062845964
lead_value_heterogeneity,value_heterogeneity,0.25,do_nothing,pct_of_oracle_incremental,0.0,0.0,0.0,0.0,8,,0.0,1.8627501958690118e-06,0.000201069750573825,0.0
lead_very_rare_outcome,very_rare_outcome,0.25,oracle,pct_of_oracle_incremental,100.0,0.0,100.0,100.0,8,,100.0,2.4772500637482153e-06,0.0005346938750107626,0.29168494340663964
lead_very_rare_outcome,very_rare_outcome,0.25,lead_score_logit,pct_of_oracle_incremental,70.1713706320995,13.085279522000722,60.9511908703209,77.2997382924323,8,,70.1713706320995,0.7899876740000309,0.1332432526249931,0.24643206097635845
lead_very_rare_outcome,very_rare_outcome,0.25,propensity_ev_logit,pct_of_oracle_incremental,68.44622844975467,12.340315617464626,59.70284250482254,75.58521887601438,8,,68.44622844975467,0.806567173624785,0.1409473806251071,0.24771783159499627
lead_very_rare_outcome,very_rare_outcome,0.25,lead_score_gbm,pct_of_oracle_incremental,63.56921941627351,15.928611680240119,53.24944836363929,73.8560125867917,8,,63.56921941627351,1.406680938124964,0.17042451875011005,0.24622322985299827
lead_very_rare_outcome,very_rare_outcome,0.25,funnel_ev_gbm,pct_of_oracle_incremental,61.78772512291175,13.369981196237077,53.96938698628917,71.11726907028222,8,,61.78772512291175,2.6011129290002373,0.5021009967498458,0.2473513175009751
lead_very_rare_outcome,very_rare_outcome,0.25,propensity_ev_gbm,pct_of_oracle_incremental,61.02801743021057,15.740132147798189,51.46709833350477,72.2120252334077,8,,61.02801743021057,1.445298588375067,0.21597285512518732,0.24665378618212427
lead_very_rare_outcome,very_rare_outcome,0.25,causal_forest,pct_of_oracle_incremental,55.325390588929984,13.579260597830553,47.27486661506167,64.48112449645289,8,,55.325390588929984,30.604058653500033,1.1200471290001133,0.24778246534349443
lead_very_rare_outcome,very_rare_outcome,0.25,s_learner,pct_of_oracle_incremental,55.23284202680119,15.87083943196403,45.00132503540083,65.88280781585414,8,,55.23284202680119,1.8359334507498488,0.266706486125031,0.24629430626139892
lead_very_rare_outcome,very_rare_outcome,0.25,t_learner,pct_of_oracle_incremental,43.46668758864965,20.06943234478691,31.00768281370057,57.114834261484305,8,,43.46668758864965,1.920168672999921,0.27421271324988084,0.24871978221953212
lead_very_rare_outcome,very_rare_outcome,0.25,x_learner,pct_of_oracle_incremental,41.03160168096103,14.175990620782112,31.33877928069902,49.79490184566512,8,,41.03160168096103,3.61153177687504,0.4783422698749291,0.2480926905178477
lead_very_rare_outcome,very_rare_outcome,0.25,hist_conversion_rate,pct_of_oracle_incremental,37.49766461584846,9.87166507914547,31.07527713760623,43.995832742328645,8,,37.49766461584846,0.04979258062496679,0.0011488872499966752,0.2468743050797964
lead_very_rare_outcome,very_rare_outcome,0.25,hist_profit_per_agent_hour,pct_of_oracle_incremental,36.62145953110362,12.840068224507394,27.823299015046523,44.5313412414101,8,,36.62145953110362,0.06406616837500674,0.001249105500050925,0.24752755837345813
lead_very_rare_outcome,very_rare_outcome,0.25,hist_net_profit,pct_of_oracle_incremental,36.31315564112474,13.063199829995972,27.382352014687665,44.439255429454974,8,,36.31315564112474,0.05344888175000048,0.0012551526249353125,0.24754429421493623
lead_very_rare_outcome,very_rare_outcome,0.25,dr_learner,pct_of_oracle_incremental,35.47764364082058,8.496660733102685,30.35703244550652,41.34074168257549,8,,35.47764364082058,4.882124208999926,0.1789820732500402,0.24912547800713072
lead_very_rare_outcome,very_rare_outcome,0.25,hist_roas,pct_of_oracle_incremental,33.336854037223034,11.025692165811005,26.15287730076487,40.09550294032872,8,,33.336854037223034,0.04986424275000438,0.0011651882500700126,0.24739273428854652
lead_very_rare_outcome,very_rare_outcome,0.25,last_click_attribution,pct_of_oracle_incremental,28.685979367972983,6.669805295977671,24.03986903993692,32.536278693882174,8,,28.685979367972983,0.05710053250015786,0.0029460279999966,0.24695221215128502
lead_very_rare_outcome,very_rare_outcome,0.25,existing_policy_capped,pct_of_oracle_incremental,26.684368732803456,7.505960956556336,21.817723779240275,31.431801415191625,8,,26.684368732803456,0.0,0.0,0.2501272051860375
lead_very_rare_outcome,very_rare_outcome,0.25,fifo,pct_of_oracle_incremental,24.30487161995549,7.758717609155798,18.871885779244366,28.955032982824818,8,,24.30487161995549,0.045984709624804,0.00137948150018015,0.24788685062845964
lead_very_rare_outcome,very_rare_outcome,0.25,lowest_cpl,pct_of_oracle_incremental,23.655611348905154,18.031248883314067,11.134510199152347,34.317726205883666,8,,23.655611348905154,0.043303703625269876,0.00086680749984675,0.2467264037141983
lead_very_rare_outcome,very_rare_outcome,0.25,class_transformation,pct_of_oracle_incremental,23.12151127380733,7.973419706792806,17.299402164207418,27.667167261689904,8,,23.12151127380733,2.070606621875072,0.2223315999999613,0.2476343120876916
lead_very_rare_outcome,very_rare_outcome,0.25,random,pct_of_oracle_incremental,20.033330317192927,11.409859867681634,12.881008863163991,27.58843671813989,8,,20.033330317192927,0.04349600024988827,0.0009647757499350875,0.24695893156020182
lead_very_rare_outcome,very_rare_outcome,0.25,existing_policy_replay,pct_of_oracle_incremental,19.35735769084929,13.008856774583926,11.603140332724928,28.37246329239472,8,,19.35735769084929,0.0,0.0,0.24910779419911705
lead_very_rare_outcome,very_rare_outcome,0.25,call_everyone,pct_of_oracle_incremental,18.454651005593984,11.221595419566803,10.946390885709206,25.26243723532192,8,,18.454651005593984,0.0401708416251267,0.005660839125084687,0.247854276704337
lead_very_rare_outcome,very_rare_outcome,0.25,do_nothing,pct_of_oracle_incremental,0.0,0.0,0.0,0.0,8,,0.0,1.7343749050269253e-06,0.0001950022499385625,0.0
