scenario,regime,capacity_ratio,candidate,metric,mean,sd,ci_low,ci_high,n_seeds,family,pct_of_oracle_incremental,fit_seconds,predict_seconds,share_treated
abl_agent_time_heterogeneity,agent_time_heterogeneity,0.25,oracle,incremental_net_value_per_1k,116546.84429275885,35075.366460306424,92939.99735271015,143716.97385797973,6,,100.0,1.6044999332128402e-06,0.0005524576666478333,0.35847459891045413
abl_agent_time_heterogeneity,agent_time_heterogeneity,0.25,propensity_ev_gbm,incremental_net_value_per_1k,67822.21870290823,21759.891712962566,53433.17641901511,84883.70069060814,6,,58.54880592737067,1.6370232718330346,0.2500715371667563,0.22716960541786213
abl_agent_time_heterogeneity,agent_time_heterogeneity,0.25,t_learner,incremental_net_value_per_1k,62775.672929201595,22706.75938795288,49007.53688711378,81514.62182810508,6,,53.59016942497461,2.403046004499932,0.3073826821664625,0.24810631195370772
abl_agent_time_heterogeneity,agent_time_heterogeneity,0.25,abl_t_learner_no_value_model,incremental_net_value_per_1k,60449.04855919548,17596.777031403864,50203.58201259391,75275.91524648143,6,,52.46985864838402,2.065325601333219,0.2264425171667123,0.2583760455339788
abl_agent_time_heterogeneity,agent_time_heterogeneity,0.25,abl_propensity_ev_no_value_model,incremental_net_value_per_1k,58594.39745331059,15661.097972712156,47486.31371221084,70147.27669258676,6,,51.85084114871594,1.3368934761665514,0.17009634333317078,0.23658449038877383
abl_agent_time_heterogeneity,agent_time_heterogeneity,0.25,abl_t_learner_no_effort_model,incremental_net_value_per_1k,57910.38256683379,22028.86691505432,44469.981151330794,76018.80300584868,6,,49.182713332196016,1.953974604166433,0.24714036950020576,0.2005081236560566
abl_agent_time_heterogeneity,agent_time_heterogeneity,0.25,abl_t_learner_no_optimizer,incremental_net_value_per_1k,56661.06741435846,19572.969380224673,44329.22124928611,72191.02746713687,6,,48.462315416317175,2.4026840110000194,0.3076955044995581,0.195868587074555
abl_agent_time_heterogeneity,agent_time_heterogeneity,0.25,abl_propensity_ev_no_effort_model,incremental_net_value_per_1k,52452.984253247814,16004.759732236009,41616.95438099353,64618.089429737236,6,,45.68074920557137,1.2732575476672234,0.1867614761661874,0.1722496359557956
abl_agent_time_heterogeneity,agent_time_heterogeneity,0.25,abl_propensity_ev_no_optimizer,incremental_net_value_per_1k,51087.932229283906,13943.845894776712,41421.11754208143,61197.33577334723,6,,44.90200863829918,1.6816124468332418,0.25117093533269025,0.1697746220563662
abl_agent_time_heterogeneity,agent_time_heterogeneity,0.25,hist_profit_per_agent_hour,incremental_net_value_per_1k,45176.188137922996,13105.014744387305,36014.46885981556,54913.15620901283,6,,39.00471352446674,0.054249941333485624,0.0012766728332280334,0.24493679408339508
abl_capacity_value_heterogeneity,capacity_value_heterogeneity,0.25,oracle,incremental_net_value_per_1k,221114.69133690782,62511.78389815492,173316.50709275552,264600.0341490778,6,,100.0,1.451667230867315e-06,0.0005432736661532166,0.3533600847028911
abl_capacity_value_heterogeneity,capacity_value_heterogeneity,0.25,abl_t_learner_no_value_model,incremental_net_value_per_1k,152344.61933014044,59342.04997724342,108779.60796552362,194665.9246892736,6,,67.36474863144734,2.1734636129998157,0.2280384989996188,0.3075670186844
abl_capacity_value_heterogeneity,capacity_value_heterogeneity,0.25,t_learner,incremental_net_value_per_1k,140835.9714257045,55484.76380003799,101736.99694525915,181841.66011665657,6,,62.727498622390755,2.4911295576666816,0.3089271386667557,0.29437259016128264
abl_capacity_value_heterogeneity,capacity_value_heterogeneity,0.25,abl_propensity_ev_no_value_model,incremental_net_value_per_1k,136321.13083872283,62800.77338548163,90143.85285353231,180572.49454748482,6,,59.89328537396326,1.3824706139997336,0.17162880600001998,0.27149859089426626
abl_capacity_value_heterogeneity,capacity_value_heterogeneity,0.25,abl_t_learner_no_optimizer,incremental_net_value_per_1k,116670.43551241259,50914.623295378515,81093.70084014015,154713.4814412893,6,,51.751582754139285,2.483981896499851,0.3094744741671699,0.250156799128843
abl_capacity_value_heterogeneity,capacity_value_heterogeneity,0.25,abl_t_learner_no_effort_model,incremental_net_value_per_1k,114708.26366265549,48545.40707711647,81465.29959434841,151632.3162404875,6,,51.02822531257576,2.0668138949998442,0.2419152908335794,0.23982010723394442
abl_capacity_value_heterogeneity,capacity_value_heterogeneity,0.25,propensity_ev_gbm,incremental_net_value_per_1k,112398.93537454527,55527.977098348594,77685.87544942166,157404.40993886688,6,,50.04151042369048,1.7296351433330226,0.2516785251667291,0.25381459326484507
abl_capacity_value_heterogeneity,capacity_value_heterogeneity,0.25,abl_propensity_ev_no_effort_model,incremental_net_value_per_1k,80499.35220634016,48573.58562432708,51811.285989494354,120253.08354622859,6,,35.29946570843083,1.2648101254999347,0.1943131659997258,0.19706100953655326
abl_capacity_value_heterogeneity,capacity_value_heterogeneity,0.25,abl_propensity_ev_no_optimizer,incremental_net_value_per_1k,80054.22880408044,48624.94839848573,51639.71949901167,119968.55362861592,6,,35.10147351025361,1.7005595835001561,0.25226548699993145,0.19341919989957435
abl_capacity_value_heterogeneity,capacity_value_heterogeneity,0.25,hist_profit_per_agent_hour,incremental_net_value_per_1k,66858.70167845,17987.129968457473,53705.73254650168,80142.55477471236,6,,30.604161741873384,0.05525463616716778,0.0012750439997640832,0.24560383174513226
abl_propensity_not_uplift,propensity_not_uplift,0.25,oracle,incremental_net_value_per_1k,76546.96914326512,21273.439955355152,61232.70813466535,92036.81177109167,6,,100.0,1.7311670793181595e-06,0.0005164950001319834,0.30332632113390906
abl_propensity_not_uplift,propensity_not_uplift,0.25,t_learner,incremental_net_value_per_1k,38128.52613241653,15069.520212780213,27340.90379803911,48734.67991253865,6,,48.272009692359525,2.4468509395001092,0.29993930266694707,0.24853677323476656
abl_propensity_not_uplift,propensity_not_uplift,0.25,abl_t_learner_no_optimizer,incremental_net_value_per_1k,37618.23691489625,15339.251615564157,26527.90116129862,48551.34499725937,6,,47.41261360729407,2.447370375666651,0.2934325483335366,0.24688271486034372
abl_propensity_not_uplift,propensity_not_uplift,0.25,abl_t_learner_no_effort_model,incremental_net_value_per_1k,37605.414401999304,15315.429990529588,26523.552916180193,48519.91964584377,6,,47.40198565598829,2.021861465833657,0.23707695383382088,0.24643636418449902
abl_propensity_not_uplift,propensity_not_uplift,0.25,abl_t_learner_no_value_model,incremental_net_value_per_1k,37124.25865572019,14042.009607182737,27231.350524101563,47594.19425945807,6,,47.41478705241684,2.1108998224999596,0.21700657666648715,0.24805496877975677
abl_propensity_not_uplift,propensity_not_uplift,0.25,hist_profit_per_agent_hour,incremental_net_value_per_1k,28794.283185772758,13628.326657740818,17560.439755633295,36864.8920523037,6,,35.88081023263608,0.055481304666500315,0.0012806613334153168,0.24943859194050225
abl_propensity_not_uplift,propensity_not_uplift,0.25,propensity_ev_gbm,incremental_net_value_per_1k,28482.935638390973,15167.248862642302,16791.480261177057,38952.23632994984,6,,34.81903133133752,1.666874178500014,0.24066962366669023,0.24889414841252355
abl_propensity_not_uplift,propensity_not_uplift,0.25,abl_propensity_ev_no_effort_model,incremental_net_value_per_1k,28277.052041745363,13904.802101973642,17579.934070735602,37873.17081593404,6,,34.94701312673845,1.2539365805002187,0.19044031066672076,0.2466102270311602
abl_propensity_not_uplift,propensity_not_uplift,0.25,abl_propensity_ev_no_optimizer,incremental_net_value_per_1k,28196.013706174806,13944.870349063218,17478.03794052318,37838.385508625215,6,,34.808651992042826,1.6530663608333878,0.2441411291665645,0.24645241372668217
abl_propensity_not_uplift,propensity_not_uplift,0.25,abl_propensity_ev_no_value_model,incremental_net_value_per_1k,24289.805366948338,10026.268518355513,17172.545248545994,31371.625944944786,6,,31.03641435644316,1.325368460333569,0.16456699433304792,0.24722776121597842
abl_sparse,sparse,0.25,oracle,incremental_net_value_per_1k,124763.42017396139,21944.2390220784,108846.91499244321,140679.92535547962,6,,100.0,1.5721667902350116e-06,0.0005352751671428333,0.3022775353872332
abl_sparse,sparse,0.25,abl_propensity_ev_no_optimizer,incremental_net_value_per_1k,75590.98162111483,14520.575193521088,66283.21232468289,87106.56036418161,6,,60.7845430101269,1.6367467068333401,0.2546480261656446,0.2470226543392343
abl_sparse,sparse,0.25,abl_propensity_ev_no_effort_model,incremental_net_value_per_1k,75535.98362831034,14529.70476539243,66241.1386628578,87051.53443606595,6,,60.74226556897437,1.2464758578328958,0.19421376083391806,0.24720222770262054
abl_sparse,sparse,0.25,propensity_ev_gbm,incremental_net_value_per_1k,74831.95636964665,13139.16217922847,66219.88235272358,84942.3853567324,6,,60.269982279330556,1.6541753878330685,0.25106733633280476,0.24825417793688662
abl_sparse,sparse,0.25,abl_propensity_ev_no_value_model,incremental_net_value_per_1k,69920.88915357598,13296.327544543998,60807.45670461865,79635.63315628732,6,,56.10705384981637,1.306881461999789,0.16349662949960472,0.24839615443462834
abl_sparse,sparse,0.25,t_learner,incremental_net_value_per_1k,66919.40193374355,10069.8032984098,60616.730307558195,74968.46799778519,6,,54.126725267923405,2.438876919333476,0.303517718666626,0.2485371674331275
abl_sparse,sparse,0.25,abl_t_learner_no_effort_model,incremental_net_value_per_1k,66377.27725981058,10977.95072846315,59519.49824592923,75213.88931633225,6,,53.73043500221109,2.016339274500145,0.24526224133417904,0.2477567871658314
abl_sparse,sparse,0.25,abl_t_learner_no_optimizer,incremental_net_value_per_1k,66068.53267928524,10621.088236277728,59334.40660963486,74567.90389966663,6,,53.51303393097703,2.4026189976669534,0.30050691333356855,0.2472639145323149
abl_sparse,sparse,0.25,abl_t_learner_no_value_model,incremental_net_value_per_1k,62941.264067922144,11630.51351661199,55170.07838137537,71933.9293144264,6,,50.627870066862364,2.0643184086660162,0.219669305000328,0.24784380397968156
abl_sparse,sparse,0.25,hist_profit_per_agent_hour,incremental_net_value_per_1k,54098.3768072178,8846.93536598505,48832.91852613894,61294.22571414349,6,,43.65709084124476,0.05507231050008457,0.0012587458328804167,0.2482551842448164
abl_value_heterogeneity,value_heterogeneity,0.25,oracle,incremental_net_value_per_1k,218462.27806771084,69667.53846636995,171875.23403855032,272423.11672457715,6,,100.0,1.485333693077943e-06,0.00056806483341155,0.29605411581697577
abl_value_heterogeneity,value_heterogeneity,0.25,abl_propensity_ev_no_optimizer,incremental_net_value_per_1k,115439.23422288698,29632.312973488577,96049.61179864919,138931.4274176054,6,,53.97820212426816,1.6692533838331656,0.24782258266683735,0.24609270806622063
abl_value_heterogeneity,value_heterogeneity,0.25,abl_propensity_ev_no_effort_model,incremental_net_value_per_1k,115116.5697965172,29706.45371799909,96049.12476727995,138640.5418192598,6,,53.81223289922257,1.2504864605004211,0.19092059666672867,0.24600665832974986
abl_value_heterogeneity,value_heterogeneity,0.25,propensity_ev_gbm,incremental_net_value_per_1k,114602.12725033633,30714.922724360174,94904.6632266742,139580.17977742964,6,,53.378796717367614,1.649026003833266,0.2475047734997133,0.24788591677899333
abl_value_heterogeneity,value_heterogeneity,0.25,t_learner,incremental_net_value_per_1k,111156.31106603688,49685.1993628076,82145.1881039537,151540.81896349342,6,,50.44755973570155,2.4047959881666734,0.3003758943335318,0.2476654415667999
abl_value_heterogeneity,value_heterogeneity,0.25,abl_t_learner_no_optimizer,incremental_net_value_per_1k,110425.94704835334,46624.04345195832,83772.60395063738,149525.76308816628,6,,50.30590329503243,2.3661340661662202,0.30324124816646264,0.24627787402065635
abl_value_heterogeneity,value_heterogeneity,0.25,abl_t_learner_no_effort_model,incremental_net_value_per_1k,110231.47725956968,46731.478135483296,83470.38966174847,149550.9121943301,6,,50.20548152075299,1.9755458468331806,0.2468522811668663,0.24603394902813117
abl_value_heterogeneity,value_heterogeneity,0.25,abl_propensity_ev_no_value_model,incremental_net_value_per_1k,107773.35122076969,23834.98274144999,93338.18081689026,126989.39182187286,6,,51.17641619876729,1.3180716029998318,0.16720047750004594,0.24797052023171395
abl_value_heterogeneity,value_heterogeneity,0.25,abl_t_learner_no_value_model,incremental_net_value_per_1k,106345.61397460027,45402.588312802094,79846.73609589519,141594.3062994466,6,,48.91693816089933,2.0644790456666064,0.2265349913332102,0.24755960172142577
abl_value_heterogeneity,value_heterogeneity,0.25,hist_profit_per_agent_hour,incremental_net_value_per_1k,77278.25740583181,25195.567639090685,58843.51521515474,95061.3494814564,6,,35.36381971574452,0.05482779233352627,0.00126283499927615,0.24911065336371654
bayes_hidden_confounding_n5000,hidden_confounding,0.25,oracle,incremental_net_value_per_1k,108771.2920929894,36954.48854141742,74052.77261092704,141572.60476795863,4,,100.0,3.101250513282139e-06,0.0003903990000253,0.29780717179372274
bayes_hidden_confounding_n5000,hidden_confounding,0.25,propensity_ev_gbm_bootstrap_lcb25,incremental_net_value_per_1k,59597.73678361911,32226.664514813183,35552.509102196425,90320.09554409774,4,,52.5115149034254,5.67360160050066,0.3971146515000328,0.25167245454741755
bayes_hidden_confounding_n5000,hidden_confounding,0.25,propensity_ev_gbm,incremental_net_value_per_1k,58145.339910454386,34454.18564650896,34219.0033240916,90083.96580811508,4,,50.751633437099215,0.808524174500235,0.05495042625034325,0.25451539899982545
bayes_hidden_confounding_n5000,hidden_confounding,0.25,propensity_ev_gbm_bootstrap,incremental_net_value_per_1k,58145.339910454386,34454.18564650896,34219.0033240916,90083.96580811508,4,,50.751633437099215,5.67360160050066,0.3971146515000328,0.25451539899982545
bayes_hidden_confounding_n5000,hidden_confounding,0.25,bayes_hierarchical_lcb25,incremental_net_value_per_1k,53435.94126190113,22640.674424665354,33110.076885714974,74446.67864370687,4,,47.9918004630644,33.34087350650043,0.09175853699980503,0.24541522416231148
bayes_hidden_confounding_n5000,hidden_confounding,0.25,bayes_hierarchical,incremental_net_value_per_1k,52633.66795009846,21873.450074284527,38176.53173486602,67090.8041653309,8,,46.83051523689599,32.74798127574991,0.08987810250005164,0.24681492841188662
bayes_hidden_confounding_n5000,hidden_confounding,0.25,bayes_hierarchical_lcb10,incremental_net_value_per_1k,51143.76608564293,23551.93974378309,33561.01456463603,71699.08645129952,4,,45.90662428273773,33.34087350650043,0.09175853699980503,0.24621171116701954
bayes_hidden_confounding_n5000,hidden_confounding,0.25,abl_bayes_no_hierarchy,incremental_net_value_per_1k,49597.804445534406,19870.989063867863,32166.367320695164,65050.059076609774,4,,44.748934081461215,20.23893247074966,0.07415581824989198,0.2510514468830935
bayes_hidden_confounding_n5000,hidden_confounding,0.25,propensity_ev_gbm_bootstrap_lcb10,incremental_net_value_per_1k,48112.29277135049,14934.587205941412,35523.309927843344,59473.14722589481,4,,44.76449024987761,5.67360160050066,0.3971146515000328,0.25207584439117153
bayes_hidden_confounding_n5000,hidden_confounding,0.25,t_learner,incremental_net_value_per_1k,44444.91808723023,13301.577465907048,34000.320308195165,54889.51586626529,4,,41.704000047047735,1.0503434222496253,0.0654129054996701,0.25512079213605293
bayes_hidden_confounding_n5000,hidden_confounding,0.25,hist_profit_per_agent_hour,incremental_net_value_per_1k,41497.46561239251,5362.596749189792,36983.63347550876,46011.29774927626,4,,41.48472584507485,0.029517040999507974,0.000866118000430975,0.2425736584010639
bayes_hidden_confounding_n5000,hidden_confounding,0.25,propensity_ev_gbm_bootstrap_abstain50,incremental_net_value_per_1k,35722.13465981663,25455.555457036346,15136.967348342985,59670.47644973632,4,,29.504761831836227,5.67360160050066,0.3971146515000328,0.14889192275706198
bayes_hidden_confounding_n5000,hidden_confounding,0.25,bayes_hierarchical_abstain50,incremental_net_value_per_1k,29248.010108404058,24186.787769413302,12198.786942295763,53307.61049164753,4,,23.99156701536873,33.34087350650043,0.09175853699980503,0.13656035717174725
bayes_hidden_confounding_n5000,hidden_confounding,0.25,propensity_ev_gbm_bootstrap_abstain25,incremental_net_value_per_1k,11773.608514662812,7972.795690050723,5581.460427741635,18037.553108683704,4,,10.62815747594746,5.67360160050066,0.3971146515000328,0.07766554683207588
bayes_hidden_confounding_n5000,hidden_confounding,0.25,bayes_hierarchical_abstain25,incremental_net_value_per_1k,7633.12473727585,4970.84522165754,2857.1154677029995,11323.145376672492,4,,6.259527929876594,33.34087350650043,0.09175853699980503,0.06634769960761505
bayes_propensity_not_uplift_n5000,propensity_not_uplift,0.25,oracle,incremental_net_value_per_1k,87226.06655325,14999.807813703346,73405.15151140234,98450.39401574127,4,,100.0,3.3792493923101574e-06,0.000351718500041825,0.3032675696557684
bayes_propensity_not_uplift_n5000,propensity_not_uplift,0.25,bayes_hierarchical_lcb25,incremental_net_value_per_1k,47169.24671835225,6133.540172569233,42508.5670866186,52790.69211649094,4,,54.92546148648202,36.091457974749574,0.085367122250318,0.24785614078740562
bayes_propensity_not_uplift_n5000,propensity_not_uplift,0.25,bayes_hierarchical,incremental_net_value_per_1k,46879.74589386438,5714.233110897949,43516.30971558984,50816.600246924194,8,,54.734814074001385,36.27357651862485,0.08550793612516822,0.24806713785647122
bayes_propensity_not_uplift_n5000,propensity_not_uplift,0.25,bayes_hierarchical_lcb10,incremental_net_value_per_1k,45171.84872444792,7292.255336249054,41074.59904448053,52484.17197480514,4,,53.096661228338725,36.091457974749574,0.085367122250318,0.2474487911147954
bayes_propensity_not_uplift_n5000,propensity_not_uplift,0.25,t_learner,incremental_net_value_per_1k,38617.133321304245,15132.74895510125,26076.204075505244,51158.06256710325,4,,43.42298249109612,1.1016674392494679,0.06834990800007285,0.24864091547208161
bayes_propensity_not_uplift_n5000,propensity_not_uplift,0.25,abl_bayes_no_hierarchy,incremental_net_value_per_1k,38500.947595927355,13855.024429385236,27052.077641821237,49949.81755003348,4,,43.95094463783489,17.522064786499868,0.07762177274980782,0.24968874310966443
bayes_propensity_not_uplift_n5000,propensity_not_uplift,0.25,propensity_ev_gbm,incremental_net_value_per_1k,34886.6518203741,4870.051636877147,30686.818374961935,39086.485265786265,4,,41.41814555774285,0.8160114210004394,0.0548166305006816,0.2504706951945962
bayes_propensity_not_uplift_n5000,propensity_not_uplift,0.25,propensity_ev_gbm_bootstrap,incremental_net_value_per_1k,34886.6518203741,4870.051636877147,30686.818374961935,39086.485265786265,4,,41.41814555774285,5.629311445249186,0.3724993267496757,0.2504706951945962
bayes_propensity_not_uplift_n5000,propensity_not_uplift,0.25,bayes_hierarchical_abstain50,incremental_net_value_per_1k,34765.31896324434,6947.919529755936,29217.235076371726,40313.402850116945,4,,40.179558156353224,36.091457974749574,0.085367122250318,0.1482488727324816
bayes_propensity_not_uplift_n5000,propensity_not_uplift,0.25,propensity_ev_gbm_bootstrap_lcb25,incremental_net_value_per_1k,31259.1760600571,3606.00540381848,28865.970086804908,34909.82081462839,4,,36.647294241243756,5.629311445249186,0.3724993267496757,0.24948242117751165
bayes_propensity_not_uplift_n5000,propensity_not_uplift,0.25,propensity_ev_gbm_bootstrap_lcb10,incremental_net_value_per_1k,29533.560638396528,1104.4134377751668,28647.600847841182,30419.520428951866,4,,34.796500010052604,5.629311445249186,0.3724993267496757,0.2484747754266421
bayes_propensity_not_uplift_n5000,propensity_not_uplift,0.25,hist_profit_per_agent_hour,incremental_net_value_per_1k,25790.446599594477,6643.283493203325,19177.714634303044,30349.450549604746,4,,30.158196207052377,0.0283933045002413,0.000885568249941525,0.2403535055504759
bayes_propensity_not_uplift_n5000,propensity_not_uplift,0.25,propensity_ev_gbm_bootstrap_abstain50,incremental_net_value_per_1k,19415.54456768513,7135.576873376131,13754.154958147448,25076.934177222807,4,,23.971643617955767,5.629311445249186,0.3724993267496757,0.16269226385921043
bayes_propensity_not_uplift_n5000,propensity_not_uplift,0.25,propensity_ev_gbm_bootstrap_abstain25,incremental_net_value_per_1k,7898.496831447792,9373.796185501287,423.32343879973223,15209.73817216859,4,,10.216984243006767,5.629311445249186,0.3724993267496757,0.0809239389666222
bayes_propensity_not_uplift_n5000,propensity_not_uplift,0.25,bayes_hierarchical_abstain25,incremental_net_value_per_1k,6670.980332104575,3922.608555521149,3474.9872968334603,9866.97336737569,4,,8.021011905120782,36.091457974749574,0.085367122250318,0.052115283179393054
bayes_sparse_n5000,sparse,0.25,oracle,incremental_net_value_per_1k,143620.67162515558,54321.665473997746,107402.01382802933,194698.39441916137,4,,100.0,2.8072495297237765e-06,0.00033487024938945,0.3002075555243106
bayes_sparse_n5000,sparse,0.25,bayes_hierarchical_lcb10,incremental_net_value_per_1k,83905.72201262979,19187.508039866352,68480.96871499259,99330.47531026701,4,,61.735815769194886,55.487940899500245,0.09383857974989948,0.25165039761963254
bayes_sparse_n5000,sparse,0.25,bayes_hierarchical,incremental_net_value_per_1k,83803.56829129765,15960.432852702897,73438.35355797001,94143.11793373375,8,,61.17519590614428,53.76521750374991,0.09168887262489983,0.24941245983902804
bayes_sparse_n5000,sparse,0.25,bayes_hierarchical_lcb25,incremental_net_value_per_1k,83091.17676140324,15164.96273326406,70907.64246096672,95274.7110618398,4,,61.22644716406019,55.487940899500245,0.09383857974989948,0.2490190393238822
bayes_sparse_n5000,sparse,0.25,propensity_ev_gbm,incremental_net_value_per_1k,77836.89625015216,22443.20571015227,61519.06666563726,97749.61085557146,4,,55.32857993210656,0.9328615887498017,0.06371069375018121,0.24621899530162766
bayes_sparse_n5000,sparse,0.25,propensity_ev_gbm_bootstrap,incremental_net_value_per_1k,77836.89625015216,22443.20571015227,61519.06666563726,97749.61085557146,4,,55.32857993210656,6.229438537749957,0.4381987912497607,0.24621899530162766
bayes_sparse_n5000,sparse,0.25,propensity_ev_gbm_bootstrap_lcb10,incremental_net_value_per_1k,74229.9830086466,30151.320013682445,52001.61599249553,100201.14240480967,4,,51.352817435960645,6.229438537749957,0.4381987912497607,0.2454240319904558
bayes_sparse_n5000,sparse,0.25,propensity_ev_gbm_bootstrap_lcb25,incremental_net_value_per_1k,73094.10105015842,28589.554565710656,51962.27317647695,97638.36691797493,4,,50.68713080482361,6.229438537749957,0.4381987912497607,0.24663849019420653
bayes_sparse_n5000,sparse,0.25,bayes_hierarchical_abstain50,incremental_net_value_per_1k,69597.65593836071,20613.764926311538,49979.491586169905,84373.27926865588,4,,50.11086661825898,55.487940899500245,0.09383857974989948,0.1924371300725074
bayes_sparse_n5000,sparse,0.25,abl_bayes_no_hierarchy,incremental_net_value_per_1k,69439.47727251834,24092.451856841482,51077.59752756032,89683.92917270785,4,,48.895670754697974,23.99933613750045,0.0816516552499706,0.24947607185524606
bayes_sparse_n5000,sparse,0.25,t_learner,incremental_net_value_per_1k,67916.2179289569,32995.275080886575,42422.86094529679,100388.66828974367,4,,46.10322038036953,1.1124099744997693,0.06628211324959918,0.2443633548037289
bayes_sparse_n5000,sparse,0.25,propensity_ev_gbm_bootstrap_abstain50,incremental_net_value_per_1k,59250.658824460166,12145.17591306153,48486.494263947636,68160.80134433944,4,,43.632758035405374,6.229438537749957,0.4381987912497607,0.18022478296832894
bayes_sparse_n5000,sparse,0.25,hist_profit_per_agent_hour,incremental_net_value_per_1k,57358.840040914634,16756.28660645577,40705.279281871844,69291.54526090615,4,,41.85838383070858,0.03292074524961205,0.0010305227501702999,0.2510242186018285
bayes_sparse_n5000,sparse,0.25,propensity_ev_gbm_bootstrap_abstain25,incremental_net_value_per_1k,34741.24016334586,13846.178397147141,23351.853133943237,46130.627192748485,4,,24.72359230538754,6.229438537749957,0.4381987912497607,0.09101106105501337
bayes_sparse_n5000,sparse,0.25,bayes_hierarchical_abstain25,incremental_net_value_per_1k,24612.652683634173,9928.400022788033,14910.215474468307,30528.28894071166,4,,17.84282200442274,55.487940899500245,0.09383857974989948,0.09756225906257197
bayes_very_rare_outcome_n5000,very_rare_outcome,0.25,oracle,incremental_net_value_per_1k,19188.808894422178,9946.096563002957,12814.751498373791,28996.10070276032,4,,100.0,3.648000074463198e-06,0.00043788949960794996,0.2856102867144875
bayes_very_rare_outcome_n5000,very_rare_outcome,0.25,propensity_ev_gbm,incremental_net_value_per_1k,13822.238403534437,11993.093284081107,5171.726885008297,24570.584879397866,4,,65.42120155395854,0.5059380287498243,0.035217531500620604,0.24946939348294983
bayes_very_rare_outcome_n5000,very_rare_outcome,0.25,propensity_ev_gbm_bootstrap,incremental_net_value_per_1k,13822.238403534437,11993.093284081107,5171.726885008297,24570.584879397866,4,,65.42120155395854,2.996376831500129,0.23111011150012928,0.24946939348294983
bayes_very_rare_outcome_n5000,very_rare_outcome,0.25,propensity_ev_gbm_bootstrap_lcb10,incremental_net_value_per_1k,12402.72104961312,11727.767123706346,3631.3318832359346,22498.640112399276,4,,58.43261755889655,2.996376831500129,0.23111011150012928,0.18291688505519366
bayes_very_rare_outcome_n5000,very_rare_outcome,0.25,propensity_ev_gbm_bootstrap_lcb25,incremental_net_value_per_1k,12378.51168776399,11723.68157495787,3441.235493303136,22471.877407770953,4,,58.53051231399308,2.996376831500129,0.23111011150012928,0.19941476420399218
bayes_very_rare_outcome_n5000,very_rare_outcome,0.25,bayes_hierarchical_lcb10,incremental_net_value_per_1k,12060.331783575779,11975.794758139702,2374.6417370937147,23765.76290282836,4,,57.623294987156314,20.96920982975007,0.07221833299990969,0.19720617846466204
bayes_very_rare_outcome_n5000,very_rare_outcome,0.25,bayes_hierarchical,incremental_net_value_per_1k,11998.090682229416,10469.145553851055,5872.48733783299,19318.362567095734,8,,55.75826154232577,21.24606436399995,0.072759948249768,0.24846429341314497
bayes_very_rare_outcome_n5000,very_rare_outcome,0.25,bayes_hierarchical_lcb25,incremental_net_value_per_1k,11194.778179064659,12260.708400849362,2022.3050746734489,23105.25924866677,4,,50.31161416969816,20.96920982975007,0.07221833299990969,0.21367735299596566
bayes_very_rare_outcome_n5000,very_rare_outcome,0.25,abl_bayes_no_hierarchy,incremental_net_value_per_1k,10437.377964083664,11842.140039724078,1248.4263367804517,21966.842847770324,4,,46.77028236588087,11.773916771500353,0.06700017599951022,0.2480502244221668
bayes_very_rare_outcome_n5000,very_rare_outcome,0.25,hist_profit_per_agent_hour,incremental_net_value_per_1k,10412.991222256802,7573.349525400692,5958.898974311249,17767.56782782753,4,,51.62511630056776,0.0281289180002204,0.00087455700031565,0.24602132711715508
bayes_very_rare_outcome_n5000,very_rare_outcome,0.25,propensity_ev_gbm_bootstrap_abstain50,incremental_net_value_per_1k,8955.564520146081,8565.981582188007,2306.043614497481,16845.1556542858,4,,42.27678272926759,2.996376831500129,0.23111011150012928,0.09409978777707179
bayes_very_rare_outcome_n5000,very_rare_outcome,0.25,t_learner,incremental_net_value_per_1k,8304.407656906942,9804.984248214367,411.75496939901564,16197.06034441487,4,,35.790444433432675,0.5844723447498836,0.04059456475033583,0.24845670259906502
bayes_very_rare_outcome_n5000,very_rare_outcome,0.25,propensity_ev_gbm_bootstrap_abstain25,incremental_net_value_per_1k,5462.40673486296,8449.222879873438,588.7443374378882,13896.47658436729,4,,20.01313954030136,2.996376831500129,0.23111011150012928,0.043992373409990744
bayes_very_rare_outcome_n5000,very_rare_outcome,0.25,bayes_hierarchical_abstain50,incremental_net_value_per_1k,164.4625578582891,331.91980046853087,-3.361455268168058,496.74912884303535,4,,0.9776136535656769,20.96920982975007,0.07221833299990969,0.0016197991515368999
bayes_very_rare_outcome_n5000,very_rare_outcome,0.25,bayes_hierarchical_abstain25,incremental_net_value_per_1k,-3.7877519205188124,7.575503841037626,-11.363255761556438,0.0,4,,-0.022586101667854224,20.96920982975007,0.07221833299990969,0.0008084074373484
lead_agent_time_heterogeneity,agent_time_heterogeneity,0.25,oracle,incremental_net_value_per_1k,108012.52265282796,34131.750276161954,88095.96952309815,132012.07190487822,8,,100.0,2.2174997411639197e-06,0.0004786301249168375,0.35363734130479263
lead_agent_time_heterogeneity,agent_time_heterogeneity,0.25,propensity_ev_logit,incremental_net_value_per_1k,65928.1150599475,20702.466932571686,53417.0323274701,79863.3589073296,8,,61.27261680983104,1.043868502499663,0.19688851800037807,0.2246691155130984
lead_agent_time_heterogeneity,agent_time_heterogeneity,0.25,s_learner,incremental_net_value_per_1k,65762.44225506092,25692.42409745178,51714.973043628685,84109.96436903047,8,,60.18580404929783,2.416552851000233,0.34472505937492315,0.24542717377031575
lead_agent_time_heterogeneity,agent_time_heterogeneity,0.25,x_learner,incremental_net_value_per_1k,63711.35878045473,24709.487359153856,49586.137440753344,81154.96179384283,8,,58.108234144433276,4.328487377625379,0.5446556699996563,0.27420549691252727
lead_agent_time_heterogeneity,agent_time_heterogeneity,0.25,funnel_ev_gbm,incremental_net_value_per_1k,63639.98512140327,22531.222113229476,50340.584191995506,79084.8977433975,8,,58.7129230879105,3.1824240297503366,0.598035025749823,0.22398585138718885
lead_agent_time_heterogeneity,agent_time_heterogeneity,0.25,propensity_ev_gbm,incremental_net_value_per_1k,62399.7470181429,21241.40272202431,50222.2540860044,77211.25694781245,8,,57.897856185619816,1.8170829413752472,0.2809570309996161,0.22061575150899915
lead_agent_time_heterogeneity,agent_time_heterogeneity,0.25,t_learner,incremental_net_value_per_1k,58025.84236686334,21295.377198032085,46733.975170461366,73328.53779967962,8,,53.50490330729876,2.6253367292495113,0.34131242274975193,0.24336738877334174
lead_agent_time_heterogeneity,agent_time_heterogeneity,0.25,causal_forest,incremental_net_value_per_1k,57488.15034993052,22253.31867733327,43900.71855745616,72408.0258530435,8,,52.50280141666029,26.30407200300033,1.1958156087503085,0.31682894782988147
lead_agent_time_heterogeneity,agent_time_heterogeneity,0.25,dr_learner,incremental_net_value_per_1k,56682.41444080198,22338.014491304857,43243.986915632064,71914.28913068661,8,,51.637224330741965,5.618525959875342,0.238981620375398,0.32720651957593555
lead_agent_time_heterogeneity,agent_time_heterogeneity,0.25,class_transformation,incremental_net_value_per_1k,50570.34411529318,20188.60043151992,38722.23779366357,64427.49259371388,8,,45.91557737641824,2.3249882671252635,0.2752336757498597,0.28928708669663605
lead_agent_time_heterogeneity,agent_time_heterogeneity,0.25,hist_conversion_rate,incremental_net_value_per_1k,44618.40855574109,14352.039183062148,36556.615501227374,54744.80362223168,8,,41.432999198482676,0.047398928875509186,0.0011891098749856124,0.24578557236035156
lead_agent_time_heterogeneity,agent_time_heterogeneity,0.25,hist_profit_per_agent_hour,incremental_net_value_per_1k,42615.04666962262,12234.856376750664,35285.69255589311,50858.15341025916,8,,39.88475891941817,0.055847364749752104,0.00123177925024715,0.2458499387316439
lead_agent_time_heterogeneity,agent_time_heterogeneity,0.25,hist_net_profit,incremental_net_value_per_1k,42277.395902208766,11641.869007307907,35601.63011916063,50293.86708677433,8,,39.77812579486379,0.05318130299997388,0.0012335903752500126,0.24563403050538968
lead_agent_time_heterogeneity,agent_time_heterogeneity,0.25,lead_score_gbm,incremental_net_value_per_1k,39205.093417391516,12997.504833426427,31557.505646163943,48258.46038744258,8,,37.836667295461744,1.765862124625528,0.22456631349973577,0.16001987133332557
lead_agent_time_heterogeneity,agent_time_heterogeneity,0.25,existing_policy_capped,incremental_net_value_per_1k,38860.15200912684,11763.983280692499,31080.013885363165,46187.561244109136,8,,36.06599426641074,0.0,0.0,0.25275006495645214
lead_agent_time_heterogeneity,agent_time_heterogeneity,0.25,lead_score_logit,incremental_net_value_per_1k,38177.00865594668,12784.397193499424,30628.686255864108,47059.143968426615,8,,37.46970861652975,0.9989916942502077,0.18984726037501784,0.15426732693885406
lead_agent_time_heterogeneity,agent_time_heterogeneity,0.25,hist_roas,incremental_net_value_per_1k,37784.1262374742,9870.533867065229,31540.878929764418,44086.68924872801,8,,36.07597769950216,0.05002180299993594,0.0016859195000051251,0.2465665524584981
lead_agent_time_heterogeneity,agent_time_heterogeneity,0.25,lowest_cpl,incremental_net_value_per_1k,35125.27302499103,19083.591529745372,23367.39423340989,47962.26940470777,8,,31.720569837116834,0.04716859724999262,0.000848933874976825,0.24517693890021292
lead_agent_time_heterogeneity,agent_time_heterogeneity,0.25,last_click_attribution,incremental_net_value_per_1k,34138.91563126093,10685.108395936988,27568.711011590876,41277.49003982472,8,,31.755761117306577,0.05345268262499299,0.0025253919998248996,0.2449458910396069
lead_agent_time_heterogeneity,agent_time_heterogeneity,0.25,existing_policy_replay,incremental_net_value_per_1k,31191.339720693795,12181.01190486981,23958.313591632865,39404.30377934151,8,,28.583626718676427,0.0,0.0,0.24756980032815257
lead_agent_time_heterogeneity,agent_time_heterogeneity,0.25,call_everyone,incremental_net_value_per_1k,29722.43014372308,14272.798434401557,21267.90623942901,39569.82502309494,8,,26.724980272543434,0.042971766124765,0.0062399811251907,0.24557952183065895
lead_agent_time_heterogeneity,agent_time_heterogeneity,0.25,random,incremental_net_value_per_1k,29463.064012832918,15223.923240247821,20877.848881387872,40160.81921976333,8,,26.070196531416723,0.0472472348749306,0.000949331000356275,0.2454515603546357
lead_agent_time_heterogeneity,agent_time_heterogeneity,0.25,fifo,incremental_net_value_per_1k,27859.367647874897,11566.92879713401,22174.347004243442,36382.650020534624,8,,25.9296283398427,0.04298499450010235,0.001404718000230725,0.24497270478708533
lead_agent_time_heterogeneity,agent_time_heterogeneity,0.25,do_nothing,incremental_net_value_per_1k,0.0,0.0,0.0,0.0,8,,0.0,1.5627499578840798e-06,0.0001968238748304125,0.0
lead_capacity_value_heterogeneity,capacity_value_heterogeneity,0.25,oracle,incremental_net_value_per_1k,208414.2357701033,61842.726111743534,169474.46922164777,247823.2181153427,8,,100.0,1.9899994185834657e-06,0.0005266046252926875,0.34475877611292916
lead_capacity_value_heterogeneity,capacity_value_heterogeneity,0.25,s_learner,incremental_net_value_per_1k,137412.26583140966,55637.30872671899,102985.22451002148,174462.44436908117,8,,64.32723277425843,2.4561759078746945,0.3545617145000506,0.2930976075021641
lead_capacity_value_heterogeneity,capacity_value_heterogeneity,0.25,x_learner,incremental_net_value_per_1k,137176.37157205452,51636.75802000222,105802.29264788114,172239.8745075421,8,,64.93718135273146,4.439336207625047,0.5357881736251784,0.3165474488391458
lead_capacity_value_heterogeneity,capacity_value_heterogeneity,0.25,causal_forest,incremental_net_value_per_1k,137114.4230363357,55679.67029317633,102790.6244307464,174493.65771977423,8,,64.3931130591363,27.498709399749714,1.22517302700021,0.3291194891002098
lead_capacity_value_heterogeneity,capacity_value_heterogeneity,0.25,dr_learner,incremental_net_value_per_1k,133274.76381952548,52415.231430609725,101331.02475690217,168545.91129783844,8,,62.79320748347806,6.024213990374847,0.25279962012473334,0.3304683489449035
lead_capacity_value_heterogeneity,capacity_value_heterogeneity,0.25,t_learner,incremental_net_value_per_1k,126805.43227076679,54807.68135220146,93542.70134086919,164154.9763422634,8,,59.44554635683795,2.6870037345001947,0.32798349075028455,0.2824985735721337
lead_capacity_value_heterogeneity,capacity_value_heterogeneity,0.25,funnel_ev_gbm,incremental_net_value_per_1k,105405.06990646759,54166.44060655163,75016.07893253118,144180.88036005938,8,,49.5368842260779,3.552134853000098,0.5658316287499474,0.2416153581351854
lead_capacity_value_heterogeneity,capacity_value_heterogeneity,0.25,propensity_ev_gbm,incremental_net_value_per_1k,104672.80397094479,49817.624850607855,77642.39491410693,140658.16202509866,8,,49.6227912675536,1.9303241764998802,0.26975491737539414,0.24084406775222178
lead_capacity_value_heterogeneity,capacity_value_heterogeneity,0.25,class_transformation,incremental_net_value_per_1k,102088.79788184495,47357.623673983566,74352.22664184059,135022.23700895451,8,,47.6479820123712,2.3823034383749473,0.30413092549952125,0.30094563382736866
lead_capacity_value_heterogeneity,capacity_value_heterogeneity,0.25,propensity_ev_logit,incremental_net_value_per_1k,94367.62148418184,52372.44792187952,65686.9566244435,132135.4627187031,8,,44.371280583321784,1.0976565552498414,0.20444297500057468,0.22973713026054898
lead_capacity_value_heterogeneity,capacity_value_heterogeneity,0.25,hist_conversion_rate,incremental_net_value_per_1k,66467.50686584061,17816.895802278996,54579.594629938845,77630.69620447152,8,,32.727964323011975,0.05249689487504834,0.0022124283750599247,0.2468471490948526
lead_capacity_value_heterogeneity,capacity_value_heterogeneity,0.25,hist_profit_per_agent_hour,incremental_net_value_per_1k,65741.43040542136,19087.014238942258,53364.99561749399,77953.91292526288,8,,31.877733265787008,0.059331776125191,0.0011935546249332626,0.24641680236590385
lead_capacity_value_heterogeneity,capacity_value_heterogeneity,0.25,hist_net_profit,incremental_net_value_per_1k,65545.77824431122,19897.690828830924,52719.61674584464,78263.76713405676,8,,31.79086716748312,0.054788852249657766,0.0012258504998498626,0.2457197568860919
lead_capacity_value_heterogeneity,capacity_value_heterogeneity,0.25,hist_roas,incremental_net_value_per_1k,59293.769224733594,22812.109352057647,45357.43285116954,74593.29353961196,8,,28.524157849444727,0.0462884220000887,0.001685471999962775,0.24772614064652043
lead_capacity_value_heterogeneity,capacity_value_heterogeneity,0.25,existing_policy_capped,incremental_net_value_per_1k,54995.19761361464,19628.336367158005,42703.067038883026,67728.58943294694,8,,26.715006463196104,0.0,0.0,0.2521792397650954
lead_capacity_value_heterogeneity,capacity_value_heterogeneity,0.25,lead_score_gbm,incremental_net_value_per_1k,54871.731535939834,35155.894819344554,34887.85266624645,80230.10460155859,8,,26.726500888321286,1.8261026758746084,0.2219421416248224,0.17088043869274894
lead_capacity_value_heterogeneity,capacity_value_heterogeneity,0.25,lead_score_logit,incremental_net_value_per_1k,53721.19460513632,36539.55788037038,34191.51715155358,80833.34206694174,8,,25.992310040143074,1.0439593828753004,0.18463479549996004,0.16567741865168129
lead_capacity_value_heterogeneity,capacity_value_heterogeneity,0.25,lowest_cpl,incremental_net_value_per_1k,50879.41452224138,24355.33598110592,35166.516218658595,66444.20143586594,8,,24.149456060449673,0.04422856974997552,0.0009101286248096125,0.24634886255211907
lead_capacity_value_heterogeneity,capacity_value_heterogeneity,0.25,existing_policy_replay,incremental_net_value_per_1k,48753.04918677432,18033.90477200615,37606.11569053744,61006.92511965611,8,,23.457981306512572,0.0,0.0,0.2473846572099442
lead_capacity_value_heterogeneity,capacity_value_heterogeneity,0.25,call_everyone,incremental_net_value_per_1k,46974.98609286801,11680.19649315116,40020.07650865788,54867.38627053499,8,,23.29683827809987,0.041045510375397457,0.006035440875166338,0.2467379495816353
lead_capacity_value_heterogeneity,capacity_value_heterogeneity,0.25,last_click_attribution,incremental_net_value_per_1k,46771.77449595963,17664.988364327357,35488.16091221245,58138.029419668695,8,,23.924842941443668,0.05407139037515657,0.002470582374371538,0.24585535766743521
lead_capacity_value_heterogeneity,capacity_value_heterogeneity,0.25,random,incremental_net_value_per_1k,46010.823497319674,19842.220493968838,34516.99972962318,59722.21983017031,8,,21.95966632000428,0.0520549838749957,0.0019555229998786,0.2463526083379332
lead_capacity_value_heterogeneity,capacity_value_heterogeneity,0.25,fifo,incremental_net_value_per_1k,40008.27373897151,14297.77830284654,30511.169983180203,48967.33632941025,8,,19.638523832331053,0.04339005362476196,0.0008477293745272125,0.24582316510830715
lead_capacity_value_heterogeneity,capacity_value_heterogeneity,0.25,do_nothing,incremental_net_value_per_1k,0.0,0.0,0.0,0.0,8,,0.0,1.940874653882929e-06,0.00019493562513156248,0.0
lead_concept_drift,concept_drift,0.25,oracle,incremental_net_value_per_1k,2998.0449882310695,3140.443102952283,1111.9568241235781,5117.418173788058,8,,100.0,2.2428750980907353e-06,0.0005260052496396,0.19288945769632374
lead_concept_drift,concept_drift,0.25,propensity_ev_logit,incremental_net_value_per_1k,2294.435103340098,3515.097041104547,192.01701527123254,4666.484694040348,8,,895.6744175396802,0.9132996706250651,0.17705049524965938,0.24817987876644954
lead_concept_drift,concept_drift,0.25,lead_score_logit,incremental_net_value_per_1k,2148.7005437863572,2886.650561661447,396.83840243084387,4076.006490714444,8,,627.31278247823,0.9179022301245823,0.16483238474984313,0.2460932255926465
lead_concept_drift,concept_drift,0.25,propensity_ev_gbm,incremental_net_value_per_1k,2138.1088342838584,3373.389554936564,110.74852137223546,4416.219930012372,8,,888.3127600816211,1.6210862316249859,0.24846853225017185,0.2480713929398815
lead_concept_drift,concept_drift,0.25,funnel_ev_gbm,incremental_net_value_per_1k,2014.2685093431824,3156.4070929687327,135.45101438680842,4164.489319144974,8,,876.581690616272,2.956718298000169,0.5216980778748166,0.2484484570696657
lead_concept_drift,concept_drift,0.25,lead_score_gbm,incremental_net_value_per_1k,1844.0009440034137,2643.131792960081,261.3788365397133,3638.996598225107,8,,619.2189744130551,1.6226443078751345,0.20071929149980855,0.24663335378940338
lead_concept_drift,concept_drift,0.25,s_learner,incremental_net_value_per_1k,1550.9723111805786,2441.9173918823267,53.79163202547484,3168.155064641235,8,,892.6902462739997,2.1397802245001003,0.29978426762477284,0.24783271296016668
lead_concept_drift,concept_drift,0.25,x_learner,incremental_net_value_per_1k,1344.5168152458273,2310.2960107661966,-16.910590277356107,2932.6474120510165,8,,979.7950175312453,3.918752381999866,0.5043878701249014,0.24869659285615892
lead_concept_drift,concept_drift,0.25,dr_learner,incremental_net_value_per_1k,1249.9717443111967,2454.696666674403,-185.9524468458208,2944.5368913964626,8,,1343.7448405381572,5.269236767875327,0.22171236074973416,0.24860038358885855
lead_concept_drift,concept_drift,0.25,causal_forest,incremental_net_value_per_1k,1229.4117311733237,2610.5667049199856,-270.9535171558822,3079.761905271521,8,,1235.425875918052,11.554093402249691,0.9041836424996745,0.24979295507060112
lead_concept_drift,concept_drift,0.25,t_learner,incremental_net_value_per_1k,1049.5187847910265,2194.2248672634328,-257.6821524687611,2543.7986500905918,8,,660.5583939577884,2.3617950643749737,0.3020549398752337,0.24815714681035383
lead_concept_drift,concept_drift,0.25,hist_conversion_rate,incremental_net_value_per_1k,688.5143153689178,1746.3699370998693,-411.1326615542659,1826.4964113043823,8,,339.31304080671606,0.0439530437499797,0.0011722171252585751,0.24872863006413473
lead_concept_drift,concept_drift,0.25,class_transformation,incremental_net_value_per_1k,535.5732007798249,1781.3085015529723,-523.5175018997152,1769.8696052637558,8,,1103.3292331505722,2.207974839375538,0.25799028149981496,0.24845843970781145
lead_concept_drift,concept_drift,0.25,hist_net_profit,incremental_net_value_per_1k,513.1434227767454,1385.0943509390324,-390.9261447242052,1376.329034892316,8,,340.4436911453398,0.05098861237547675,0.0012573466244702625,0.24848894366114582
lead_concept_drift,concept_drift,0.25,hist_profit_per_agent_hour,incremental_net_value_per_1k,509.9254939022171,1382.9985854002343,-394.8943812422125,1369.8931771432594,8,,340.29535588925717,0.055427619249712685,0.0012814211247586626,0.24884143459709318
lead_concept_drift,concept_drift,0.25,hist_roas,incremental_net_value_per_1k,329.3422172114948,1395.87267689505,-526.4790623619124,1259.846900851031,8,,405.1505561189072,0.0464176748746467,0.0011776395001561,0.2478990286852258
lead_concept_drift,concept_drift,0.25,last_click_attribution,incremental_net_value_per_1k,188.39502018016725,1405.118015449022,-683.7995089962192,1108.1007218688676,8,,801.649110496124,0.051285963249711075,0.002587803999858775,0.24722245916343355
lead_concept_drift,concept_drift,0.25,existing_policy_replay,incremental_net_value_per_1k,178.14209531931465,1691.8042863983096,-830.8732185478922,1329.8504056017096,8,,1386.9302390258051,0.0,0.0,0.24910779419911705
lead_concept_drift,concept_drift,0.25,existing_policy_capped,incremental_net_value_per_1k,128.68075375533385,1608.8150943273058,-863.8985604750817,1190.3534474901612,8,,1083.6026275965971,0.0,0.0,0.2509668360977754
lead_concept_drift,concept_drift,0.25,call_everyone,incremental_net_value_per_1k,82.28835946758852,1510.8805770666909,-793.0780595126868,1133.5135383408767,8,,1167.535769952298,0.03739438775050981,0.0060821911251878,0.247854276704337
lead_concept_drift,concept_drift,0.25,do_nothing,incremental_net_value_per_1k,0.0,0.0,0.0,0.0,8,,0.0,2.1821249447384616e-06,0.00020257412529637502,0.0
lead_concept_drift,concept_drift,0.25,fifo,incremental_net_value_per_1k,-37.29985803951274,1397.3880612316148,-817.4879249437962,967.3349002236894,8,,1453.8682873921628,0.043670332124975106,0.000944768875115125,0.24788685062845964
lead_concept_drift,concept_drift,0.25,lowest_cpl,incremental_net_value_per_1k,-165.5373249490442,1316.1403124634717,-952.0550361432926,740.4322546627352,8,,951.6349366681147,0.041927144875444314,0.000910318250134825,0.2467264037141983
lead_concept_drift,concept_drift,0.25,random,incremental_net_value_per_1k,-486.3400073694645,1346.5058703987463,-1184.1951532274552,474.0987016632564,8,,1336.8846763039467,0.04279666362481288,0.0010368001251208,0.24695893156020182
lead_delayed_censored,delayed_censored,0.25,oracle,incremental_net_value_per_1k,109067.90386101804,32587.259888886772,90293.68686990156,131784.1900279333,8,,100.0,2.0922500425513135e-06,0.000541874749842425,0.307515608915514
lead_delayed_censored,delayed_censored,0.25,propensity_ev_logit,incremental_net_value_per_1k,71344.36595161777,19586.1017386881,59268.140835629245,84350.92684272883,8,,65.8589576147803,0.9257544330000655,0.17633980799996601,0.247923857544037
lead_delayed_censored,delayed_censored,0.25,s_learner,incremental_net_value_per_1k,69828.01710308238,22289.062487300413,57063.237554370964,85543.73553178561,8,,63.849512688655494,2.1239236042504217,0.3004166286250438,0.24909963333632373
lead_delayed_censored,delayed_censored,0.25,propensity_ev_gbm,incremental_net_value_per_1k,67368.8534467011,20688.25117200919,55133.34345841695,81687.9537356984,8,,61.717365108059134,1.609516349750038,0.24798489737486307,0.2485260172688997
lead_delayed_censored,delayed_censored,0.25,funnel_ev_gbm,incremental_net_value_per_1k,67029.5052045614,17344.273098845388,56225.29669456692,78412.16650809915,8,,62.063360219456364,2.902113583000073,0.5265937081248921,0.24895075850534645
lead_delayed_censored,delayed_censored,0.25,lead_score_logit,incremental_net_value_per_1k,64118.99176277035,11772.017426222093,56873.55271522862,72021.1071102107,8,,60.58048395274141,0.9150455083752149,0.16571482312497207,0.24670036217021846
lead_delayed_censored,delayed_censored,0.25,x_learner,incremental_net_value_per_1k,63697.07829803241,22893.09935086809,50138.76157111475,79375.01624672995,8,,57.76531941260249,3.862265070625199,0.4972670668748833,0.24812301975975526
lead_delayed_censored,delayed_censored,0.25,t_learner,incremental_net_value_per_1k,63330.79086024173,25061.259366954473,50090.26942210036,81458.27100433064,8,,57.34003892046443,2.3177554926251105,0.29911760425056855,0.24773337092779596
lead_delayed_censored,delayed_censored,0.25,lead_score_gbm,incremental_net_value_per_1k,61187.277340105735,13506.71535971346,53167.47461164745,70422.65369476279,8,,57.35382964320132,1.6036059906248283,0.2007827536247077,0.24717181080615103
lead_delayed_censored,delayed_censored,0.25,causal_forest,incremental_net_value_per_1k,61110.404699877065,22595.952841047827,46939.69363852469,76108.49473663291,8,,55.064213053068656,9.810597529875395,0.8679143240001395,0.2499423869730222
lead_delayed_censored,delayed_censored,0.25,dr_learner,incremental_net_value_per_1k,59604.6866452949,22350.19233066673,45854.9443794636,74603.27227156561,8,,53.67012685513696,5.152013377374942,0.21883503224989906,0.24933629267793764
lead_delayed_censored,delayed_censored,0.25,class_transformation,incremental_net_value_per_1k,48874.54780435001,21760.72950987707,36280.00407067074,64025.32213485033,8,,43.318974964569165,2.160607370249636,0.25062099174988356,0.24874846635422423
lead_delayed_censored,delayed_censored,0.25,hist_conversion_rate,incremental_net_value_per_1k,46934.961160756284,16473.855090620444,37606.674189954516,58529.83360608781,8,,42.69961459585899,0.049541217375008224,0.0012173013751634624,0.24869462552238442
lead_delayed_censored,delayed_censored,0.25,hist_net_profit,incremental_net_value_per_1k,44395.40268085825,12153.363728350587,36939.646289354656,52547.039399853755,8,,40.95250087045771,0.05553528287532568,0.001267110124899725,0.24890715019976695
lead_delayed_censored,delayed_censored,0.25,hist_profit_per_agent_hour,incremental_net_value_per_1k,44395.40268085825,12153.363728350587,36939.646289354656,52547.039399853755,8,,40.95250087045771,0.06097355924998734,0.0013308963750659625,0.24890715019976695
lead_delayed_censored,delayed_censored,0.25,existing_policy_capped,incremental_net_value_per_1k,39066.32545227061,11309.20297121502,31545.519192851796,46009.13663481341,8,,35.899380094945954,0.0,0.0,0.2508997760119385
lead_delayed_censored,delayed_censored,0.25,hist_roas,incremental_net_value_per_1k,38271.815090313044,9382.76805428901,32406.353022238553,44329.920095933594,8,,36.07358959195682,0.051431912624821,0.0013014976250360249,0.24749579702750216
lead_delayed_censored,delayed_censored,0.25,lowest_cpl,incremental_net_value_per_1k,36109.76909509626,19678.245067562093,23978.835179162023,49289.849537900096,8,,32.016072660198915,0.046000237124871966,0.00091868225013055,0.24670869339941032
lead_delayed_censored,delayed_censored,0.25,last_click_attribution,incremental_net_value_per_1k,35018.45852668261,11081.881174225353,28312.689078255236,42478.235954112,8,,32.10973247720361,0.05508342712550979,0.0024676858749898625,0.2471882430371275
lead_delayed_censored,delayed_censored,0.25,existing_policy_replay,incremental_net_value_per_1k,32309.739241706895,11934.182372861645,25157.8807345059,40339.08230787213,8,,29.25087544698879,0.0,0.0,0.24910779419911705
lead_delayed_censored,delayed_censored,0.25,call_everyone,incremental_net_value_per_1k,30364.84810920513,14294.289743853247,21962.94966422724,40262.521035147794,8,,27.109782882479017,0.041582189000337125,0.005934318624667825,0.24788810356845992
lead_delayed_censored,delayed_censored,0.25,random,incremental_net_value_per_1k,30186.198928681904,15570.797551186339,21627.186971404757,41232.64268028451,8,,26.443380967147235,0.04566940837480611,0.0009523652497591124,0.24694216653874262
lead_delayed_censored,delayed_censored,0.25,fifo,incremental_net_value_per_1k,28564.18920383784,11801.120107716368,22721.404419828585,37199.03856190887,8,,26.299929343770692,0.04614415712489968,0.0009037805002662376,0.24792064831260147
lead_delayed_censored,delayed_censored,0.25,do_nothing,incremental_net_value_per_1k,0.0,0.0,0.0,0.0,8,,0.0,1.7477498204243602e-06,0.00020733387532341252,0.0
lead_easy_randomized,easy_randomized,0.25,oracle,incremental_net_value_per_1k,109067.90386101804,32587.259888886772,90293.68686990156,131784.1900279333,8,,100.0,2.105124963236449e-06,0.00054360787487435,0.307515608915514
lead_easy_randomized,easy_randomized,0.25,propensity_ev_logit,incremental_net_value_per_1k,71225.7687351747,19755.731252054287,59237.70774122383,84576.50151211543,8,,65.69818882287493,0.9403364929997906,0.17830605312497022,0.24817987876644954
lead_easy_randomized,easy_randomized,0.25,s_learner,incremental_net_value_per_1k,70759.60324502159,24597.645796347395,57617.85879654218,88646.93772761695,8,,64.65403480949178,2.158710434749878,0.3072461557499082,0.24783271296016668
lead_easy_randomized,easy_randomized,0.25,funnel_ev_gbm,incremental_net_value_per_1k,68115.92856550461,19416.32993570086,56879.385763991675,81741.58896115441,8,,62.83047879596135,2.9497083304997886,0.5298628942498453,0.2484484570696657
lead_easy_randomized,easy_randomized,0.25,propensity_ev_gbm,incremental_net_value_per_1k,67678.09939972259,18647.142551766738,56768.63577831548,80601.99623309454,8,,62.49579267280967,1.624665595500005,0.2477555682499996,0.2480713929398815
lead_easy_randomized,easy_randomized,0.25,x_learner,incremental_net_value_per_1k,66119.30421994599,24792.960613780066,52058.93038641086,83971.1260441069,8,,59.80618273645247,3.9703980103749927,0.5037028500000815,0.24869659285615892
lead_easy_randomized,easy_randomized,0.25,t_learner,incremental_net_value_per_1k,63792.78019258833,21783.194920441747,51819.56762206333,79517.8447624246,8,,58.23735600485454,2.426005177499519,0.31310876662485043,0.24815714681035383
lead_easy_randomized,easy_randomized,0.25,lead_score_logit,incremental_net_value_per_1k,63542.59223550145,12057.362257754687,56084.86846541779,71483.30391718773,8,,59.96914100990223,0.919377656624988,0.162271502124895,0.2460932255926465
lead_easy_randomized,easy_randomized,0.25,lead_score_gbm,incremental_net_value_per_1k,61302.97645879528,12417.250214835696,53816.246219556124,69684.26495766923,8,,57.81162965156493,1.5991434307497912,0.2013778064997495,0.24663335378940338
lead_easy_randomized,easy_randomized,0.25,causal_forest,incremental_net_value_per_1k,60694.51798083567,23784.363219386836,46540.33481995194,76915.38706492729,8,,54.63325152141223,22.404574541875036,1.0903550421249975,0.24979295507060112
lead_easy_randomized,easy_randomized,0.25,dr_learner,incremental_net_value_per_1k,59592.398383686916,23733.16185015559,45985.23269829952,76213.06082688451,8,,53.83124958181408,5.245161138625008,0.2275560256249491,0.24860038358885855
lead_easy_randomized,easy_randomized,0.25,class_transformation,incremental_net_value_per_1k,49272.07340150213,23179.652247990616,35875.69583516258,65642.29332135797,8,,43.44026216238104,2.196279190499922,0.27018114674990557,0.24845843970781145
lead_easy_randomized,easy_randomized,0.25,hist_conversion_rate,incremental_net_value_per_1k,46676.054359410846,16295.657521193898,37588.56504892061,58271.00931452641,8,,42.49264216482418,0.044149512499984625,0.0012124534999883876,0.24872863006413473
lead_easy_randomized,easy_randomized,0.25,hist_net_profit,incremental_net_value_per_1k,43181.49695359502,11715.997436118614,36462.46620156456,51312.54063015578,8,,40.05657208836102,0.050943787250048375,0.0011750678748967,0.24848894366114582
lead_easy_randomized,easy_randomized,0.25,hist_profit_per_agent_hour,incremental_net_value_per_1k,42814.83209072477,12115.958988959648,35783.95630237156,51113.39675752048,8,,39.55247284302674,0.05344341049988085,0.0011694589998114,0.24884143459709318
lead_easy_randomized,easy_randomized,0.25,existing_policy_capped,incremental_net_value_per_1k,39339.32917321779,11721.562494954213,31597.221812700747,46638.44770824623,8,,36.05421075251897,0.0,0.0,0.2509668360977754
lead_easy_randomized,easy_randomized,0.25,hist_roas,incremental_net_value_per_1k,38517.26236627098,9451.079139249334,32578.96750220424,44577.92261177632,8,,36.31016848055005,0.04469250812496735,0.0011632548749957374,0.2478990286852258
lead_easy_randomized,easy_randomized,0.25,lowest_cpl,incremental_net_value_per_1k,36332.35080262167,19469.992488238753,24404.8653689274,49393.09839677525,8,,32.228699029174024,0.04019386512493379,0.0008187623750472626,0.2467264037141983
lead_easy_randomized,easy_randomized,0.25,last_click_attribution,incremental_net_value_per_1k,35018.14151025006,11081.647939498698,28312.50915292329,42477.7193632159,8,,32.10953156609633,0.049831851250132744,0.0023509108750658127,0.24722245916343355
lead_easy_randomized,easy_randomized,0.25,existing_policy_replay,incremental_net_value_per_1k,32309.739241706895,11934.182372861645,25157.8807345059,40339.08230787213,8,,29.25087544698879,0.0,0.0,0.24910779419911705
lead_easy_randomized,easy_randomized,0.25,call_everyone,incremental_net_value_per_1k,30364.803913267704,14294.241895200603,21962.91994742749,40262.440705246234,8,,27.10977603388161,0.035998305499901975,0.005883712874833625,0.247854276704337
lead_easy_randomized,easy_randomized,0.25,random,incremental_net_value_per_1k,30186.103221644666,15570.523954246131,21627.201499201314,41232.32650357968,8,,26.443330062020372,0.042632328875242764,0.0009427883749139501,0.24695893156020182
lead_easy_randomized,easy_randomized,0.25,fifo,incremental_net_value_per_1k,28564.64553144449,11800.970543204512,22721.42290003096,37199.55219515624,8,,26.30042682331851,0.042532316375059,0.0008637588749706624,0.24788685062845964
lead_easy_randomized,easy_randomized,0.25,do_nothing,incremental_net_value_per_1k,0.0,0.0,0.0,0.0,8,,0.0,1.6104999076560489e-06,0.0001918267499831625,0.0
lead_hidden_confounding,hidden_confounding,0.25,oracle,incremental_net_value_per_1k,114344.2406507578,23642.142129289394,100358.4221501528,130277.78815002833,8,,100.0,2.173124812543392e-06,0.00057048512485375,0.30481894299064144
lead_hidden_confounding,hidden_confounding,0.25,propensity_ev_logit,incremental_net_value_per_1k,62860.52766069033,16187.412527625336,52679.53640759087,73520.53766144603,8,,54.83417484133552,1.041630181750179,0.18413918999976883,0.2487550309674878
lead_hidden_confounding,hidden_confounding,0.25,funnel_ev_gbm,incremental_net_value_per_1k,61417.55011621271,16134.933638055621,51577.383413097654,72183.78008858168,8,,53.51469661796959,3.5175900243743854,0.6022074398752011,0.24966547661473665
lead_hidden_confounding,hidden_confounding,0.25,s_learner,incremental_net_value_per_1k,60079.49171274155,19435.787200572533,48119.213339551636,72878.50409258525,8,,51.83092358511003,2.506318691250044,0.3387780316252247,0.24916051408030754
lead_hidden_confounding,hidden_confounding,0.25,t_learner,incremental_net_value_per_1k,59592.155147306024,17177.59741220414,49170.07117085002,71046.52992819561,8,,51.51484625177652,2.7065391478749916,0.33744770924977274,0.24885996377391728
lead_hidden_confounding,hidden_confounding,0.25,propensity_ev_gbm,incremental_net_value_per_1k,59276.508998099984,16336.64308085158,49143.06414929818,70093.32422583869,8,,51.52014968377118,1.8205362111252725,0.2782392213748608,0.24890581709642168
lead_hidden_confounding,hidden_confounding,0.25,x_learner,incremental_net_value_per_1k,59272.29530018625,17497.66281099929,48781.55567136871,71152.15000110886,8,,51.30163934407483,4.554797127749907,0.5988579362499422,0.24933040050184455
lead_hidden_confounding,hidden_confounding,0.25,dr_learner,incremental_net_value_per_1k,57185.15016665825,14597.886899304485,48349.2259870594,66965.0988603189,8,,49.840160744109205,6.411712965624702,0.26763777649989606,0.24875281524676152
lead_hidden_confounding,hidden_confounding,0.25,causal_forest,incremental_net_value_per_1k,56515.92523107042,15747.306418241948,46807.408210059075,66916.28563106437,8,,49.16332320115019,27.406596485375303,1.2709399079999457,0.24869970015315473
lead_hidden_confounding,hidden_confounding,0.25,lead_score_logit,incremental_net_value_per_1k,55538.09063542912,12698.49068068725,47720.61128988342,63951.27504449844,8,,48.72453090508475,1.0305655733754975,0.1796940656254264,0.2466841395679117
lead_hidden_confounding,hidden_confounding,0.25,lead_score_gbm,incremental_net_value_per_1k,54229.37319287007,14260.080437515955,45449.4976972512,63626.596360739684,8,,47.39795149307553,1.8443114243750642,0.21815738075019905,0.24715940648735119
lead_hidden_confounding,hidden_confounding,0.25,existing_policy_capped,incremental_net_value_per_1k,52924.777504509766,7138.262843162311,48350.79749993026,57451.12597753439,8,,47.345243703933576,0.0,0.0,0.2504916604744567
lead_hidden_confounding,hidden_confounding,0.25,existing_policy_replay,incremental_net_value_per_1k,47770.69760073872,6704.642489057027,44343.167118676305,52620.01722732355,8,,42.486019651852345,0.0,0.0,0.24989912915920082
lead_hidden_confounding,hidden_confounding,0.25,hist_conversion_rate,incremental_net_value_per_1k,42662.17384187579,11504.701067733577,36355.72441932543,50925.44332980697,8,,37.242492148751296,0.050820317249645044,0.0011577654997835876,0.24803378783480615
lead_hidden_confounding,hidden_confounding,0.25,hist_net_profit,incremental_net_value_per_1k,40912.70229896547,9485.642404573555,35674.174339425794,47619.794093471275,8,,36.38215070723518,0.05904751712478169,0.001701176249980525,0.24889022254285773
lead_hidden_confounding,hidden_confounding,0.25,hist_profit_per_agent_hour,incremental_net_value_per_1k,40376.45437575792,9194.386564896044,35441.1554018253,47056.93957362196,8,,35.89585839957289,0.057191989499869984,0.0012146273747929998,0.24920739668815686
lead_hidden_confounding,hidden_confounding,0.25,hist_roas,incremental_net_value_per_1k,37394.56589629984,6349.123212675371,33675.06947747424,41873.90355294843,8,,33.78756305232777,0.0506484192499101,0.0011966245001530874,0.24839485312037451
lead_hidden_confounding,hidden_confounding,0.25,lowest_cpl,incremental_net_value_per_1k,34714.11513160165,13648.439693184075,25555.255891587254,43414.52782800816,8,,30.322081943271957,0.047022912375496106,0.0008671728751323126,0.2468600733482032
lead_hidden_confounding,hidden_confounding,0.25,last_click_attribution,incremental_net_value_per_1k,34507.81203765885,7197.532653656526,30231.77158121539,39463.03539012243,8,,30.49228353815632,0.058014887000126636,0.002976469250143,0.24800780678015177
lead_hidden_confounding,hidden_confounding,0.25,class_transformation,incremental_net_value_per_1k,33284.45421959884,14549.301974555496,24026.79639452828,42695.74069460671,8,,28.54196402074756,2.4610915608745927,0.27512091962512386,0.2492116553481108
lead_hidden_confounding,hidden_confounding,0.25,fifo,incremental_net_value_per_1k,33202.345432637965,7144.889109939708,29306.329704655825,38333.83897512911,8,,29.424563889541737,0.0416206956247151,0.001402830749839225,0.2476863593596035
lead_hidden_confounding,hidden_confounding,0.25,random,incremental_net_value_per_1k,32233.85311677039,11132.829134608322,25628.489901283516,39769.738837419616,8,,27.711943631519592,0.050192284500098994,0.0009595541250745876,0.2467057695980812
lead_hidden_confounding,hidden_confounding,0.25,call_everyone,incremental_net_value_per_1k,31936.499223985196,10467.087671363732,25520.828553485007,39006.49113690022,8,,27.708089494650366,0.039164722124496565,0.00687311799993035,0.2474166533759797
lead_hidden_confounding,hidden_confounding,0.25,do_nothing,incremental_net_value_per_1k,0.0,0.0,0.0,0.0,8,,0.0,1.863624447651091e-06,0.0001986308752747875,0.0
lead_misleading_attribution,misleading_attribution,0.25,oracle,incremental_net_value_per_1k,105673.34402589768,29219.218761178425,90556.5454650132,126991.16846771252,8,,100.0,2.126124627466197e-06,0.0005180241250854626,0.30675041380733514
lead_misleading_attribution,misleading_attribution,0.25,propensity_ev_logit,incremental_net_value_per_1k,68574.96582757698,14193.521322934756,60359.457051995676,78341.7374810686,8,,65.8234980580837,0.9032007375005833,0.17629196724988103,0.2501973907125792
lead_misleading_attribution,misleading_attribution,0.25,funnel_ev_gbm,incremental_net_value_per_1k,65836.59473722635,12514.56633954332,58186.741492778194,74189.12265634772,8,,63.37369490521848,2.909257003499988,0.5258034453747769,0.25050253177501414
lead_misleading_attribution,misleading_attribution,0.25,propensity_ev_gbm,incremental_net_value_per_1k,65383.340417350686,13597.067445311468,57440.78165690701,74732.75502174608,8,,62.63089317170981,1.6362451870002133,0.25350003650055436,0.25040378884594305
lead_misleading_attribution,misleading_attribution,0.25,lead_score_logit,incremental_net_value_per_1k,65356.059871705824,13013.139909070442,58194.41407208096,74609.79823487006,8,,62.89189213846662,0.916129133125196,0.1642927622499428,0.2481641209080825
lead_misleading_attribution,misleading_attribution,0.25,s_learner,incremental_net_value_per_1k,64318.261014225325,12043.577718796341,56859.137810598586,72231.42450855933,8,,61.8572717803885,2.1153876580003725,0.30146563537482507,0.2500241048427455
lead_misleading_attribution,misleading_attribution,0.25,t_learner,incremental_net_value_per_1k,60514.024958255344,16043.085976249178,51096.86728063412,71525.71630991907,8,,57.50687877570145,2.321023225375029,0.30082951125018553,0.2496528505416713
lead_misleading_attribution,misleading_attribution,0.25,lead_score_gbm,incremental_net_value_per_1k,60442.79983124053,9625.689457142511,55203.48076374831,67357.24095758035,8,,58.528936391692284,1.5699515531250654,0.2003348187497522,0.24934333772349415
lead_misleading_attribution,misleading_attribution,0.25,x_learner,incremental_net_value_per_1k,60411.611204713314,12672.4685479735,52689.31768883264,68878.42132634493,8,,57.83788494790811,3.865211230875275,0.49405522749975717,0.25131948069226095
lead_misleading_attribution,misleading_attribution,0.25,causal_forest,incremental_net_value_per_1k,57235.741288458485,10445.87329509168,50875.64372269573,64245.93004331188,8,,55.12331943655825,12.617145188750328,0.9154438291250244,0.25176021890572575
lead_misleading_attribution,misleading_attribution,0.25,dr_learner,incremental_net_value_per_1k,53179.59886898807,14846.123949660707,43838.458489894016,62903.563124883796,8,,50.542046839849604,5.121441238249645,0.22035527587513568,0.2518018790853302
lead_misleading_attribution,misleading_attribution,0.25,hist_profit_per_agent_hour,incremental_net_value_per_1k,45213.52275264287,12667.562511386157,37831.809941785934,54062.40655076517,8,,42.8441918138453,0.05289881549970227,0.0012145156249516375,0.24841533758426615
lead_misleading_attribution,misleading_attribution,0.25,hist_conversion_rate,incremental_net_value_per_1k,45128.17558174391,10442.940236594033,39004.645252479335,52392.026159566754,8,,43.12169675307011,0.04338560399992271,0.0011428886250541372,0.24770979385382025
lead_misleading_attribution,misleading_attribution,0.25,hist_net_profit,incremental_net_value_per_1k,44950.643938392335,12737.956514475567,37566.18769664053,53824.465223719075,8,,42.60057538605395,0.05092484649981083,0.0013132306253282374,0.24838125442134865
lead_misleading_attribution,misleading_attribution,0.25,class_transformation,incremental_net_value_per_1k,43395.45939190181,13841.488989492891,35220.963760613944,52805.17213131573,8,,40.689498956533015,2.1644386508751268,0.25303142674965784,0.250168647526934
lead_misleading_attribution,misleading_attribution,0.25,hist_roas,incremental_net_value_per_1k,39279.83594355421,7968.997526664271,34245.4506632157,44433.87278991898,8,,38.21686199375981,0.04582471337494094,0.0012822568751289125,0.24881396336534423
lead_misleading_attribution,misleading_attribution,0.25,existing_policy_capped,incremental_net_value_per_1k,37693.916422829505,12785.623247367183,30855.142558506548,46875.25538831027,8,,35.402801653785545,0.0,0.0,0.24847454779225359
lead_misleading_attribution,misleading_attribution,0.25,last_click_attribution,incremental_net_value_per_1k,34796.35847588995,10708.182778266706,28640.792144021747,42240.75273375683,8,,33.05162804532358,0.04965587862534444,0.0025079278750581,0.24794017931778933
lead_misleading_attribution,misleading_attribution,0.25,existing_policy_replay,incremental_net_value_per_1k,31714.38581069302,12581.503570280065,25320.485390827045,40879.89352630224,8,,29.43739722981939,0.0,0.0,0.2514844734205137
lead_misleading_attribution,misleading_attribution,0.25,lowest_cpl,incremental_net_value_per_1k,30907.828922067692,11465.300767351267,23527.392307222606,38312.012133731936,8,,29.837646028138018,0.040969311750131895,0.0008973179999429375,0.2485387803722553
lead_misleading_attribution,misleading_attribution,0.25,call_everyone,incremental_net_value_per_1k,29872.55797420145,10461.409124710111,23863.76290101528,37130.31590978794,8,,28.039902016372878,0.036024871250219755,0.00561360287474595,0.2482740364054848
lead_misleading_attribution,misleading_attribution,0.25,random,incremental_net_value_per_1k,29653.16478062462,8103.94017606591,24739.524993771258,35193.125660711026,8,,28.235508785831612,0.0411527363748973,0.0009652312503475749,0.2492862865693245
lead_misleading_attribution,misleading_attribution,0.25,fifo,incremental_net_value_per_1k,29213.349703975666,8653.1723085898,24399.34210825459,35314.35605673872,8,,27.92124306386227,0.04229606000012605,0.000919386499845075,0.24800551105788643
lead_misleading_attribution,misleading_attribution,0.25,do_nothing,incremental_net_value_per_1k,0.0,0.0,0.0,0.0,8,,0.0,2.0083750769117614e-06,0.0002068371252334375,0.0
lead_negative_control_null_effect,negative_control_null_effect,0.25,do_nothing,incremental_net_value_per_1k,0.0,0.0,0.0,0.0,8,,,1.6274996141873999e-06,0.000206538499924075,0.0
lead_negative_control_null_effect,negative_control_null_effect,0.25,oracle,incremental_net_value_per_1k,0.0,0.0,0.0,0.0,8,,,1.6516248706466286e-06,0.00047835875011508747,0.0
lead_negative_control_null_effect,negative_control_null_effect,0.25,s_learner,incremental_net_value_per_1k,-916.6690114576588,485.502328300628,-1231.311147234315,-605.6034664532068,8,,,2.1098281681249773,0.3025239929995678,0.15854591633068288
lead_negative_control_null_effect,negative_control_null_effect,0.25,dr_learner,incremental_net_value_per_1k,-1067.692578946258,522.3291388739016,-1353.4693403691108,-711.951559465523,8,,,5.079753789499591,0.2118953536250956,0.18481770957899424
lead_negative_control_null_effect,negative_control_null_effect,0.25,causal_forest,incremental_net_value_per_1k,-1387.1190765224221,96.25964377837458,-1435.2517995141482,-1317.7772595762444,8,,,11.224077140875352,0.8725238663753316,0.24005478143346412
lead_negative_control_null_effect,negative_control_null_effect,0.25,lowest_cpl,incremental_net_value_per_1k,-1413.0587110775687,23.745149091515646,-1429.4080512085266,-1398.6377231050583,8,,,0.04192234025003923,0.0009009578750464626,0.2467264037141983
lead_negative_control_null_effect,negative_control_null_effect,0.25,hist_net_profit,incremental_net_value_per_1k,-1414.4876838158884,24.655558329287558,-1430.995811856818,-1399.4857337665649,8,,,0.05331433162496065,0.0011905848748482999,0.24783646239571833
lead_negative_control_null_effect,negative_control_null_effect,0.25,hist_profit_per_agent_hour,incremental_net_value_per_1k,-1415.1642072785794,24.1523524237977,-1431.1508005026421,-1400.2896882778705,8,,,0.054973073999917646,0.00127373587497455,0.24818854810756708
lead_negative_control_null_effect,negative_control_null_effect,0.25,hist_roas,incremental_net_value_per_1k,-1415.4937199944288,25.529018431542614,-1432.0877455898762,-1399.3361566897072,8,,,0.04648392474973656,0.0012612712500867501,0.24707959406846502
lead_negative_control_null_effect,negative_control_null_effect,0.25,last_click_attribution,incremental_net_value_per_1k,-1415.6431875479132,25.10422458230538,-1431.7588435002604,-1399.0221106812903,8,,,0.0511216515001251,0.0027682502502556876,0.24718894950454895
lead_negative_control_null_effect,negative_control_null_effect,0.25,hist_conversion_rate,incremental_net_value_per_1k,-1419.0149156889709,20.57802219831588,-1432.9543846079,-1406.3872373687857,8,,,0.045691056875284575,0.0011809803747837,0.24887703933197305
lead_negative_control_null_effect,negative_control_null_effect,0.25,lead_score_gbm,incremental_net_value_per_1k,-1422.3209721537291,21.76453808450659,-1436.285014311251,-1408.4794178968098,8,,,1.5540881062502194,0.2007952567496431,0.24619025495565444
lead_negative_control_null_effect,negative_control_null_effect,0.25,fifo,incremental_net_value_per_1k,-1424.0602811760725,21.731778137479843,-1438.0722841181491,-1410.080267869153,8,,,0.042080068250243075,0.000951176375110625,0.24788685062845964
lead_negative_control_null_effect,negative_control_null_effect,0.25,lead_score_logit,incremental_net_value_per_1k,-1424.1917693226758,17.127510924763207,-1435.5392929212458,-1413.545633949313,8,,,0.8816819391254285,0.16476182099995637,0.2463828669846735
lead_negative_control_null_effect,negative_control_null_effect,0.25,random,incremental_net_value_per_1k,-1425.03420529722,23.87262334222322,-1439.7554114089946,-1409.1067510754272,8,,,0.042512195999961436,0.0010327379998215625,0.24695893156020182
lead_negative_control_null_effect,negative_control_null_effect,0.25,propensity_ev_logit,incremental_net_value_per_1k,-1425.7759446601813,15.051854408924248,-1436.0331889106046,-1416.530973915532,8,,,0.8982172012504179,0.17387033862496534,0.24811329069497812
lead_negative_control_null_effect,negative_control_null_effect,0.25,call_everyone,incremental_net_value_per_1k,-1425.9465389586785,19.828681565026816,-1438.1557458890134,-1412.5536832818543,8,,,0.037006816374969234,0.005960237875569825,0.247854276704337
lead_negative_control_null_effect,negative_control_null_effect,0.25,class_transformation,incremental_net_value_per_1k,-1427.550187794781,20.690701614463993,-1440.1438412610748,-1413.5596474493107,8,,,2.167976492875141,0.2538271056250778,0.24809541658643547
lead_negative_control_null_effect,negative_control_null_effect,0.25,funnel_ev_gbm,incremental_net_value_per_1k,-1429.338178378357,14.536819823749433,-1438.800196061527,-1419.9801946516318,8,,,2.663604051374932,0.5266793388748283,0.24794359020608206
lead_negative_control_null_effect,negative_control_null_effect,0.25,propensity_ev_gbm,incremental_net_value_per_1k,-1429.4699066561984,19.512953540222448,-1440.9780667727848,-1415.920517738932,8,,,1.5539783182496194,0.2458325518753099,0.24708280586840742
lead_negative_control_null_effect,negative_control_null_effect,0.25,x_learner,incremental_net_value_per_1k,-1430.4861909928488,15.161442243862249,-1440.203491965076,-1420.6178870828107,8,,,3.8722201821253748,0.49779767737436487,0.24773570987777238
lead_negative_control_null_effect,negative_control_null_effect,0.25,t_learner,incremental_net_value_per_1k,-1430.6748419866967,17.177845970152294,-1441.0967002547654,-1418.7960251476857,8,,,2.297244532000377,0.3003421346249979,0.2471618012945785
lead_negative_control_null_effect,negative_control_null_effect,0.25,existing_policy_capped,incremental_net_value_per_1k,-1434.4916900758428,11.714750706699014,-1442.0629978111551,-1426.823027919887,8,,,0.0,0.0,0.25072063947791434
lead_negative_control_null_effect,negative_control_null_effect,0.25,existing_policy_replay,incremental_net_value_per_1k,-1434.7145589701713,11.531747392595994,-1442.12088733517,-1427.1367611578567,8,,,0.0,0.0,0.24910779419911705
lead_noisy_crm,noisy_crm,0.25,oracle,incremental_net_value_per_1k,109094.17165216149,31063.818042721017,91196.12357514043,130616.60767604169,8,,100.0,1.9330000213813037e-06,0.000532687874510825,0.30730917867479596
lead_noisy_crm,noisy_crm,0.25,propensity_ev_logit,incremental_net_value_per_1k,65237.27250917231,17715.949449668664,54453.14150003278,77176.19481632624,8,,59.89653708967175,1.0806567792501482,0.18799189037508765,0.24872611487361146
lead_noisy_crm,noisy_crm,0.25,funnel_ev_gbm,incremental_net_value_per_1k,62766.16990955024,17957.022430275123,51572.59347181303,74649.4359952737,8,,57.434521003136226,4.20993175550052,0.7001996927499476,0.24839922824763605
lead_noisy_crm,noisy_crm,0.25,propensity_ev_gbm,incremental_net_value_per_1k,61534.92119083179,17660.703834040974,50746.09407026119,73388.50416685062,8,,56.40880931101988,2.2068886540000676,0.3042445410003438,0.24829668380344422
lead_noisy_crm,noisy_crm,0.25,lead_score_logit,incremental_net_value_per_1k,60284.07222079296,12738.022572373284,52553.85846893815,68828.5522913129,8,,56.34342851615354,1.0698810597500596,0.17776186824971768,0.24634824553350518
lead_noisy_crm,noisy_crm,0.25,lead_score_gbm,incremental_net_value_per_1k,55629.92614213702,11421.912703640513,48315.45830521796,63049.255905577185,8,,52.316792046630795,2.147200538750212,0.23418263599978667,0.24693547712521619
lead_noisy_crm,noisy_crm,0.25,class_transformation,incremental_net_value_per_1k,46236.21313034765,20294.443459140213,34244.040427464955,60038.691292800315,8,,41.01788207407975,3.017452556249964,0.30823022737513384,0.2490383811726008
lead_noisy_crm,noisy_crm,0.25,hist_conversion_rate,incremental_net_value_per_1k,45659.898842602255,15819.237868339764,36678.71575027204,56779.45647584029,8,,41.425123028186974,0.04719317750027578,0.001191631624806125,0.24938401142580377
lead_noisy_crm,noisy_crm,0.25,hist_net_profit,incremental_net_value_per_1k,45262.09555436298,16429.439261626303,35928.96322234486,56642.50794491555,8,,40.97202744215548,0.05442389074983105,0.0012938741251673001,0.2490362061486629
lead_noisy_crm,noisy_crm,0.25,hist_profit_per_agent_hour,incremental_net_value_per_1k,43748.82689478356,13122.628109645053,35903.38454445065,52668.36164801446,8,,40.09897182734882,0.05714666375024531,0.001197066500026225,0.2491337988617403
lead_noisy_crm,noisy_crm,0.25,existing_policy_capped,incremental_net_value_per_1k,39739.17498427085,12921.855184897899,31513.770819827132,48206.19053546438,8,,36.06556613348009,0.0,0.0,0.2506161811088936
lead_noisy_crm,noisy_crm,0.25,hist_roas,incremental_net_value_per_1k,37841.79416253173,10700.870823827656,31207.051098188444,44806.945861678265,8,,35.15093648788074,0.048454984000272774,0.001182610499881725,0.24818868985737869
lead_noisy_crm,noisy_crm,0.25,lowest_cpl,incremental_net_value_per_1k,35907.65949091985,19302.856721814245,24032.98607353966,48871.52367692749,8,,31.5819758220605,0.04471495650000175,0.0008767417500621,0.2477720768348619
lead_noisy_crm,noisy_crm,0.25,last_click_attribution,incremental_net_value_per_1k,35320.439695701505,11611.886599548774,28382.154711277843,43201.29819437807,8,,32.11257303204914,0.05470669812507361,0.0025475379998169375,0.24803917936740744
lead_noisy_crm,noisy_crm,0.25,existing_policy_replay,incremental_net_value_per_1k,31642.799135212605,11687.50211330859,24762.080424753385,39575.41457374014,8,,28.681551385637402,0.0,0.0,0.24899788359924416
lead_noisy_crm,noisy_crm,0.25,call_everyone,incremental_net_value_per_1k,30761.394325452195,14923.428398588014,22088.638955059207,41219.094480737476,8,,27.425718622732443,0.039858802124626835,0.00590321125014265,0.2478894697148344
lead_noisy_crm,noisy_crm,0.25,random,incremental_net_value_per_1k,29728.16682021613,15375.915390149508,21183.12323377029,40612.21347577836,8,,26.011933108599422,0.0457234482503281,0.0009828874999584002,0.24714952179103794
lead_noisy_crm,noisy_crm,0.25,fifo,incremental_net_value_per_1k,28946.04474609122,11061.122748942162,23638.526280220645,37086.89353769196,8,,26.727434471037384,0.04570496950009323,0.0009495400001923624,0.2479060592122241
lead_noisy_crm,noisy_crm,0.25,do_nothing,incremental_net_value_per_1k,0.0,0.0,0.0,0.0,8,,0.0,1.739375193210435e-06,0.0002125045000411,0.0
lead_observed_confounding,observed_confounding,0.25,oracle,incremental_net_value_per_1k,114344.2406507578,23642.142129289394,100358.4221501528,130277.78815002833,8,,100.0,2.18224977288628e-06,0.000530375999915075,0.30481894299064144
lead_observed_confounding,observed_confounding,0.25,propensity_ev_logit,incremental_net_value_per_1k,73378.35229274079,13512.88185353002,64877.34522062804,82236.96010850319,8,,64.71204731398396,1.1509491065005477,0.21811462624964406,0.2475368535493755
lead_observed_confounding,observed_confounding,0.25,s_learner,incremental_net_value_per_1k,72281.17946614111,15086.501009286512,62951.72339033174,82353.97877258342,8,,63.33316052011621,2.6553556696246687,0.3932499541249399,0.2478414665254176
lead_observed_confounding,observed_confounding,0.25,funnel_ev_gbm,incremental_net_value_per_1k,71857.1436233499,14376.17384519793,62944.79488016289,81382.45913638656,8,,63.206864434850765,3.8700043035000817,0.605011104624964,0.2480304096509202
lead_observed_confounding,observed_confounding,0.25,propensity_ev_gbm,incremental_net_value_per_1k,71698.5209338534,14275.767091437778,62940.1523975703,81312.37294869,8,,63.04180797330103,2.1469835637501546,0.30858905437480644,0.2479081683164239
lead_observed_confounding,observed_confounding,0.25,t_learner,incremental_net_value_per_1k,68993.06324763678,15936.961955809462,59171.043891860005,79142.47962793837,8,,60.21044423129147,2.774552652000011,0.3374636128748989,0.24724708782547614
lead_observed_confounding,observed_confounding,0.25,x_learner,incremental_net_value_per_1k,66854.08608458919,15192.65256716647,57523.08658050356,76869.35381701236,8,,58.36586058565062,4.9127807518750615,0.6633936923749388,0.2485664054319488
lead_observed_confounding,observed_confounding,0.25,lead_score_logit,incremental_net_value_per_1k,66599.98696875482,10983.965874241081,60286.363951858424,74267.89720342524,8,,59.15685945718638,1.139430367624982,0.20124657274982377,0.24580983379325497
lead_observed_confounding,observed_confounding,0.25,lead_score_gbm,incremental_net_value_per_1k,66528.960672493,12908.9223743455,59059.949969143105,75534.68718737944,8,,58.84540966358611,2.0615520818751065,0.2473096932501448,0.24631799540096677
lead_observed_confounding,observed_confounding,0.25,causal_forest,incremental_net_value_per_1k,62821.68862686026,13811.331181254393,54245.37269328095,72039.08953540811,8,,55.01390647940133,33.25539692375014,1.172587475249884,0.24986260710021005
lead_observed_confounding,observed_confounding,0.25,dr_learner,incremental_net_value_per_1k,61103.040662696134,12969.653703015461,52764.34688140293,69181.0023874174,8,,53.42953932967,6.9140817923751,0.25971090262464713,0.2502420853937943
lead_observed_confounding,observed_confounding,0.25,existing_policy_capped,incremental_net_value_per_1k,52924.777504509766,7138.262843162311,48350.79749993026,57451.12597753439,8,,47.345243703933576,0.0,0.0,0.2504916604744567
lead_observed_confounding,observed_confounding,0.25,existing_policy_replay,incremental_net_value_per_1k,47770.69760073872,6704.642489057027,44343.167118676305,52620.01722732355,8,,42.486019651852345,0.0,0.0,0.24989912915920082
lead_observed_confounding,observed_confounding,0.25,hist_conversion_rate,incremental_net_value_per_1k,42662.17384187579,11504.701067733577,36355.72441932543,50925.44332980697,8,,37.242492148751296,0.06419224437490809,0.0017251782498987874,0.24803378783480615
lead_observed_confounding,observed_confounding,0.25,hist_net_profit,incremental_net_value_per_1k,40912.70229896547,9485.642404573555,35674.174339425794,47619.794093471275,8,,36.38215070723518,0.06235943662477434,0.0017760640005235,0.24889022254285773
lead_observed_confounding,observed_confounding,0.25,hist_profit_per_agent_hour,incremental_net_value_per_1k,40376.45437575792,9194.386564896044,35441.1554018253,47056.93957362196,8,,35.89585839957289,0.07553339274977584,0.001334963124691,0.24920739668815686
lead_observed_confounding,observed_confounding,0.25,hist_roas,incremental_net_value_per_1k,37394.56589629984,6349.123212675371,33675.06947747424,41873.90355294843,8,,33.78756305232777,0.055686957874968315,0.0012335865001204499,0.24839485312037451
lead_observed_confounding,observed_confounding,0.25,lowest_cpl,incremental_net_value_per_1k,34714.11513160165,13648.439693184075,25555.255891587254,43414.52782800816,8,,30.322081943271957,0.053149556625157815,0.0014216443748863875,0.2468600733482032
lead_observed_confounding,observed_confounding,0.25,last_click_attribution,incremental_net_value_per_1k,34507.81203765885,7197.532653656526,30231.77158121539,39463.03539012243,8,,30.49228353815632,0.06346156325025726,0.00244192924947125,0.24800780678015177
lead_observed_confounding,observed_confounding,0.25,fifo,incremental_net_value_per_1k,33202.345432637965,7144.889109939708,29306.329704655825,38333.83897512911,8,,29.424563889541737,0.05100589500011661,0.0008902822501112751,0.2476863593596035
lead_observed_confounding,observed_confounding,0.25,random,incremental_net_value_per_1k,32233.85311677039,11132.829134608322,25628.489901283516,39769.738837419616,8,,27.711943631519592,0.05081450037528153,0.0009437119995254125,0.2467057695980812
lead_observed_confounding,observed_confounding,0.25,call_everyone,incremental_net_value_per_1k,31936.499223985196,10467.087671363732,25520.828553485007,39006.49113690022,8,,27.708089494650366,0.05128903212539621,0.007716015750247551,0.2474166533759797
lead_observed_confounding,observed_confounding,0.25,class_transformation,incremental_net_value_per_1k,16878.986087289944,10549.664619626608,10296.07053906001,23879.557781922595,8,,13.923345362919237,2.6063690623748244,0.29709041549995163,0.24976490655562325
lead_observed_confounding,observed_confounding,0.25,do_nothing,incremental_net_value_per_1k,0.0,0.0,0.0,0.0,8,,0.0,1.6706253518350422e-06,0.00018664962590258748,0.0
lead_policy_feedback_loop,policy_feedback_loop,0.25,oracle,incremental_net_value_per_1k,109067.90386101804,32587.259888886772,90293.68686990156,131784.1900279333,8,,100.0,2.1622499843942933e-06,0.0005370353749185124,0.307515608915514
lead_policy_feedback_loop,policy_feedback_loop,0.25,propensity_ev_logit,incremental_net_value_per_1k,68305.87686759344,15924.624089184663,58443.426311151816,78852.47772437871,8,,63.47806489734184,0.9051698127502732,0.1749494256248454,0.24648582260100893
lead_policy_feedback_loop,policy_feedback_loop,0.25,s_learner,incremental_net_value_per_1k,66845.45721560842,20053.020829355115,54798.45999535751,80467.71559043741,8,,61.292147195926276,2.167552378624805,0.30326337487485944,0.2468006665171183
lead_policy_feedback_loop,policy_feedback_loop,0.25,propensity_ev_gbm,incremental_net_value_per_1k,65829.5276030781,16850.959695902395,55560.98313532416,77174.91698195302,8,,60.947040159191864,1.6170751894999285,0.2508186678749098,0.24687062269341392
lead_policy_feedback_loop,policy_feedback_loop,0.25,funnel_ev_gbm,incremental_net_value_per_1k,65290.335826042465,17263.72311420115,54586.719842980805,76795.55741712103,8,,60.23359006363085,2.9624540540000908,0.5291257231247073,0.2467837666058491
lead_policy_feedback_loop,policy_feedback_loop,0.25,lead_score_logit,incremental_net_value_per_1k,63866.38531595664,12735.885110184763,55950.87611118363,72134.55978841154,8,,60.32086880419669,0.9104533822501253,0.16653334199941122,0.24494525117354454
lead_policy_feedback_loop,policy_feedback_loop,0.25,lead_score_gbm,incremental_net_value_per_1k,59462.82734883088,13054.207990805298,51566.884362517114,68205.33364358288,8,,55.779122157744254,1.6198722940000607,0.20011568462473403,0.24456733730555952
lead_policy_feedback_loop,policy_feedback_loop,0.25,t_learner,incremental_net_value_per_1k,58954.66004827896,21156.70070850581,46169.677704224654,73285.13241098847,8,,53.29074542022661,2.380349147000061,0.30460769349974726,0.24636868525216232
lead_policy_feedback_loop,policy_feedback_loop,0.25,x_learner,incremental_net_value_per_1k,58516.00852556616,22159.25709445069,45484.35777121219,73608.33530240672,8,,52.7079435537065,4.130225119249644,0.5317973631251789,0.24605901538464653
lead_policy_feedback_loop,policy_feedback_loop,0.25,causal_forest,incremental_net_value_per_1k,54464.2262489409,17116.995116570124,44021.52751579328,65922.46370880026,8,,49.71998081030233,21.86867489375004,1.086245935875013,0.24733183846464304
lead_policy_feedback_loop,policy_feedback_loop,0.25,dr_learner,incremental_net_value_per_1k,45660.7127336698,14165.19748269172,36802.719207615024,54986.47161729082,8,,42.10889975247287,5.468028380999613,0.21289049737515592,0.2496510567450701
lead_policy_feedback_loop,policy_feedback_loop,0.25,hist_conversion_rate,incremental_net_value_per_1k,42334.81689146317,10270.892193470623,36303.01240077841,49387.69371064558,8,,39.53441943277031,0.04530307200025159,0.0011678835005568123,0.24728493054334486
lead_policy_feedback_loop,policy_feedback_loop,0.25,hist_net_profit,incremental_net_value_per_1k,41141.87315212102,10782.497209918294,35613.314905045976,49070.231134864734,8,,38.34805216560807,0.052984627749992755,0.0012202581253858875,0.24704692553526514
lead_policy_feedback_loop,policy_feedback_loop,0.25,hist_profit_per_agent_hour,incremental_net_value_per_1k,41116.901513244346,10784.724300184636,35587.126784875356,49043.96107274838,8,,38.32290073010455,0.05399496149993861,0.0012124046254484125,0.24706369280555357
lead_policy_feedback_loop,policy_feedback_loop,0.25,class_transformation,incremental_net_value_per_1k,40268.91335527862,18644.6607128982,29054.010176375137,52582.14581178251,8,,35.452434615721366,2.232928976750145,0.2557724056252937,0.24528710836339995
lead_policy_feedback_loop,policy_feedback_loop,0.25,hist_roas,incremental_net_value_per_1k,36920.44522746873,8872.16369499231,31469.753362576852,42775.40261938612,8,,34.833197645630094,0.04667916874973339,0.0012011745000108376,0.24711515555273872
lead_policy_feedback_loop,policy_feedback_loop,0.25,lowest_cpl,incremental_net_value_per_1k,35798.82229144746,19909.26349143529,23530.047894934636,49165.714359684665,8,,31.72904494315869,0.04104771212541887,0.0008890913750291751,0.2469851984384316
lead_policy_feedback_loop,policy_feedback_loop,0.25,last_click_attribution,incremental_net_value_per_1k,35022.408652322105,10966.00329569642,28435.09872943102,42467.28957219036,8,,32.18792203093956,0.05055807137500774,0.0024640087494844374,0.24596597498688522
lead_policy_feedback_loop,policy_feedback_loop,0.25,existing_policy_capped,incremental_net_value_per_1k,33849.020310187276,6852.528140205764,29415.026793725137,38277.04805918475,8,,32.10541908527727,0.0,0.0,0.2501112760106224
lead_policy_feedback_loop,policy_feedback_loop,0.25,call_everyone,incremental_net_value_per_1k,30348.05633279834,14293.903135818533,21920.49458120589,40218.73930759894,8,,27.089328980356612,0.037599435250513076,0.006477933749238175,0.24709885633603657
lead_policy_feedback_loop,policy_feedback_loop,0.25,random,incremental_net_value_per_1k,30168.020558555032,15577.537587238266,21612.666278366847,41221.58342126542,8,,26.425717703025885,0.043182833125001666,0.0010447278750688749,0.24642383324873302
lead_policy_feedback_loop,policy_feedback_loop,0.25,fifo,incremental_net_value_per_1k,28604.77533777374,11783.411377422499,22753.972399458275,37263.58998452877,8,,26.335774581093375,0.04171057562484744,0.0008752993753659375,0.24740194569228385
lead_policy_feedback_loop,policy_feedback_loop,0.25,existing_policy_replay,incremental_net_value_per_1k,26220.34902707277,7197.131791835993,22378.07197015421,31378.128858838274,8,,24.542583026774352,0.0,0.0,0.24934666128909455
lead_policy_feedback_loop,policy_feedback_loop,0.25,do_nothing,incremental_net_value_per_1k,0.0,0.0,0.0,0.0,8,,0.0,1.8039997939922614e-06,0.000195389499822275,0.0
lead_propensity_not_uplift,propensity_not_uplift,0.25,oracle,incremental_net_value_per_1k,72841.80518028805,19244.003624014185,60952.06889992379,85619.13656363115,8,,100.0,2.2757500346415327e-06,0.0005039030000943501,0.30342002768277887
lead_propensity_not_uplift,propensity_not_uplift,0.25,s_learner,incremental_net_value_per_1k,39433.05922171865,15907.386827199982,29464.029774619547,49614.416902804915,8,,52.388624480994835,2.1935027949998585,0.30196208637505606,0.24900007313549832
lead_propensity_not_uplift,propensity_not_uplift,0.25,t_learner,incremental_net_value_per_1k,35998.670621976176,13420.82330142446,27655.27026876716,44781.04828703061,8,,48.19908601986586,2.4571708534999743,0.30380346724984975,0.24839684104319265
lead_propensity_not_uplift,propensity_not_uplift,0.25,x_learner,incremental_net_value_per_1k,33873.900097618556,12177.920904746885,26456.88189789657,41641.815197686126,8,,45.46325832417739,3.9868931968750303,0.488693237625057,0.25013335870738984
lead_propensity_not_uplift,propensity_not_uplift,0.25,causal_forest,incremental_net_value_per_1k,33007.57784057346,13190.975666272205,24532.97741265455,41281.428756109104,8,,43.95246326073994,23.897843409375014,1.1651251091250288,0.2490167592839162
lead_propensity_not_uplift,propensity_not_uplift,0.25,dr_learner,incremental_net_value_per_1k,31188.71927404825,12851.88118248809,22646.839433891357,39026.46931053743,8,,41.23906588002769,5.220735372249919,0.21058260387508193,0.24965387518938104
lead_propensity_not_uplift,propensity_not_uplift,0.25,hist_conversion_rate,incremental_net_value_per_1k,29663.529073783393,11487.244457170902,22445.06131461558,37076.491673257726,8,,40.08293851293041,0.04301614312498708,0.0012253439999766877,0.24911359168017572
lead_propensity_not_uplift,propensity_not_uplift,0.25,class_transformation,incremental_net_value_per_1k,28029.966734192083,12599.533451285677,20438.585036474622,36335.99127624926,8,,36.926828937202764,2.1716804515000376,0.2444591680001622,0.24983484757756869
lead_propensity_not_uplift,propensity_not_uplift,0.25,hist_profit_per_agent_hour,incremental_net_value_per_1k,27060.056963144896,12001.683809753562,18751.487865247305,34067.2110452337,8,,35.76124411016359,0.05415534687506349,0.00119773049993905,0.24937670886387336
lead_propensity_not_uplift,propensity_not_uplift,0.25,funnel_ev_gbm,incremental_net_value_per_1k,26786.060701004433,13244.47952587696,18237.82300636322,35108.85806374454,8,,34.98883395912432,3.1989127432499345,0.5192228444998364,0.24885149476215215
lead_propensity_not_uplift,propensity_not_uplift,0.25,hist_net_profit,incremental_net_value_per_1k,26244.743042671827,12115.523324794909,18080.705182313402,33449.70667627313,8,,34.43874785691379,0.0501390438749922,0.0011881415000516,0.248406645696407
lead_propensity_not_uplift,propensity_not_uplift,0.25,propensity_ev_gbm,incremental_net_value_per_1k,26014.62963872987,13609.66379607427,17246.03810581944,34704.6723167906,8,,33.65126757474914,1.6415446069999007,0.24313363475005184,0.2487482250847558
lead_propensity_not_uplift,propensity_not_uplift,0.25,propensity_ev_logit,incremental_net_value_per_1k,25914.711000949384,12417.889468217083,17928.11729967518,33749.24971196397,8,,33.78915259077647,0.9402019294998354,0.17292429525002712,0.2482829494072873
lead_propensity_not_uplift,propensity_not_uplift,0.25,hist_roas,incremental_net_value_per_1k,22529.60736984074,8275.106001258135,17243.351824938793,27811.73518141536,8,,30.67055964842949,0.04484858650005204,0.0011407880000433124,0.24805315467185068
lead_propensity_not_uplift,propensity_not_uplift,0.25,last_click_attribution,incremental_net_value_per_1k,22321.306639382634,9068.761821905891,16617.978676843024,28176.89182761719,8,,30.218533476621097,0.04939100312503793,0.0024327993751284754,0.24722245916343355
lead_propensity_not_uplift,propensity_not_uplift,0.25,existing_policy_capped,incremental_net_value_per_1k,22197.030040369307,3670.2826159901706,19773.2802608271,24464.46003306474,8,,31.18950811514263,0.0,0.0,0.24994495570525288
lead_propensity_not_uplift,propensity_not_uplift,0.25,lead_score_logit,incremental_net_value_per_1k,21021.79831039226,9869.744507778407,15134.482215710934,27754.952327517964,8,,28.23145151226138,0.9057260833749297,0.1606449148749789,0.24631407341703987
lead_propensity_not_uplift,propensity_not_uplift,0.25,call_everyone,incremental_net_value_per_1k,19859.63068160773,7874.533215510379,15446.024541551076,25483.329194855476,8,,26.90897792805536,0.03741362199991723,0.005723139749989012,0.247854276704337
lead_propensity_not_uplift,propensity_not_uplift,0.25,lead_score_gbm,incremental_net_value_per_1k,19615.31046904713,8750.46065466395,14050.487207326789,25314.776787127856,8,,26.247437574684522,1.5821127324999225,0.19365685312516231,0.2457160257096237
lead_propensity_not_uplift,propensity_not_uplift,0.25,existing_policy_replay,incremental_net_value_per_1k,19397.26365735056,6221.6236064660425,15728.901920103131,23643.943050952766,8,,26.55796673442253,0.0,0.0,0.24910779419911705
lead_propensity_not_uplift,propensity_not_uplift,0.25,random,incremental_net_value_per_1k,18315.247590432613,6533.988183276788,14338.301868689672,22666.751078309608,8,,24.71305309346392,0.0408207327499212,0.0009707043748221126,0.24695893156020182
lead_propensity_not_uplift,propensity_not_uplift,0.25,lowest_cpl,incremental_net_value_per_1k,18268.845226994374,9698.604221450953,11506.792040435645,23981.680729767177,8,,23.956649914945913,0.04072868687489969,0.000879817874988425,0.2467264037141983
lead_propensity_not_uplift,propensity_not_uplift,0.25,fifo,incremental_net_value_per_1k,18078.944921035287,6880.177811763287,14215.426310093855,22976.68030599227,8,,24.57493150373187,0.04092258662512899,0.0008662222500106125,0.24788685062845964
lead_propensity_not_uplift,propensity_not_uplift,0.25,do_nothing,incremental_net_value_per_1k,0.0,0.0,0.0,0.0,8,,0.0,1.8165000028602665e-06,0.00020219662474114998,0.0
lead_rare_outcome,rare_outcome,0.25,oracle,incremental_net_value_per_1k,50823.61674179009,29027.888028802496,34891.569237777396,71386.48228403267,8,,100.0,1.8831250372386421e-06,0.0005994129999180124,0.2971246875397229
lead_rare_outcome,rare_outcome,0.25,lead_score_logit,incremental_net_value_per_1k,35406.79597441328,14635.48184054492,26729.404580560466,45566.16268822246,8,,73.67110798452904,0.8385066472499147,0.16030915562487275,0.24633095699389712
lead_rare_outcome,rare_outcome,0.25,propensity_ev_logit,incremental_net_value_per_1k,34321.1972986484,18821.774311807938,23678.081678825634,47739.57969750415,8,,68.11958484789747,0.8872337046250323,0.18556161425021853,0.24777634167815699
lead_rare_outcome,rare_outcome,0.25,propensity_ev_gbm,incremental_net_value_per_1k,33089.64417816214,16675.794186598447,23738.559294081017,45040.905839312414,8,,66.74887793817132,1.5461985102502922,0.24642466325042278,0.24753310316672072
lead_rare_outcome,rare_outcome,0.25,funnel_ev_gbm,incremental_net_value_per_1k,33072.94837603334,16467.821826181633,23741.638989199877,44699.45408266724,8,,67.05702149198468,2.7493284160000258,0.5252509933749252,0.24863454673350366
lead_rare_outcome,rare_outcome,0.25,lead_score_gbm,incremental_net_value_per_1k,32963.865284978325,14461.865848580475,24873.45693460809,43367.5704968045,8,,68.47847536492009,1.4940773868751194,0.19392947112510223,0.24630940749645247
lead_rare_outcome,rare_outcome,0.25,s_learner,incremental_net_value_per_1k,32838.88098319361,17717.03345480327,23037.430619505372,45568.43065976043,8,,65.45672775900528,1.9885541853751647,0.2993521313750307,0.24746686242977492
lead_rare_outcome,rare_outcome,0.25,t_learner,incremental_net_value_per_1k,27660.219683175506,14899.678196902036,19452.712775247044,38400.29222259125,8,,55.76609192573485,2.153783268499865,0.301724501250078,0.24861657310190366
lead_rare_outcome,rare_outcome,0.25,x_learner,incremental_net_value_per_1k,27114.16079402528,16111.530729989196,18407.621158929534,38830.90662626483,8,,53.314871949697576,3.6646157806251267,0.49816673475027073,0.2473687431627539
lead_rare_outcome,rare_outcome,0.25,causal_forest,incremental_net_value_per_1k,25489.379604331567,14771.280989176154,17222.308561447266,35971.79140706302,8,,50.71839923331663,29.19014620899975,1.1524142957498498,0.24860795151189263
lead_rare_outcome,rare_outcome,0.25,dr_learner,incremental_net_value_per_1k,21250.557132251983,13499.40064879953,14258.88556476864,31148.24205936036,8,,41.61025092625899,5.0014972729998135,0.20449057862492734,0.2501897978397626
lead_rare_outcome,rare_outcome,0.25,hist_conversion_rate,incremental_net_value_per_1k,19365.034950027377,12344.458860593604,12669.276541179457,28137.77511963471,8,,37.89661521806886,0.04839166562487656,0.001641562000145275,0.24869295144715153
lead_rare_outcome,rare_outcome,0.25,hist_net_profit,incremental_net_value_per_1k,18001.948986817348,9082.97509855661,12510.723751233345,24228.135956864702,8,,36.37651327528223,0.051832824249800014,0.0012067307501410752,0.24704209268282734
lead_rare_outcome,rare_outcome,0.25,hist_profit_per_agent_hour,incremental_net_value_per_1k,17662.802848634936,9242.705832171318,12091.546606746637,23935.489405757733,8,,35.282092385339354,0.0527591261252382,0.001242431250034275,0.24746127444003724
lead_rare_outcome,rare_outcome,0.25,hist_roas,incremental_net_value_per_1k,17076.925932478436,8697.401361908074,11885.836940570161,23018.12706877742,8,,34.31163054909819,0.047054659125024004,0.0014717505001726125,0.2476154823194748
lead_rare_outcome,rare_outcome,0.25,lowest_cpl,incremental_net_value_per_1k,16323.280666829993,12147.002504559247,9009.349689056791,24641.82645798618,8,,30.709964633432822,0.04500401975019482,0.0008593146250177124,0.2467264037141983
lead_rare_outcome,rare_outcome,0.25,existing_policy_capped,incremental_net_value_per_1k,16313.407930121073,8863.800172475141,10906.076976068378,22242.97313371278,8,,32.14787705517955,0.0,0.0,0.25106948137847807
lead_rare_outcome,rare_outcome,0.25,class_transformation,incremental_net_value_per_1k,15926.123289898216,10445.379895446482,9989.823039826377,23261.608553665475,8,,30.36811157947023,2.0692463875000158,0.24653305387516866,0.2477429116390817
lead_rare_outcome,rare_outcome,0.25,last_click_attribution,incremental_net_value_per_1k,15126.177612300442,9902.580643784126,10421.479940342739,22387.2465420808,8,,29.873804785951258,0.050845537874920355,0.0024434088750239754,0.2475079864515328
lead_rare_outcome,rare_outcome,0.25,call_everyone,incremental_net_value_per_1k,14376.110564308143,9692.151189267399,8661.193604268481,21019.280249861295,8,,27.18748386485087,0.03838418600014387,0.006795063624735962,0.247854276704337
lead_rare_outcome,rare_outcome,0.25,random,incremental_net_value_per_1k,13736.737384757063,10469.457094421623,8198.699708541322,21101.50234166556,8,,25.495417457470914,0.040514922499937656,0.0009217326247607625,0.24695893156020182
lead_rare_outcome,rare_outcome,0.25,fifo,incremental_net_value_per_1k,13150.883860469125,5831.685697875165,9506.680422420166,16944.92703975783,8,,27.384169599073815,0.05186888550008456,0.0008883970000396875,0.24788685062845964
lead_rare_outcome,rare_outcome,0.25,existing_policy_replay,incremental_net_value_per_1k,11518.633018842429,6153.487539564534,7745.203808623073,15579.044311224907,8,,22.90226898929573,0.0,0.0,0.24910779419911705
lead_rare_outcome,rare_outcome,0.25,do_nothing,incremental_net_value_per_1k,0.0,0.0,0.0,0.0,8,,0.0,1.6741249737606267e-06,0.00019810499998125,0.0
lead_seasonality_trend,seasonality_trend,0.25,oracle,incremental_net_value_per_1k,123775.51752488702,29072.877619880586,106953.14868053494,143972.1035409171,8,,100.0,2.2168749183038017e-06,0.0005276869999306126,0.3098439707154823
lead_seasonality_trend,seasonality_trend,0.25,s_learner,incremental_net_value_per_1k,74922.28695442819,23104.66717521312,61622.96692734538,91073.55237463131,8,,59.83475824924541,2.13979739350043,0.30051753699967776,0.24820841270611504
lead_seasonality_trend,seasonality_trend,0.25,propensity_ev_logit,incremental_net_value_per_1k,72793.05160915728,16126.530270971181,62699.61655016269,83083.4937820198,8,,59.27034400323366,0.9167762989998209,0.17303589012522022,0.24843248790326516
lead_seasonality_trend,seasonality_trend,0.25,funnel_ev_gbm,incremental_net_value_per_1k,72688.64578263025,18445.177732930195,61228.68782610101,84638.19684993962,8,,58.762884541703585,2.962613741750147,0.5253904961250555,0.2487665974343196
lead_seasonality_trend,seasonality_trend,0.25,t_learner,incremental_net_value_per_1k,71163.2059842356,22319.790240422153,58020.597353018224,86515.73090167818,8,,56.935283189647734,2.368764283374503,0.2998212425004567,0.24824248155901535
lead_seasonality_trend,seasonality_trend,0.25,propensity_ev_gbm,incremental_net_value_per_1k,70132.50160698206,16807.80923106216,59960.5686850248,81359.50185402881,8,,56.737773195987465,1.6333506086252783,0.24403367300010353,0.24864906980702253
lead_seasonality_trend,seasonality_trend,0.25,x_learner,incremental_net_value_per_1k,69948.19411167582,20153.634557123412,57817.91246252888,83451.76648019854,8,,56.00131026446334,3.8922470872498707,0.4932622736243957,0.2491720482488497
lead_seasonality_trend,seasonality_trend,0.25,lead_score_logit,incremental_net_value_per_1k,65913.528787141,11760.107609236817,58406.22469063396,73509.26772054017,8,,54.17571792357193,0.9004612930002622,0.163779449750109,0.24650010250381704
lead_seasonality_trend,seasonality_trend,0.25,causal_forest,incremental_net_value_per_1k,64646.913055892124,18313.487354733457,52515.59866814948,75991.03370437854,8,,52.07629229843355,9.79927982175036,0.848291340874539,0.24942923304880704
lead_seasonality_trend,seasonality_trend,0.25,dr_learner,incremental_net_value_per_1k,62683.518778683574,18037.85618844892,51301.45103237097,74265.54981977749,8,,50.270000196951614,5.236644878375273,0.2236960487496162,0.2489166523784495
lead_seasonality_trend,seasonality_trend,0.25,lead_score_gbm,incremental_net_value_per_1k,62626.07096882897,9922.53732010588,56357.57485256241,68999.7034822192,8,,51.5855956848165,1.587141427624374,0.19993664162507224,0.2469890678897998
lead_seasonality_trend,seasonality_trend,0.25,class_transformation,incremental_net_value_per_1k,54635.51729445662,19907.96166728669,42110.32630391853,67845.47952129795,8,,43.219182960612144,2.196899480125012,0.24880996299998512,0.24803668097898013
lead_seasonality_trend,seasonality_trend,0.25,hist_conversion_rate,incremental_net_value_per_1k,51254.06510308193,13609.858237293154,43803.559510042105,60939.49044306838,8,,41.34634272742041,0.04372329099965095,0.0011851819999719251,0.24862541650950468
lead_seasonality_trend,seasonality_trend,0.25,hist_net_profit,incremental_net_value_per_1k,48155.4489819732,10609.696381456279,41635.46988864536,55342.30584514055,8,,39.22917907570598,0.05007700487522011,0.0012017842498152625,0.2484717652175713
lead_seasonality_trend,seasonality_trend,0.25,hist_profit_per_agent_hour,incremental_net_value_per_1k,47191.27274858949,10191.673728661342,41126.46739318834,54081.851809862106,8,,38.414694177288176,0.054046669249828434,0.0012272527505955999,0.24880711062333924
lead_seasonality_trend,seasonality_trend,0.25,hist_roas,incremental_net_value_per_1k,42220.46366445367,6157.980137188592,38204.14606727869,46098.86616864227,8,,35.05719863318633,0.04554010250012648,0.0012454857496777,0.24817039910584993
lead_seasonality_trend,seasonality_trend,0.25,lowest_cpl,incremental_net_value_per_1k,41702.5024331052,17636.89678751868,30607.58466471869,53412.63438824203,8,,33.173579509529,0.041831252000065385,0.0008979152501069125,0.2467264037141983
lead_seasonality_trend,seasonality_trend,0.25,last_click_attribution,incremental_net_value_per_1k,41171.46813590383,9301.178747446378,35961.58266128628,47874.11658002967,8,,33.50519643238122,0.05049289549947385,0.0024563696251788747,0.24708612651176348
lead_seasonality_trend,seasonality_trend,0.25,existing_policy_capped,incremental_net_value_per_1k,40808.704146065626,10999.781100007938,33502.1143772891,47661.11958816106,8,,32.96917243630171,0.0,0.0,0.2500995106208561
lead_seasonality_trend,seasonality_trend,0.25,random,incremental_net_value_per_1k,37264.28623221748,15687.533414611717,28748.574052282565,48544.33988527678,8,,29.207923710520618,0.04268694112488443,0.0009833488747971874,0.24695893156020182
lead_seasonality_trend,seasonality_trend,0.25,call_everyone,incremental_net_value_per_1k,35576.749902699274,11676.422732291107,28600.065683332483,43512.631154971874,8,,28.595563413651135,0.036890851250063805,0.006054053624666225,0.247854276704337
lead_seasonality_trend,seasonality_trend,0.25,existing_policy_replay,incremental_net_value_per_1k,35248.711651159276,11963.355089656718,27968.55004919472,43377.26443026884,8,,28.006895750608468,0.0,0.0,0.24910779419911705
lead_seasonality_trend,seasonality_trend,0.25,fifo,incremental_net_value_per_1k,29227.339560937933,13187.581036921032,22738.557972632367,38860.418359049116,8,,23.109063493636583,0.04165863612547579,0.0009518862500498999,0.24788685062845964
lead_seasonality_trend,seasonality_trend,0.25,do_nothing,incremental_net_value_per_1k,0.0,0.0,0.0,0.0,8,,0.0,1.738624632707797e-06,0.0002251308749236625,0.0
lead_selection_bias,selection_bias,0.25,oracle,incremental_net_value_per_1k,109067.90386101804,32587.259888886772,90293.68686990156,131784.1900279333,8,,100.0,2.2176252514327643e-06,0.000516582000273,0.307515608915514
lead_selection_bias,selection_bias,0.25,propensity_ev_logit,incremental_net_value_per_1k,71360.18002466363,18958.337845275542,59332.480468655674,83543.53015185094,8,,65.91253991345883,0.9258008528747723,0.177378204499746,0.2482241277237278
lead_selection_bias,selection_bias,0.25,propensity_ev_gbm,incremental_net_value_per_1k,68309.82824431449,18118.850351877903,57147.031169110756,80290.93282616734,8,,63.21690249829855,1.6689444001247011,0.2472206906249994,0.24834414790472847
lead_selection_bias,selection_bias,0.25,s_learner,incremental_net_value_per_1k,68268.62957908261,20783.26976032742,55632.51543445312,82363.91026045015,8,,62.57378500524802,2.084640709124642,0.2996416047492403,0.24820532631371559
lead_selection_bias,selection_bias,0.25,funnel_ev_gbm,incremental_net_value_per_1k,67390.47050853154,17686.262259280633,56146.552049792735,78754.54191196241,8,,62.31601364951955,2.9693949757502196,0.5239975577501355,0.2487347670148377
lead_selection_bias,selection_bias,0.25,t_learner,incremental_net_value_per_1k,67297.08591870131,20200.701637602655,55325.58761636203,81229.94410395827,8,,61.68842984820675,2.3294285041249623,0.30267666949998784,0.24842795075725785
lead_selection_bias,selection_bias,0.25,x_learner,incremental_net_value_per_1k,64443.87671452251,18576.3718739419,52461.55511204768,76332.61053613083,8,,59.098884329923465,3.9377527945000566,0.5497600981250343,0.24920731487334563
lead_selection_bias,selection_bias,0.25,lead_score_logit,incremental_net_value_per_1k,63206.98278922469,11562.486164267752,56145.7856819696,70856.70130040945,8,,59.93472296267072,0.9473489417498513,0.17035716899999892,0.2464837477683673
lead_selection_bias,selection_bias,0.25,lead_score_gbm,incremental_net_value_per_1k,62184.05819826735,12527.06666067114,54765.356107198335,70763.60866301123,8,,58.66729881653319,1.6152159190003204,0.20159022687516875,0.24667820522284276
lead_selection_bias,selection_bias,0.25,causal_forest,incremental_net_value_per_1k,58483.67010006745,21951.479602880947,44437.02546080822,72520.77052117404,8,,52.71915689388369,19.436043244375014,1.0106719287502983,0.24924086823556943
lead_selection_bias,selection_bias,0.25,dr_learner,incremental_net_value_per_1k,55140.67962829059,20404.36980887849,42049.77984911881,68287.837595372,8,,49.68687846552922,5.448952385374469,0.21998940587491234,0.24930507484115202
lead_selection_bias,selection_bias,0.25,existing_policy_capped,incremental_net_value_per_1k,51761.923031152575,16192.445900593037,41872.5618759647,62742.17210436654,8,,47.31380374097732,0.0,0.0,0.24973159675541493
lead_selection_bias,selection_bias,0.25,hist_conversion_rate,incremental_net_value_per_1k,48811.801202809125,16048.147937233218,39524.93914410159,59947.011234688514,8,,44.52329944083949,0.04347579162504185,0.0011462888755885874,0.24786880310322812
lead_selection_bias,selection_bias,0.25,hist_net_profit,incremental_net_value_per_1k,43695.79447912397,13599.857183677112,35262.380918388895,52639.67737085559,8,,40.06066399833726,0.05175795937520884,0.0012247026252225,0.24844209134930179
lead_selection_bias,selection_bias,0.25,hist_profit_per_agent_hour,incremental_net_value_per_1k,43022.23321771966,13146.948249389436,34971.83652286762,51793.75526918879,8,,39.446815785148786,0.056389187749800784,0.0011972273753144123,0.2482553803054815
lead_selection_bias,selection_bias,0.25,existing_policy_replay,incremental_net_value_per_1k,41797.71308295652,16239.351090693259,32570.664751057397,53246.491656529804,8,,38.219678003113124,0.0,0.0,0.24833571360126516
lead_selection_bias,selection_bias,0.25,hist_roas,incremental_net_value_per_1k,37787.59835927645,10532.056578242342,31041.614902740253,44456.18958864922,8,,35.32217481593879,0.04539557087491626,0.0011791206250108626,0.24775211145443327
lead_selection_bias,selection_bias,0.25,lowest_cpl,incremental_net_value_per_1k,36059.58806662547,19691.989950971154,23928.20031307869,49266.4324031233,8,,31.968086675446532,0.04188720750016722,0.0008485228750032001,0.2465529228815404
lead_selection_bias,selection_bias,0.25,last_click_attribution,incremental_net_value_per_1k,35186.631768709856,11113.437873322579,28430.200987805212,42622.890675907154,8,,32.27758323224815,0.05281853112501263,0.0029563350003627,0.2480413079227624
lead_selection_bias,selection_bias,0.25,call_everyone,incremental_net_value_per_1k,30281.278558716796,14314.4979795755,21877.801249553693,40198.95819605469,8,,27.017306733642755,0.036274506875315596,0.005774549125362625,0.24773569955793295
lead_selection_bias,selection_bias,0.25,random,incremental_net_value_per_1k,30187.64822447485,15569.332704567532,21630.169371261865,41232.0412402696,8,,26.44473722281277,0.0423260121251587,0.0009885136248612499,0.24665401907327944
lead_selection_bias,selection_bias,0.25,fifo,incremental_net_value_per_1k,28598.835840330248,11877.085841822984,22601.01269554548,37353.15445076229,8,,26.369878164382484,0.041831906749848664,0.0008871115001056376,0.24793735410874645
lead_selection_bias,selection_bias,0.25,class_transformation,incremental_net_value_per_1k,23007.142008674906,11273.220732466647,15783.160361387905,30227.55314926769,8,,20.59851861221229,2.11632505462444,0.24799107074954915,0.24834769636472664
lead_selection_bias,selection_bias,0.25,do_nothing,incremental_net_value_per_1k,0.0,0.0,0.0,0.0,8,,0.0,1.6774999949120684e-06,0.00019071562473977501,0.0
lead_sparse,sparse,0.25,oracle,incremental_net_value_per_1k,119486.33338618887,23313.085659834145,104798.56641111855,134671.33956212125,8,,100.0,2.2069998522056267e-06,0.00047786712480042497,0.30210970359325073
lead_sparse,sparse,0.25,propensity_ev_logit,incremental_net_value_per_1k,75739.26861047818,14740.758421899018,66944.52356273652,85895.19423084587,8,,63.7746578843211,1.3378772278748556,0.18961178674976503,0.24820667375498645
lead_sparse,sparse,0.25,funnel_ev_gbm,incremental_net_value_per_1k,71608.24900232346,13591.12252224803,63704.331960902804,81125.77139103909,8,,60.32750821877052,2.9884803730001295,0.5216169501250079,0.24820890477440166
lead_sparse,sparse,0.25,propensity_ev_gbm,incremental_net_value_per_1k,71369.58203380201,13764.872628122557,63113.82737732701,80818.94153172369,8,,59.99612916738996,1.6441913682498353,0.2494247404999896,0.2479540223313172
lead_sparse,sparse,0.25,lead_score_logit,incremental_net_value_per_1k,70398.03513397422,12947.86041262321,62471.58921996077,78747.75421854419,8,,59.18206490540672,1.1507197254999255,0.16909175087505446,0.24674075667323675
lead_sparse,sparse,0.25,s_learner,incremental_net_value_per_1k,69078.89841551296,12269.044529233079,61578.38404436308,76828.99989603067,8,,58.17395526954793,2.172691324499965,0.3207318702499151,0.24740415565829643
lead_sparse,sparse,0.25,t_learner,incremental_net_value_per_1k,65517.59607402826,11398.828794013989,58310.47519194796,73170.95235887251,8,,55.28875968855922,2.3968547084999727,0.30912865037510073,0.24775635272203045
lead_sparse,sparse,0.25,x_learner,incremental_net_value_per_1k,65287.920404367076,11624.262438842921,57559.63625352132,72571.3000988136,8,,54.873996781943916,3.9820048077500587,0.5056560596248119,0.2482216053446341
lead_sparse,sparse,0.25,lead_score_gbm,incremental_net_value_per_1k,64918.344915793125,13795.670685131954,56533.357182396925,74296.21424641831,8,,54.34588622130293,1.6183906728751936,0.19940069850019876,0.24665626882345315
lead_sparse,sparse,0.25,dr_learner,incremental_net_value_per_1k,61506.749942966126,13128.789545430185,53435.47212044426,70450.89131355993,8,,51.499471085064854,5.246897088375135,0.22242472662526322,0.249209230126894
lead_sparse,sparse,0.25,causal_forest,incremental_net_value_per_1k,61429.82568522575,16025.1207890149,52318.97067134982,72792.44071991663,8,,51.274305139617724,26.178676189749922,1.1665153769997687,0.24955049163926218
lead_sparse,sparse,0.25,hist_conversion_rate,incremental_net_value_per_1k,52003.83911707015,10105.433706798174,45586.34831096178,58521.97353855515,8,,43.791647298203195,0.042325208749843975,0.001105148625015275,0.2473359041411188
lead_sparse,sparse,0.25,hist_net_profit,incremental_net_value_per_1k,51312.399620621516,9298.324579193557,46076.26295248209,57913.81691415778,8,,43.39396405022988,0.05082138024988575,0.001336351000190875,0.24756787801697533
lead_sparse,sparse,0.25,hist_profit_per_agent_hour,incremental_net_value_per_1k,50805.54234894983,9812.139126251253,45051.63226809615,57614.385242495744,8,,42.8063754358696,0.052676364500030076,0.0012463571251828,0.24857492421633698
lead_sparse,sparse,0.25,existing_policy_capped,incremental_net_value_per_1k,49508.34517691309,11479.31132737033,41897.941045897176,56624.484794754055,8,,41.24509854958716,0.0,0.0,0.2522386919383648
lead_sparse,sparse,0.25,class_transformation,incremental_net_value_per_1k,47174.44115920757,12991.241358036144,39695.62242063074,56466.17160307265,8,,39.34098817023415,2.2435652071249024,0.26612457287501456,0.24940572374096756
lead_sparse,sparse,0.25,hist_roas,incremental_net_value_per_1k,46112.67947029706,8980.127073620091,40596.54717150227,52154.66728838343,8,,39.39680880277833,0.0447369246248854,0.0011307540000870626,0.24700794360277217
lead_sparse,sparse,0.25,last_click_attribution,incremental_net_value_per_1k,39090.5961540224,6044.654430284752,35308.28672588861,43104.392115631046,8,,33.03228737748689,0.04923323987486579,0.002407048124837225,0.24645514794912418
lead_sparse,sparse,0.25,call_everyone,incremental_net_value_per_1k,35133.519001922556,11005.985265258243,28301.099345241746,42354.98465734499,8,,28.915267779850037,0.03789765987517052,0.0058060679999698255,0.24775798525421525
lead_sparse,sparse,0.25,existing_policy_replay,incremental_net_value_per_1k,34233.792003945804,11664.37229623132,27924.440376524857,42658.59675620334,8,,28.437088797932958,0.0,0.0,0.2508458594398654
lead_sparse,sparse,0.25,fifo,incremental_net_value_per_1k,33011.97598271422,11619.771539298086,26620.716809628277,41336.15791605422,8,,27.361449103810074,0.041256174124896426,0.0008518519998687751,0.24708248974428135
lead_sparse,sparse,0.25,random,incremental_net_value_per_1k,32859.053378738405,9515.300562790535,27211.290000677574,39427.55406522891,8,,27.237529333058156,0.041548249500010515,0.000920501375276175,0.24751500383246317
lead_sparse,sparse,0.25,lowest_cpl,incremental_net_value_per_1k,32754.513171056667,6498.5502343357375,28812.307979023393,37217.91036016034,8,,27.948619692776916,0.04076578437491203,0.0008486053749265374,0.24645850785339501
lead_sparse,sparse,0.25,do_nothing,incremental_net_value_per_1k,0.0,0.0,0.0,0.0,8,,0.0,1.802125098038232e-06,0.00019899187498136252,0.0
lead_strong_heterogeneity,strong_heterogeneity,0.25,oracle,incremental_net_value_per_1k,174576.59580727902,20501.310455369872,162005.47003080157,188123.46884577602,8,,100.0,2.0092498971280293e-06,0.0005433352499721375,0.2923204427824711
lead_strong_heterogeneity,strong_heterogeneity,0.25,s_learner,incremental_net_value_per_1k,127440.50790781024,18582.967584196776,115605.75564619384,139278.02910234052,8,,72.84821014233769,2.4202410591248054,0.3407847209996362,0.24813342775098882
lead_strong_heterogeneity,strong_heterogeneity,0.25,x_learner,incremental_net_value_per_1k,124265.00929519083,17589.717103994564,113265.16625201885,135753.46177552888,8,,71.06366136694163,4.311566974624952,0.5457086579997394,0.24784252692766895
lead_strong_heterogeneity,strong_heterogeneity,0.25,t_learner,incremental_net_value_per_1k,119227.25652214841,20493.469586506737,106514.459885083,132657.59139944566,8,,67.96638636280296,2.581125423625508,0.3419789446249979,0.24837883201189306
lead_strong_heterogeneity,strong_heterogeneity,0.25,causal_forest,incremental_net_value_per_1k,116017.55379943996,16395.10115885319,105426.21386817381,126504.83287989753,8,,66.45713082146175,24.70326596224993,1.192906209249827,0.24814296995488933
lead_strong_heterogeneity,strong_heterogeneity,0.25,dr_learner,incremental_net_value_per_1k,115109.73211520471,16183.36312037008,104787.25262157177,125631.68188106711,8,,65.89252013437527,5.760962909999989,0.24275902850013148,0.2476676941094495
lead_strong_heterogeneity,strong_heterogeneity,0.25,propensity_ev_gbm,incremental_net_value_per_1k,110133.0940150888,14375.203823747752,101208.86945075658,119860.3423562583,8,,63.36843186721232,1.7140599613752556,0.269792373250084,0.24936116056418264
lead_strong_heterogeneity,strong_heterogeneity,0.25,funnel_ev_gbm,incremental_net_value_per_1k,110132.03895527669,14696.915884222037,100968.16820858573,119944.134967069,8,,63.34667561385635,3.210295505624572,0.5864785562498582,0.24858456479739438
lead_strong_heterogeneity,strong_heterogeneity,0.25,propensity_ev_logit,incremental_net_value_per_1k,100107.20204288453,20454.969755003563,87635.95443280322,114112.28736407784,8,,57.55602270913381,0.9465202733750857,0.18597208287508232,0.24824879822637463
lead_strong_heterogeneity,strong_heterogeneity,0.25,lead_score_logit,incremental_net_value_per_1k,98227.61534623281,21450.067210126752,84870.72503398429,112833.96816557103,8,,56.857625545097264,0.9918530457501902,0.16614363074984334,0.24599520248955764
lead_strong_heterogeneity,strong_heterogeneity,0.25,class_transformation,incremental_net_value_per_1k,96878.34717542102,19368.83720060283,84677.54703452741,109344.2612287114,8,,55.155842409071525,2.3969334278752967,0.2699975476249392,0.24830251258454503
lead_strong_heterogeneity,strong_heterogeneity,0.25,lead_score_gbm,incremental_net_value_per_1k,94731.19728102308,22360.21491166511,80162.95536848006,109337.97232683352,8,,54.98806263845011,1.670666864250279,0.20421079574987283,0.24666560844432
lead_strong_heterogeneity,strong_heterogeneity,0.25,hist_net_profit,incremental_net_value_per_1k,55155.94003382297,9467.501990971195,48970.29491058605,61244.65419157703,8,,31.596283587280702,0.05252625400032679,0.0011777448751217373,0.24857409765484056
lead_strong_heterogeneity,strong_heterogeneity,0.25,hist_profit_per_agent_hour,incremental_net_value_per_1k,54345.410448790935,10362.79290283112,47592.400060649765,60957.018615375695,8,,31.0513880593992,0.05384701549985489,0.0012396460000445,0.24896015915611625
lead_strong_heterogeneity,strong_heterogeneity,0.25,hist_conversion_rate,incremental_net_value_per_1k,54281.78144625937,9748.079692694126,48078.69003697405,60648.457826004626,8,,31.122635176728146,0.045678484875111225,0.0011497897502294623,0.2491319075399056
lead_strong_heterogeneity,strong_heterogeneity,0.25,lowest_cpl,incremental_net_value_per_1k,50982.964364791915,16518.290897306182,40202.1143653403,61400.25061042792,8,,28.760489189315173,0.044506786124998116,0.0008468836247174625,0.2467264037141983
lead_strong_heterogeneity,strong_heterogeneity,0.25,hist_roas,incremental_net_value_per_1k,49364.70218763397,12916.396298123578,41041.16778147024,57737.568046219516,8,,28.30510633394888,0.048983523625224686,0.0016859958749363875,0.24691435343742912
lead_strong_heterogeneity,strong_heterogeneity,0.25,last_click_attribution,incremental_net_value_per_1k,47169.28157669478,8031.209467536618,42421.38592163866,52655.746010258816,8,,27.168590803113403,0.05292427599999876,0.0023654704998534127,0.24712014474553679
lead_strong_heterogeneity,strong_heterogeneity,0.25,existing_policy_capped,incremental_net_value_per_1k,45987.605498655714,9443.878468702904,39805.780339511955,51993.21738511102,8,,26.493510123423395,0.0,0.0,0.24991173334531494
lead_strong_heterogeneity,strong_heterogeneity,0.25,random,incremental_net_value_per_1k,45515.56139726809,9554.951971483833,39584.246556628,51924.96891666898,8,,25.908368124344495,0.04372892237529409,0.0009185701251225875,0.24695893156020182
lead_strong_heterogeneity,strong_heterogeneity,0.25,existing_policy_replay,incremental_net_value_per_1k,44444.51294339454,6347.557016138907,40170.960690177926,48426.72106029446,8,,25.55346551196577,0.0,0.0,0.24910779419911705
lead_strong_heterogeneity,strong_heterogeneity,0.25,fifo,incremental_net_value_per_1k,41777.18282057092,6632.164918412344,37815.427185713765,46341.35050300906,8,,23.967602210429654,0.04577556300000647,0.0009119417496776376,0.24788685062845964
lead_strong_heterogeneity,strong_heterogeneity,0.25,call_everyone,incremental_net_value_per_1k,41436.97541139467,9595.98476609438,35018.14914029546,47420.59118895439,8,,23.558294820962836,0.04016188087530277,0.006805019999774175,0.247854276704337
lead_strong_heterogeneity,strong_heterogeneity,0.25,do_nothing,incremental_net_value_per_1k,0.0,0.0,0.0,0.0,8,,0.0,1.7873750266517163e-06,0.00019790349995215002,0.0
lead_value_heterogeneity,value_heterogeneity,0.25,oracle,incremental_net_value_per_1k,203512.926523348,68322.99518996052,162689.40598949033,250536.77969114517,8,,100.0,2.1378748442657525e-06,0.000494446500397275,0.29542869525636933
lead_value_heterogeneity,value_heterogeneity,0.25,s_learner,incremental_net_value_per_1k,115083.6208983484,46927.50407486978,89601.32426407532,148723.8286913609,8,,56.18510607397145,2.1711363076251473,0.3053228191247399,0.2482232496796387
lead_value_heterogeneity,value_heterogeneity,0.25,propensity_ev_logit,incremental_net_value_per_1k,112050.239825569,29315.346612411835,94438.85430828594,131988.81338365065,8,,56.400636388753654,0.9405697649999638,0.178375374624693,0.24804975568239096
lead_value_heterogeneity,value_heterogeneity,0.25,propensity_ev_gbm,incremental_net_value_per_1k,107189.95287105744,29957.910260008968,90212.92643771265,128378.84770140982,8,,53.82328135865771,1.6817994308753441,0.24934190775024942,0.24824622072651495
lead_value_heterogeneity,value_heterogeneity,0.25,funnel_ev_gbm,incremental_net_value_per_1k,106776.42990213318,36346.09311239175,87635.10551970056,133221.07019926902,8,,53.21074450889904,2.951973100374744,0.539020190374913,0.24833527093023977
lead_value_heterogeneity,value_heterogeneity,0.25,x_learner,incremental_net_value_per_1k,106263.33772646608,46859.70684075705,81277.29939838653,140390.3317715737,8,,51.70496108216905,3.9453092068752085,0.5051403113743618,0.24841314144358992
lead_value_heterogeneity,value_heterogeneity,0.25,t_learner,incremental_net_value_per_1k,103362.89492699705,46023.518396958025,78896.58574351814,136909.35142850108,8,,50.315030933660765,2.407260850749708,0.32870011599948157,0.2481834027118863
lead_value_heterogeneity,value_heterogeneity,0.25,lead_score_logit,incremental_net_value_per_1k,103073.05007897888,20389.59703301505,91011.56782906986,117224.50753335851,8,,53.354417223323516,0.9246171792501627,0.16536250312560696,0.2460932255926465
lead_value_heterogeneity,value_heterogeneity,0.25,lead_score_gbm,incremental_net_value_per_1k,99799.4612697132,20603.225573911375,87852.23337027754,114271.05411286064,8,,51.66893405444192,1.6050969342493318,0.20408566237483677,0.24663335378940338
lead_value_heterogeneity,value_heterogeneity,0.25,causal_forest,incremental_net_value_per_1k,87474.88849985338,42853.67324562593,62113.52298050344,117191.74521080872,8,,41.81660319398382,25.154603874375425,1.16393054162495,0.2495623043459427
lead_value_heterogeneity,value_heterogeneity,0.25,dr_learner,incremental_net_value_per_1k,87235.59454638281,48136.54887564559,60542.436134787444,121256.09318173763,8,,41.575608603205296,5.2345306941247145,0.22387565037524834,0.24915610005999606
lead_value_heterogeneity,value_heterogeneity,0.25,hist_conversion_rate,incremental_net_value_per_1k,83159.77856118086,35089.8597208016,62237.29074380245,107078.10153576714,8,,40.07774673462348,0.04330020262545981,0.00112883075007625,0.24872863006413473
lead_value_heterogeneity,value_heterogeneity,0.25,class_transformation,incremental_net_value_per_1k,77187.78009347816,41927.78723068387,52624.0871676525,106294.25497897655,8,,35.86057112202294,2.2121453836248293,0.2526295676245809,0.2481474398647742
lead_value_heterogeneity,value_heterogeneity,0.25,hist_profit_per_agent_hour,incremental_net_value_per_1k,74323.83899470179,23564.95510800288,59209.85805476418,89225.21877801119,8,,36.84662552608164,0.05388581250008424,0.001370271750147325,0.2488624786066697
lead_value_heterogeneity,value_heterogeneity,0.25,hist_net_profit,incremental_net_value_per_1k,74320.13335699082,23565.498417947925,59209.80988741525,89225.17061066226,8,,36.844715206333014,0.05051382137526157,0.0012494823749875249,0.2488796640677696
lead_value_heterogeneity,value_heterogeneity,0.25,existing_policy_capped,incremental_net_value_per_1k,72020.04456410764,25010.209503225382,56081.03943409591,87953.60102209088,8,,35.5286838103481,0.0,0.0,0.25128535567672694
lead_value_heterogeneity,value_heterogeneity,0.25,hist_roas,incremental_net_value_per_1k,70684.52589633524,31567.36151788816,51267.260241537035,91581.16969060113,8,,34.54977405223799,0.04453455799966829,0.0011408373752601125,0.2484529133286422
lead_value_heterogeneity,value_heterogeneity,0.25,lowest_cpl,incremental_net_value_per_1k,68590.94983024918,40979.32013513862,43852.52062941147,96797.45510082814,8,,32.5775866395998,0.0410332946250946,0.0008775779999723125,0.2467264037141983
lead_value_heterogeneity,value_heterogeneity,0.25,last_click_attribution,incremental_net_value_per_1k,57789.05857182552,20709.27627365232,45050.75478495792,71805.23041212151,8,,28.69453403946936,0.05431570649989223,0.002978206124680525,0.24713725125613978
lead_value_heterogeneity,value_heterogeneity,0.25,existing_policy_replay,incremental_net_value_per_1k,54450.86096633863,23059.597249788414,40281.3035486212,69893.63851366572,8,,26.333361046061142,0.0,0.0,0.24910779419911705
lead_value_heterogeneity,value_heterogeneity,0.25,random,incremental_net_value_per_1k,51646.94769557314,30702.406972906956,34705.7679924916,73405.88670115464,8,,23.924311468095922,0.040895663999890475,0.0009536066249893,0.24695893156020182
lead_value_heterogeneity,value_heterogeneity,0.25,call_everyone,incremental_net_value_per_1k,50138.00935841463,27037.766302541375,33970.959165130276,68588.10318049102,8,,23.739141901580027,0.03646210624992814,0.005722566000031237,0.247854276704337
lead_value_heterogeneity,value_heterogeneity,0.25,fifo,incremental_net_value_per_1k,47806.30691062167,24442.107509658344,35613.37848125357,65930.27314176572,8,,23.55846628341034,0.04181250812530374,0.00087645949997745,0.24788685062845964
lead_value_heterogeneity,value_heterogeneity,0.25,do_nothing,incremental_net_value_per_1k,0.0,0.0,0.0,0.0,8,,0.0,1.8627501958690118e-06,0.000201069750573825,0.0
lead_very_rare_outcome,very_rare_outcome,0.25,oracle,incremental_net_value_per_1k,24805.66383133208,16006.529850775916,15799.981958720226,36079.799568526156,8,,100.0,2.4772500637482153e-06,0.0005346938750107626,0.29168494340663964
lead_very_rare_outcome,very_rare_outcome,0.25,lead_score_logit,incremental_net_value_per_1k,17603.96683962012,11904.186046277426,10724.114949811625,25909.39332964833,8,,70.1713706320995,0.7899876740000309,0.1332432526249931,0.24643206097635845
lead_very_rare_outcome,very_rare_outcome,0.25,propensity_ev_logit,incremental_net_value_per_1k,17075.943332228555,11145.200645555336,10513.883056649549,24810.188719293626,8,,68.44622844975467,0.806567173624785,0.1409473806251071,0.24771783159499627
lead_very_rare_outcome,very_rare_outcome,0.25,lead_score_gbm,incremental_net_value_per_1k,15898.942252973531,10734.574080276485,9555.170095329679,23315.64335512265,8,,63.56921941627351,1.406680938124964,0.17042451875011005,0.24622322985299827
lead_very_rare_outcome,very_rare_outcome,0.25,funnel_ev_gbm,incremental_net_value_per_1k,15573.1648527584,10626.075411297936,9340.682796044139,22941.427999656167,8,,61.78772512291175,2.6011129290002373,0.5021009967498458,0.2473513175009751
lead_very_rare_outcome,very_rare_outcome,0.25,propensity_ev_gbm,incremental_net_value_per_1k,15498.381942627691,10817.661437954474,9055.525408498146,22919.825459696094,8,,61.02801743021057,1.445298588375067,0.21597285512518732,0.24665378618212427
lead_very_rare_outcome,very_rare_outcome,0.25,s_learner,incremental_net_value_per_1k,14396.788091166398,11046.555535205594,8003.397862399217,22075.70860293772,8,,55.23284202680119,1.8359334507498488,0.266706486125031,0.24629430626139892
lead_very_rare_outcome,very_rare_outcome,0.25,causal_forest,incremental_net_value_per_1k,13630.872518255685,9211.832013517009,8373.653856859091,20122.796566017827,8,,55.325390588929984,30.604058653500033,1.1200471290001133,0.24778246534349443
lead_very_rare_outcome,very_rare_outcome,0.25,t_learner,incremental_net_value_per_1k,11521.378226345332,8989.605390635266,5980.064781764388,17649.270413449558,8,,43.46668758864965,1.920168672999921,0.27421271324988084,0.24871978221953212
lead_very_rare_outcome,very_rare_outcome,0.25,x_learner,incremental_net_value_per_1k,10874.67100383266,8470.255350450276,5899.537977433812,16771.753564456772,8,,41.03160168096103,3.61153177687504,0.4783422698749291,0.2480926905178477
lead_very_rare_outcome,very_rare_outcome,0.25,hist_conversion_rate,incremental_net_value_per_1k,9249.290295734607,6057.456210147128,5650.2094758141275,13440.56074498618,8,,37.49766461584846,0.04979258062496679,0.0011488872499966752,0.2468743050797964
lead_very_rare_outcome,very_rare_outcome,0.25,hist_profit_per_agent_hour,incremental_net_value_per_1k,9229.36054668793,6588.020957160663,5249.052920062895,13720.475282628684,8,,36.62145953110362,0.06406616837500674,0.001249105500050925,0.24752755837345813
lead_very_rare_outcome,very_rare_outcome,0.25,hist_net_profit,incremental_net_value_per_1k,9194.451385581546,6624.32530654332,5194.090427183913,13696.437769344415,8,,36.31315564112474,0.05344888175000048,0.0012551526249353125,0.24754429421493623
lead_very_rare_outcome,very_rare_outcome,0.25,dr_learner,incremental_net_value_per_1k,8766.228181712271,6049.810476131481,5357.542517084704,13068.664307583836,8,,35.47764364082058,4.882124208999926,0.1789820732500402,0.24912547800713072
lead_very_rare_outcome,very_rare_outcome,0.25,hist_roas,incremental_net_value_per_1k,8634.885575746728,6389.06404380072,4801.209514792972,12974.405836665146,8,,33.336854037223034,0.04986424275000438,0.0011651882500700126,0.24739273428854652
lead_very_rare_outcome,very_rare_outcome,0.25,last_click_attribution,incremental_net_value_per_1k,7484.860821949256,5895.986075988965,4238.162309623024,11630.14854911522,8,,28.685979367972983,0.05710053250015786,0.0029460279999966,0.24695221215128502
lead_very_rare_outcome,very_rare_outcome,0.25,lowest_cpl,incremental_net_value_per_1k,6825.632854896461,7231.2677556158205,2467.7316491441816,11734.9948734494,8,,23.655611348905154,0.043303703625269876,0.00086680749984675,0.2467264037141983
lead_very_rare_outcome,very_rare_outcome,0.25,existing_policy_capped,incremental_net_value_per_1k,6509.380009668519,4036.9517155767694,4041.7792679672707,9223.790378023568,8,,26.684368732803456,0.0,0.0,0.2501272051860375
lead_very_rare_outcome,very_rare_outcome,0.25,class_transformation,incremental_net_value_per_1k,6127.67287251606,5564.9185860025,3066.9173385354716,10098.414521784427,8,,23.12151127380733,2.070606621875072,0.2223315999999613,0.2476343120876916
lead_very_rare_outcome,very_rare_outcome,0.25,random,incremental_net_value_per_1k,5901.656617718711,6890.455339558147,2113.1819884240913,10768.079361009555,8,,20.033330317192927,0.04349600024988827,0.0009647757499350875,0.24695893156020182
lead_very_rare_outcome,very_rare_outcome,0.25,fifo,incremental_net_value_per_1k,5889.793974133667,4154.425335164631,3390.1602067018034,8791.175121762375,8,,24.30487161995549,0.045984709624804,0.00137948150018015,0.24788685062845964
lead_very_rare_outcome,very_rare_outcome,0.25,call_everyone,incremental_net_value_per_1k,5706.512426184672,6063.815909613495,2320.535446898145,9963.570482426469,8,,18.454651005593984,0.0401708416251267,0.005660839125084687,0.247854276704337
lead_very_rare_outcome,very_rare_outcome,0.25,existing_policy_replay,incremental_net_value_per_1k,5191.482257804376,4841.088135242087,2198.529910809473,8476.373562084009,8,,19.35735769084929,0.0,0.0,0.24910779419911705
lead_very_rare_outcome,very_rare_outcome,0.25,do_nothing,incremental_net_value_per_1k,0.0,0.0,0.0,0.0,8,,0.0,1.7343749050269253e-06,0.0001950022499385625,0.0
