scenario,regime,capacity_ratio,candidate,metric,mean,sd,ci_low,ci_high,n_seeds,family,pct_of_oracle_incremental,fit_seconds,predict_seconds,share_treated
abl_agent_time_heterogeneity,agent_time_heterogeneity,0.25,oracle,net_value_per_1k_leads,290966.4096049396,127854.67236148102,205220.38453371075,390278.87997648306,6,,100.0,1.6044999332128402e-06,0.0005524576666478333,0.35847459891045413
abl_agent_time_heterogeneity,agent_time_heterogeneity,0.25,propensity_ev_gbm,net_value_per_1k_leads,242241.78401508892,111097.81572813333,168275.3942627219,329524.8275402782,6,,58.54880592737067,1.6370232718330346,0.2500715371667563,0.22716960541786213
abl_agent_time_heterogeneity,agent_time_heterogeneity,0.25,t_learner,net_value_per_1k_leads,237195.2382413823,114513.74509963719,162131.47843345432,328154.1478397203,6,,53.59016942497461,2.403046004499932,0.3073826821664625,0.24810631195370772
abl_agent_time_heterogeneity,agent_time_heterogeneity,0.25,abl_t_learner_no_value_model,net_value_per_1k_leads,234868.61387137615,110360.43116360225,163285.71311680664,322871.34770221036,6,,52.46985864838402,2.065325601333219,0.2264425171667123,0.2583760455339788
abl_agent_time_heterogeneity,agent_time_heterogeneity,0.25,abl_propensity_ev_no_value_model,net_value_per_1k_leads,233013.96276549125,102463.11547542637,166247.337780653,314069.8153761272,6,,51.85084114871594,1.3368934761665514,0.17009634333317078,0.23658449038877383
abl_agent_time_heterogeneity,agent_time_heterogeneity,0.25,abl_t_learner_no_effort_model,net_value_per_1k_leads,232329.9478790145,113902.99815795699,157494.632116236,322512.1867401757,6,,49.182713332196016,1.953974604166433,0.24714036950020576,0.2005081236560566
abl_agent_time_heterogeneity,agent_time_heterogeneity,0.25,abl_t_learner_no_optimizer,net_value_per_1k_leads,231080.63272653916,111194.66209846646,157453.16279562665,318621.7464475231,6,,48.462315416317175,2.4026840110000194,0.3076955044995581,0.195868587074555
abl_agent_time_heterogeneity,agent_time_heterogeneity,0.25,abl_propensity_ev_no_effort_model,net_value_per_1k_leads,226872.5495654285,104214.4191373969,157170.44322525113,307876.051590822,6,,45.68074920557137,1.2732575476672234,0.1867614761661874,0.1722496359557956
abl_agent_time_heterogeneity,agent_time_heterogeneity,0.25,abl_propensity_ev_no_optimizer,net_value_per_1k_leads,225507.49754146455,101363.87821444275,157131.29479070782,303812.5560977876,6,,44.90200863829918,1.6816124468332418,0.25117093533269025,0.1697746220563662
abl_agent_time_heterogeneity,agent_time_heterogeneity,0.25,hist_profit_per_agent_hour,net_value_per_1k_leads,219595.7534501037,105842.08345178654,148903.5883742862,302472.5799428388,6,,39.00471352446674,0.054249941333485624,0.0012766728332280334,0.24493679408339508
abl_capacity_value_heterogeneity,capacity_value_heterogeneity,0.25,oracle,net_value_per_1k_leads,618613.1578428048,197076.3481296377,484307.36104021734,767898.0500040852,6,,100.0,1.451667230867315e-06,0.0005432736661532166,0.3533600847028911
abl_capacity_value_heterogeneity,capacity_value_heterogeneity,0.25,abl_t_learner_no_value_model,net_value_per_1k_leads,549843.0858360374,184097.80859024273,424648.67873082776,692955.3047306959,6,,67.36474863144734,2.1734636129998157,0.2280384989996188,0.3075670186844
abl_capacity_value_heterogeneity,capacity_value_heterogeneity,0.25,t_learner,net_value_per_1k_leads,538334.4379316015,170809.61068672352,421065.69781830086,669334.5387182153,6,,62.727498622390755,2.4911295576666816,0.3089271386667557,0.29437259016128264
abl_capacity_value_heterogeneity,capacity_value_heterogeneity,0.25,abl_propensity_ev_no_value_model,net_value_per_1k_leads,533819.5973446199,177831.30015945647,414840.68951914064,674695.0030986717,6,,59.89328537396326,1.3824706139997336,0.17162880600001998,0.27149859089426626
abl_capacity_value_heterogeneity,capacity_value_heterogeneity,0.25,abl_t_learner_no_optimizer,net_value_per_1k_leads,514168.90201830957,169653.96787596404,397571.6957730973,644430.7066410593,6,,51.751582754139285,2.483981896499851,0.3094744741671699,0.250156799128843
abl_capacity_value_heterogeneity,capacity_value_heterogeneity,0.25,abl_t_learner_no_effort_model,net_value_per_1k_leads,512206.73016855255,170463.30166723786,395215.86610769964,642649.8268198754,6,,51.02822531257576,2.0668138949998442,0.2419152908335794,0.23982010723394442
abl_capacity_value_heterogeneity,capacity_value_heterogeneity,0.25,propensity_ev_gbm,net_value_per_1k_leads,509897.4018804422,158903.25345855582,403241.3840518121,630840.9901194706,6,,50.04151042369048,1.7296351433330226,0.2516785251667291,0.25381459326484507
abl_capacity_value_heterogeneity,capacity_value_heterogeneity,0.25,abl_propensity_ev_no_effort_model,net_value_per_1k_leads,477997.8187122371,157830.73803180465,369326.7912003494,596924.1772401937,6,,35.29946570843083,1.2648101254999347,0.1943131659997258,0.19706100953655326
abl_capacity_value_heterogeneity,capacity_value_heterogeneity,0.25,abl_propensity_ev_no_optimizer,net_value_per_1k_leads,477552.6953099775,157735.06831056695,369300.61321536935,596163.835200787,6,,35.10147351025361,1.7005595835001561,0.25226548699993145,0.19341919989957435
abl_capacity_value_heterogeneity,capacity_value_heterogeneity,0.25,hist_profit_per_agent_hour,net_value_per_1k_leads,464357.168184347,169123.46213160903,349875.9764308224,593553.5919760414,6,,30.604161741873384,0.05525463616716778,0.0012750439997640832,0.24560383174513226
abl_propensity_not_uplift,propensity_not_uplift,0.25,oracle,net_value_per_1k_leads,373707.667303891,126673.57871495809,290080.6683387466,469814.79101670714,6,,100.0,1.7311670793181595e-06,0.0005164950001319834,0.30332632113390906
abl_propensity_not_uplift,propensity_not_uplift,0.25,t_learner,net_value_per_1k_leads,335289.2242930424,121213.48427302453,255576.67210212452,425625.767603364,6,,48.272009692359525,2.4468509395001092,0.29993930266694707,0.24853677323476656
abl_propensity_not_uplift,propensity_not_uplift,0.25,abl_t_learner_no_optimizer,net_value_per_1k_leads,334778.9350755221,121028.88478914327,254989.5059275377,424979.4349478043,6,,47.41261360729407,2.447370375666651,0.2934325483335366,0.24688271486034372
abl_propensity_not_uplift,propensity_not_uplift,0.25,abl_t_learner_no_effort_model,net_value_per_1k_leads,334766.1125626252,121005.46978231057,254972.3364855633,424962.18826918554,6,,47.40198565598829,2.021861465833657,0.23707695383382088,0.24643636418449902
abl_propensity_not_uplift,propensity_not_uplift,0.25,abl_t_learner_no_value_model,net_value_per_1k_leads,334284.9568163461,120993.50452581761,254025.33131368074,425812.821293786,6,,47.41478705241684,2.1108998224999596,0.21700657666648715,0.24805496877975677
abl_propensity_not_uplift,propensity_not_uplift,0.25,hist_profit_per_agent_hour,net_value_per_1k_leads,325954.98134639865,118648.03030710554,249819.67913867033,415735.2995787456,6,,35.88081023263608,0.055481304666500315,0.0012806613334153168,0.24943859194050225
abl_propensity_not_uplift,propensity_not_uplift,0.25,propensity_ev_gbm,net_value_per_1k_leads,325643.6337990168,117232.85222079721,249425.18680252694,413163.99111593823,6,,34.81903133133752,1.666874178500014,0.24066962366669023,0.24889414841252355
abl_propensity_not_uplift,propensity_not_uplift,0.25,abl_propensity_ev_no_effort_model,net_value_per_1k_leads,325437.7502023712,116927.85599215575,248021.39295812068,413357.84357405134,6,,34.94701312673845,1.2539365805002187,0.19044031066672076,0.2466102270311602
abl_propensity_not_uplift,propensity_not_uplift,0.25,abl_propensity_ev_no_optimizer,net_value_per_1k_leads,325356.7118668006,117014.86766679317,247930.3310968787,413359.06872400566,6,,34.808651992042826,1.6530663608333878,0.2441411291665645,0.24645241372668217
abl_propensity_not_uplift,propensity_not_uplift,0.25,abl_propensity_ev_no_value_model,net_value_per_1k_leads,321450.5035275742,113401.46919879621,247303.56751481944,406506.6057513228,6,,31.03641435644316,1.325368460333569,0.16456699433304792,0.24722776121597842
abl_sparse,sparse,0.25,oracle,net_value_per_1k_leads,274432.90391975903,87888.48137160437,214300.3826773503,339153.7017351267,6,,100.0,1.5721667902350116e-06,0.0005352751671428333,0.3022775353872332
abl_sparse,sparse,0.25,abl_propensity_ev_no_optimizer,net_value_per_1k_leads,225260.46536691245,80313.18911150844,169760.263371431,282736.65527531755,6,,60.7845430101269,1.6367467068333401,0.2546480261656446,0.2470226543392343
abl_sparse,sparse,0.25,abl_propensity_ev_no_effort_model,net_value_per_1k_leads,225205.46737410795,80301.65076133386,169683.13380947927,282716.6852473286,6,,60.74226556897437,1.2464758578328958,0.19421376083391806,0.24720222770262054
abl_sparse,sparse,0.25,propensity_ev_gbm,net_value_per_1k_leads,224501.44011544427,79549.95894545253,169171.23324471197,280977.0711168814,6,,60.269982279330556,1.6541753878330685,0.25106733633280476,0.24825417793688662
abl_sparse,sparse,0.25,abl_propensity_ev_no_value_model,net_value_per_1k_leads,219590.37289937356,79915.14958082042,164349.40798766134,276540.9800974398,6,,56.10705384981637,1.306881461999789,0.16349662949960472,0.24839615443462834
abl_sparse,sparse,0.25,t_learner,net_value_per_1k_leads,216588.88567954116,76813.54252314942,163094.84777524977,272427.11396007467,6,,54.126725267923405,2.438876919333476,0.303517718666626,0.2485371674331275
abl_sparse,sparse,0.25,abl_t_learner_no_effort_model,net_value_per_1k_leads,216046.76100560822,77136.02120827064,162838.56039711813,271615.9830103119,6,,53.73043500221109,2.016339274500145,0.24526224133417904,0.2477567871658314
abl_sparse,sparse,0.25,abl_t_learner_no_optimizer,net_value_per_1k_leads,215738.01642508284,76915.24801987712,162741.78017605268,271221.84316641005,6,,53.51303393097703,2.4026189976669534,0.30050691333356855,0.2472639145323149
abl_sparse,sparse,0.25,abl_t_learner_no_value_model,net_value_per_1k_leads,212610.7478137198,78243.04212279186,158343.79454863525,268700.97665493266,6,,50.627870066862364,2.0643184086660162,0.219669305000328,0.24784380397968156
abl_sparse,sparse,0.25,hist_profit_per_agent_hour,net_value_per_1k_leads,203767.8605530154,74786.31514856347,153200.5070486927,258986.57620535573,6,,43.65709084124476,0.05507231050008457,0.0012587458328804167,0.2482551842448164
abl_value_heterogeneity,value_heterogeneity,0.25,oracle,net_value_per_1k_leads,489627.64718605037,208091.35815556275,352401.5844371731,652436.2011419082,6,,100.0,1.485333693077943e-06,0.00056806483341155,0.29605411581697577
abl_value_heterogeneity,value_heterogeneity,0.25,abl_propensity_ev_no_optimizer,net_value_per_1k_leads,386604.6033412264,168777.7120508631,277359.8042751517,519589.5155994976,6,,53.97820212426816,1.6692533838331656,0.24782258266683735,0.24609270806622063
abl_value_heterogeneity,value_heterogeneity,0.25,abl_propensity_ev_no_effort_model,net_value_per_1k_leads,386281.93891485647,169080.8618017248,276716.6346619562,519586.88644700404,6,,53.81223289922257,1.2504864605004211,0.19092059666672867,0.24600665832974986
abl_value_heterogeneity,value_heterogeneity,0.25,propensity_ev_gbm,net_value_per_1k_leads,385767.4963686757,168753.81045814074,274946.79378111457,519704.6980595396,6,,53.378796717367614,1.649026003833266,0.2475047734997133,0.24788591677899333
abl_value_heterogeneity,value_heterogeneity,0.25,t_learner,net_value_per_1k_leads,382321.68018437625,187320.0351966958,262557.99563222536,531249.1712601874,6,,50.44755973570155,2.4047959881666734,0.3003758943335318,0.2476654415667999
abl_value_heterogeneity,value_heterogeneity,0.25,abl_t_learner_no_optimizer,net_value_per_1k_leads,381591.3161666928,185107.79964455735,262811.61794610455,527845.5299079743,6,,50.30590329503243,2.3661340661662202,0.30324124816646264,0.24627787402065635
abl_value_heterogeneity,value_heterogeneity,0.25,abl_t_learner_no_effort_model,net_value_per_1k_leads,381396.8463779091,185317.98902560602,262385.73641400883,527895.9958059391,6,,50.20548152075299,1.9755458468331806,0.2468522811668663,0.24603394902813117
abl_value_heterogeneity,value_heterogeneity,0.25,abl_propensity_ev_no_value_model,net_value_per_1k_leads,378938.72033910913,163695.85328834938,272186.32265286014,507956.35567351914,6,,51.17641619876729,1.3180716029998318,0.16720047750004594,0.24797052023171395
abl_value_heterogeneity,value_heterogeneity,0.25,abl_t_learner_no_value_model,net_value_per_1k_leads,377510.9830929397,183044.11093778428,258729.43850794635,525027.9403407752,6,,48.91693816089933,2.0644790456666064,0.2265349913332102,0.24755960172142577
abl_value_heterogeneity,value_heterogeneity,0.25,hist_profit_per_agent_hour,net_value_per_1k_leads,348443.62652417127,162165.94586226917,237566.8327914837,472881.79578744696,6,,35.36381971574452,0.05482779233352627,0.00126283499927615,0.24911065336371654
bayes_hidden_confounding_n5000,hidden_confounding,0.25,oracle,net_value_per_1k_leads,311434.6131889243,53302.45558481178,268128.8731838633,352622.85267211456,4,,100.0,3.101250513282139e-06,0.0003903990000253,0.29780717179372274
bayes_hidden_confounding_n5000,hidden_confounding,0.25,propensity_ev_gbm_bootstrap_lcb25,net_value_per_1k_leads,262261.057879554,60333.16893328992,212622.85206309328,308909.60103982117,4,,52.5115149034254,5.67360160050066,0.3971146515000328,0.25167245454741755
bayes_hidden_confounding_n5000,hidden_confounding,0.25,propensity_ev_gbm,net_value_per_1k_leads,260808.6610063893,62641.93287611276,207578.13382026763,308188.1506512236,4,,50.751633437099215,0.808524174500235,0.05495042625034325,0.25451539899982545
bayes_hidden_confounding_n5000,hidden_confounding,0.25,propensity_ev_gbm_bootstrap,net_value_per_1k_leads,260808.6610063893,62641.93287611276,207578.13382026763,308188.1506512236,4,,50.751633437099215,5.67360160050066,0.3971146515000328,0.25451539899982545
bayes_hidden_confounding_n5000,hidden_confounding,0.25,bayes_hierarchical_lcb25,net_value_per_1k_leads,256099.26235783598,59828.99407893328,206357.14485105994,305841.379864612,4,,47.9918004630644,33.34087350650043,0.09175853699980503,0.24541522416231148
bayes_hidden_confounding_n5000,hidden_confounding,0.25,bayes_hierarchical,net_value_per_1k_leads,255296.98904603336,53922.73427468584,220082.4099648274,290511.56812723924,8,,46.83051523689599,32.74798127574991,0.08987810250005164,0.24681492841188662
bayes_hidden_confounding_n5000,hidden_confounding,0.25,bayes_hierarchical_lcb10,net_value_per_1k_leads,253807.08718157778,55080.99432397987,207709.3898362084,299904.7845269472,4,,45.90662428273773,33.34087350650043,0.09175853699980503,0.24621171116701954
bayes_hidden_confounding_n5000,hidden_confounding,0.25,abl_bayes_no_hierarchy,net_value_per_1k_leads,252261.12554146932,64588.56332020196,198146.69493392308,306375.55614901555,4,,44.748934081461215,20.23893247074966,0.07415581824989198,0.2510514468830935
bayes_hidden_confounding_n5000,hidden_confounding,0.25,propensity_ev_gbm_bootstrap_lcb10,net_value_per_1k_leads,250775.61386728537,68087.64594872713,192854.85625563946,308696.3714789313,4,,44.76449024987761,5.67360160050066,0.3971146515000328,0.25207584439117153
bayes_hidden_confounding_n5000,hidden_confounding,0.25,t_learner,net_value_per_1k_leads,247108.2391831651,61510.68180453957,194182.5585401902,300033.91982614005,4,,41.704000047047735,1.0503434222496253,0.0654129054996701,0.25512079213605293
bayes_hidden_confounding_n5000,hidden_confounding,0.25,hist_profit_per_agent_hour,net_value_per_1k_leads,244160.78670832742,72252.7388645395,181591.05084914883,306730.52256750595,4,,41.48472584507485,0.029517040999507974,0.000866118000430975,0.2425736584010639
bayes_hidden_confounding_n5000,hidden_confounding,0.25,propensity_ev_gbm_bootstrap_abstain50,net_value_per_1k_leads,238385.45575575152,60838.92711139526,188878.1038241196,287892.80768738344,4,,29.504761831836227,5.67360160050066,0.3971146515000328,0.14889192275706198
bayes_hidden_confounding_n5000,hidden_confounding,0.25,bayes_hierarchical_abstain50,net_value_per_1k_leads,231911.33120433893,61535.46634457901,181771.54427813832,282051.11813053954,4,,23.99156701536873,33.34087350650043,0.09175853699980503,0.13656035717174725
bayes_hidden_confounding_n5000,hidden_confounding,0.25,propensity_ev_gbm_bootstrap_abstain25,net_value_per_1k_leads,214436.9296105977,73565.19269185835,150820.5151508653,278053.3440703301,4,,10.62815747594746,5.67360160050066,0.3971146515000328,0.07766554683207588
bayes_hidden_confounding_n5000,hidden_confounding,0.25,bayes_hierarchical_abstain25,net_value_per_1k_leads,210296.44583321072,70321.78779837335,149535.67875379877,271057.2129126227,4,,6.259527929876594,33.34087350650043,0.09175853699980503,0.06634769960761505
bayes_propensity_not_uplift_n5000,propensity_not_uplift,0.25,oracle,net_value_per_1k_leads,346465.1354962959,76595.27798273659,283830.9429065457,409099.32808604615,4,,100.0,3.3792493923101574e-06,0.000351718500041825,0.3032675696557684
bayes_propensity_not_uplift_n5000,propensity_not_uplift,0.25,bayes_hierarchical_lcb25,net_value_per_1k_leads,306408.3156613982,71896.18933437433,246814.37179319613,366002.25952960027,4,,54.92546148648202,36.091457974749574,0.085367122250318,0.24785614078740562
bayes_propensity_not_uplift_n5000,propensity_not_uplift,0.25,bayes_hierarchical,net_value_per_1k_leads,306118.81483691034,66549.98291522142,263131.5504152697,350802.5238238416,8,,54.734814074001385,36.27357651862485,0.08550793612516822,0.24806713785647122
bayes_propensity_not_uplift_n5000,propensity_not_uplift,0.25,bayes_hierarchical_lcb10,net_value_per_1k_leads,304410.9176674938,70969.0221827911,245876.02609883604,362945.80923615163,4,,53.096661228338725,36.091457974749574,0.085367122250318,0.2474487911147954
bayes_propensity_not_uplift_n5000,propensity_not_uplift,0.25,t_learner,net_value_per_1k_leads,297856.2022643502,81150.11699850981,229995.45502028323,365716.94950841716,4,,43.42298249109612,1.1016674392494679,0.06834990800007285,0.24864091547208161
bayes_propensity_not_uplift_n5000,propensity_not_uplift,0.25,abl_bayes_no_hierarchy,net_value_per_1k_leads,297740.0165389733,79977.6717900674,230971.32858659924,364508.70449134737,4,,43.95094463783489,17.522064786499868,0.07762177274980782,0.24968874310966443
bayes_propensity_not_uplift_n5000,propensity_not_uplift,0.25,propensity_ev_gbm,net_value_per_1k_leads,294125.72076342005,61700.51239778157,243005.73621056424,345245.7053162759,4,,41.41814555774285,0.8160114210004394,0.0548166305006816,0.2504706951945962
bayes_propensity_not_uplift_n5000,propensity_not_uplift,0.25,propensity_ev_gbm_bootstrap,net_value_per_1k_leads,294125.72076342005,61700.51239778157,243005.73621056424,345245.7053162759,4,,41.41814555774285,5.629311445249186,0.3724993267496757,0.2504706951945962
bayes_propensity_not_uplift_n5000,propensity_not_uplift,0.25,bayes_hierarchical_abstain50,net_value_per_1k_leads,294004.3879062903,70653.96356433535,236445.69687774862,351563.078934832,4,,40.179558156353224,36.091457974749574,0.085367122250318,0.1482488727324816
bayes_propensity_not_uplift_n5000,propensity_not_uplift,0.25,propensity_ev_gbm_bootstrap_lcb25,net_value_per_1k_leads,290498.24500310305,64772.62128546494,237179.87172606058,343816.6182801455,4,,36.647294241243756,5.629311445249186,0.3724993267496757,0.24948242117751165
bayes_propensity_not_uplift_n5000,propensity_not_uplift,0.25,propensity_ev_gbm_bootstrap_lcb10,net_value_per_1k_leads,288772.62958144245,66616.59938132095,233111.58516595443,344433.6739969305,4,,34.796500010052604,5.629311445249186,0.3724993267496757,0.2484747754266421
bayes_propensity_not_uplift_n5000,propensity_not_uplift,0.25,hist_profit_per_agent_hour,net_value_per_1k_leads,285029.51554264047,63351.42215169341,231763.42555965364,338295.60552562727,4,,30.158196207052377,0.0283933045002413,0.000885568249941525,0.2403535055504759
bayes_propensity_not_uplift_n5000,propensity_not_uplift,0.25,propensity_ev_gbm_bootstrap_abstain50,net_value_per_1k_leads,278654.6135107311,63488.963308466395,225519.29679062616,331789.9302308359,4,,23.971643617955767,5.629311445249186,0.3724993267496757,0.16269226385921043
bayes_propensity_not_uplift_n5000,propensity_not_uplift,0.25,propensity_ev_gbm_bootstrap_abstain25,net_value_per_1k_leads,267137.56577449373,68743.00947316305,209155.95959534275,325119.1719536447,4,,10.216984243006767,5.629311445249186,0.3724993267496757,0.0809239389666222
bayes_propensity_not_uplift_n5000,propensity_not_uplift,0.25,bayes_hierarchical_abstain25,net_value_per_1k_leads,265910.0492751505,62765.94584067912,213786.2243121537,318033.87423814734,4,,8.021011905120782,36.091457974749574,0.085367122250318,0.052115283179393054
bayes_sparse_n5000,sparse,0.25,oracle,net_value_per_1k_leads,338501.59719964565,154675.57124304693,231768.0879599362,494487.30127196456,4,,100.0,2.8072495297237765e-06,0.00033487024938945,0.3002075555243106
bayes_sparse_n5000,sparse,0.25,bayes_hierarchical_lcb10,net_value_per_1k_leads,278786.64758711983,116952.59446065784,204765.02203265188,392000.30972535576,4,,61.735815769194886,55.487940899500245,0.09383857974989948,0.25165039761963254
bayes_sparse_n5000,sparse,0.25,bayes_hierarchical,net_value_per_1k_leads,278684.4938657877,106360.84178632674,216377.40353450718,354938.5014201999,8,,61.17519590614428,53.76521750374991,0.09168887262489983,0.24941245983902804
bayes_sparse_n5000,sparse,0.25,bayes_hierarchical_lcb25,net_value_per_1k_leads,277972.1023358933,113683.6655318266,203775.63677979304,389751.8560983923,4,,61.22644716406019,55.487940899500245,0.09383857974989948,0.2490190393238822
bayes_sparse_n5000,sparse,0.25,propensity_ev_gbm,net_value_per_1k_leads,272717.8218246422,123826.6362169336,183266.4723499011,396529.22325220564,4,,55.32857993210656,0.9328615887498017,0.06371069375018121,0.24621899530162766
bayes_sparse_n5000,sparse,0.25,propensity_ev_gbm_bootstrap,net_value_per_1k_leads,272717.8218246422,123826.6362169336,183266.4723499011,396529.22325220564,4,,55.32857993210656,6.229438537749957,0.4381987912497607,0.24621899530162766
bayes_sparse_n5000,sparse,0.25,propensity_ev_gbm_bootstrap_lcb10,net_value_per_1k_leads,269110.9085831367,132109.7217089394,171330.20220105298,401219.78983847,4,,51.352817435960645,6.229438537749957,0.4381987912497607,0.2454240319904558
bayes_sparse_n5000,sparse,0.25,propensity_ev_gbm_bootstrap_lcb25,net_value_per_1k_leads,267975.0266246485,130022.0976727246,172681.28196483673,398426.26005188905,4,,50.68713080482361,6.229438537749957,0.4381987912497607,0.24663849019420653
bayes_sparse_n5000,sparse,0.25,bayes_hierarchical_abstain50,net_value_per_1k_leads,264478.58151285077,113247.36132137936,188700.99518055917,379385.00766218925,4,,50.11086661825898,55.487940899500245,0.09383857974989948,0.1924371300725074
bayes_sparse_n5000,sparse,0.25,abl_bayes_no_hierarchy,net_value_per_1k_leads,264320.40284700843,126486.41592741666,168586.89863053316,389427.3925557025,4,,48.895670754697974,23.99933613750045,0.0816516552499706,0.24947607185524606
bayes_sparse_n5000,sparse,0.25,t_learner,net_value_per_1k_leads,262797.14350344695,131954.9463710695,173544.31398561696,396258.803592253,4,,46.10322038036953,1.1124099744997693,0.06628211324959918,0.2443633548037289
bayes_sparse_n5000,sparse,0.25,propensity_ev_gbm_bootstrap_abstain50,net_value_per_1k_leads,254131.58439895022,106866.59837898139,174137.61849742936,361379.32624706655,4,,43.632758035405374,6.229438537749957,0.4381987912497607,0.18022478296832894
bayes_sparse_n5000,sparse,0.25,hist_profit_per_agent_hour,net_value_per_1k_leads,252239.7656154047,106082.47641428371,176398.12022066046,358202.0204551624,4,,41.85838383070858,0.03292074524961205,0.0010305227501702999,0.2510242186018285
bayes_sparse_n5000,sparse,0.25,propensity_ev_gbm_bootstrap_abstain25,net_value_per_1k_leads,229622.1657378359,109399.00284571809,144722.3327743911,338919.4347146153,4,,24.72359230538754,6.229438537749957,0.4381987912497607,0.09101106105501337
bayes_sparse_n5000,sparse,0.25,bayes_hierarchical_abstain25,net_value_per_1k_leads,219493.57825812424,103957.27311479916,145848.2599115032,323221.15804408706,4,,17.84282200442274,55.487940899500245,0.09383857974989948,0.09756225906257197
bayes_very_rare_outcome_n5000,very_rare_outcome,0.25,oracle,net_value_per_1k_leads,55371.02481368545,30788.73096617307,28904.841870215423,81837.20775715547,4,,100.0,3.648000074463198e-06,0.00043788949960794996,0.2856102867144875
bayes_very_rare_outcome_n5000,very_rare_outcome,0.25,propensity_ev_gbm,net_value_per_1k_leads,50004.45432279771,34083.96172221772,20958.011590942613,79050.8970546528,4,,65.42120155395854,0.5059380287498243,0.035217531500620604,0.24946939348294983
bayes_very_rare_outcome_n5000,very_rare_outcome,0.25,propensity_ev_gbm_bootstrap,net_value_per_1k_leads,50004.45432279771,34083.96172221772,20958.011590942613,79050.8970546528,4,,65.42120155395854,2.996376831500129,0.23111011150012928,0.24946939348294983
bayes_very_rare_outcome_n5000,very_rare_outcome,0.25,propensity_ev_gbm_bootstrap_lcb10,net_value_per_1k_leads,48584.93696887639,34287.39498229987,19499.777811642132,77670.09612611066,4,,58.43261755889655,2.996376831500129,0.23111011150012928,0.18291688505519366
bayes_very_rare_outcome_n5000,very_rare_outcome,0.25,propensity_ev_gbm_bootstrap_lcb25,net_value_per_1k_leads,48560.727607027264,34284.38163053138,19516.03047104708,77605.42474300745,4,,58.53051231399308,2.996376831500129,0.23111011150012928,0.19941476420399218
bayes_very_rare_outcome_n5000,very_rare_outcome,0.25,bayes_hierarchical_lcb10,net_value_per_1k_leads,48242.54770283906,32863.78925995233,20837.383465250765,75647.71194042734,4,,57.623294987156314,20.96920982975007,0.07221833299990969,0.19720617846466204
bayes_very_rare_outcome_n5000,very_rare_outcome,0.25,bayes_hierarchical,net_value_per_1k_leads,48180.30660149269,29965.4126546317,29009.48071859983,67972.7100579857,8,,55.75826154232577,21.24606436399995,0.072759948249768,0.24846429341314497
bayes_very_rare_outcome_n5000,very_rare_outcome,0.25,bayes_hierarchical_lcb25,net_value_per_1k_leads,47376.99409832793,33511.22634003677,19147.971099292678,75606.01709736319,4,,50.31161416969816,20.96920982975007,0.07221833299990969,0.21367735299596566
bayes_very_rare_outcome_n5000,very_rare_outcome,0.25,abl_bayes_no_hierarchy,net_value_per_1k_leads,46619.59388334694,33141.338039464055,18751.478000243435,74487.70976645045,4,,46.77028236588087,11.773916771500353,0.06700017599951022,0.2480502244221668
bayes_very_rare_outcome_n5000,very_rare_outcome,0.25,hist_profit_per_agent_hour,net_value_per_1k_leads,46595.20714152007,27688.75327744248,22838.44712230149,70351.96716073866,4,,51.62511630056776,0.0281289180002204,0.00087455700031565,0.24602132711715508
bayes_very_rare_outcome_n5000,very_rare_outcome,0.25,propensity_ev_gbm_bootstrap_abstain50,net_value_per_1k_leads,45137.780439409355,31007.11072500918,18838.416643604753,71437.14423521396,4,,42.27678272926759,2.996376831500129,0.23111011150012928,0.09409978777707179
bayes_very_rare_outcome_n5000,very_rare_outcome,0.25,t_learner,net_value_per_1k_leads,44486.62357617021,33123.120638618646,16198.039675333333,72775.20747700709,4,,35.790444433432675,0.5844723447498836,0.04059456475033583,0.24845670259906502
bayes_very_rare_outcome_n5000,very_rare_outcome,0.25,propensity_ev_gbm_bootstrap_abstain25,net_value_per_1k_leads,41644.62265412624,29447.010194398998,16499.777899725195,66789.46740852727,4,,20.01313954030136,2.996376831500129,0.23111011150012928,0.043992373409990744
bayes_very_rare_outcome_n5000,very_rare_outcome,0.25,bayes_hierarchical_abstain50,net_value_per_1k_leads,36346.67847712156,24423.323097917633,15784.043735755538,56909.31321848759,4,,0.9776136535656769,20.96920982975007,0.07221833299990969,0.0016197991515368999
bayes_very_rare_outcome_n5000,very_rare_outcome,0.25,bayes_hierarchical_abstain25,net_value_per_1k_leads,36178.428167342754,24184.282265672868,15786.284705934318,56570.5716287512,4,,-0.022586101667854224,20.96920982975007,0.07221833299990969,0.0008084074373484
lead_agent_time_heterogeneity,agent_time_heterogeneity,0.25,oracle,net_value_per_1k_leads,271105.91155093245,114156.55614062358,205976.66050618555,352134.65799912205,8,,100.0,2.2174997411639197e-06,0.0004786301249168375,0.35363734130479263
lead_agent_time_heterogeneity,agent_time_heterogeneity,0.25,propensity_ev_logit,net_value_per_1k_leads,229021.503958052,98569.36826309412,172887.3661428782,299159.33944616583,8,,61.27261680983104,1.043868502499663,0.19688851800037807,0.2246691155130984
lead_agent_time_heterogeneity,agent_time_heterogeneity,0.25,s_learner,net_value_per_1k_leads,228855.83115316543,104895.9108237649,170116.93425741832,304405.892198849,8,,60.18580404929783,2.416552851000233,0.34472505937492315,0.24542717377031575
lead_agent_time_heterogeneity,agent_time_heterogeneity,0.25,x_learner,net_value_per_1k_leads,226804.74767855927,104737.13425250362,167316.24938095047,301431.4405037387,8,,58.108234144433276,4.328487377625379,0.5446556699996563,0.27420549691252727
lead_agent_time_heterogeneity,agent_time_heterogeneity,0.25,funnel_ev_gbm,net_value_per_1k_leads,226733.3740195078,99764.43128080643,170536.04876490045,297956.35900235665,8,,58.7129230879105,3.1824240297503366,0.598035025749823,0.22398585138718885
lead_agent_time_heterogeneity,agent_time_heterogeneity,0.25,propensity_ev_gbm,net_value_per_1k_leads,225493.1359162474,98887.049689412,170018.34360197218,296517.1618148098,8,,57.897856185619816,1.8170829413752472,0.2809570309996161,0.22061575150899915
lead_agent_time_heterogeneity,agent_time_heterogeneity,0.25,t_learner,net_value_per_1k_leads,221119.2312649679,101266.98091040638,164125.24180191528,293339.3602819924,8,,53.50490330729876,2.6253367292495113,0.34131242274975193,0.24336738877334174
lead_agent_time_heterogeneity,agent_time_heterogeneity,0.25,causal_forest,net_value_per_1k_leads,220581.53924803506,100908.9481196898,162820.6355108655,292411.79726428434,8,,52.50280141666029,26.30407200300033,1.1958156087503085,0.31682894782988147
lead_agent_time_heterogeneity,agent_time_heterogeneity,0.25,dr_learner,net_value_per_1k_leads,219775.8033389065,101340.70628001245,162146.7142048513,291883.910098745,8,,51.637224330741965,5.618525959875342,0.238981620375398,0.32720651957593555
lead_agent_time_heterogeneity,agent_time_heterogeneity,0.25,class_transformation,net_value_per_1k_leads,213663.73301339772,100935.17245392673,155893.9431132526,284863.0184194702,8,,45.91557737641824,2.3249882671252635,0.2752336757498597,0.28928708669663605
lead_agent_time_heterogeneity,agent_time_heterogeneity,0.25,hist_conversion_rate,net_value_per_1k_leads,207711.79745384562,96694.90839225797,151699.58636094915,274850.1180060109,8,,41.432999198482676,0.047398928875509186,0.0011891098749856124,0.24578557236035156
lead_agent_time_heterogeneity,agent_time_heterogeneity,0.25,hist_profit_per_agent_hour,net_value_per_1k_leads,205708.43556772714,93100.61860087106,151481.49804954373,270223.2580283593,8,,39.88475891941817,0.055847364749752104,0.00123177925024715,0.2458499387316439
lead_agent_time_heterogeneity,agent_time_heterogeneity,0.25,hist_net_profit,net_value_per_1k_leads,205370.7848003133,92951.54969556238,151561.71314463322,269928.7866548927,8,,39.77812579486379,0.05318130299997388,0.0012335903752500126,0.24563403050538968
lead_agent_time_heterogeneity,agent_time_heterogeneity,0.25,lead_score_gbm,net_value_per_1k_leads,202298.48231549605,85295.5341551705,153632.50203503878,262865.88360411057,8,,37.836667295461744,1.765862124625528,0.22456631349973577,0.16001987133332557
lead_agent_time_heterogeneity,agent_time_heterogeneity,0.25,existing_policy_capped,net_value_per_1k_leads,201953.54090723136,92489.67934404622,147414.41785779543,265515.4262645844,8,,36.06599426641074,0.0,0.0,0.25275006495645214
lead_agent_time_heterogeneity,agent_time_heterogeneity,0.25,lead_score_logit,net_value_per_1k_leads,201270.39755405122,83575.99494012645,153011.56727236154,260281.01992976543,8,,37.46970861652975,0.9989916942502077,0.18984726037501784,0.15426732693885406
lead_agent_time_heterogeneity,agent_time_heterogeneity,0.25,hist_roas,net_value_per_1k_leads,200877.51513557875,88291.18957362785,149476.7665469162,262629.54441588087,8,,36.07597769950216,0.05002180299993594,0.0016859195000051251,0.2465665524584981
lead_agent_time_heterogeneity,agent_time_heterogeneity,0.25,lowest_cpl,net_value_per_1k_leads,198218.66192309555,99388.68289928371,139657.22932287114,267595.5219768255,8,,31.720569837116834,0.04716859724999262,0.000848933874976825,0.24517693890021292
lead_agent_time_heterogeneity,agent_time_heterogeneity,0.25,last_click_attribution,net_value_per_1k_leads,197232.30452936547,91292.5537210773,144352.83503486612,260951.27193460596,8,,31.755761117306577,0.05345268262499299,0.0025253919998248996,0.2449458910396069
lead_agent_time_heterogeneity,agent_time_heterogeneity,0.25,existing_policy_replay,net_value_per_1k_leads,194284.7286187983,92844.37524324674,140727.00686798745,259759.30075121592,8,,28.583626718676427,0.0,0.0,0.24756980032815257
lead_agent_time_heterogeneity,agent_time_heterogeneity,0.25,call_everyone,net_value_per_1k_leads,192815.81904182764,93099.26020204573,139965.5023229039,258880.3438226678,8,,26.724980272543434,0.042971766124765,0.0062399811251907,0.24557952183065895
lead_agent_time_heterogeneity,agent_time_heterogeneity,0.25,random,net_value_per_1k_leads,192556.45291093743,96306.02055874946,137296.15798896505,260078.01302897074,8,,26.070196531416723,0.0472472348749306,0.000949331000356275,0.2454515603546357
lead_agent_time_heterogeneity,agent_time_heterogeneity,0.25,fifo,net_value_per_1k_leads,190952.75654597944,93110.51400205103,137800.11291042704,256823.02153809316,8,,25.9296283398427,0.04298499450010235,0.001404718000230725,0.24497270478708533
lead_agent_time_heterogeneity,agent_time_heterogeneity,0.25,do_nothing,net_value_per_1k_leads,163093.38889810455,83532.59685808147,113953.75253853423,220843.8142339462,8,,0.0,1.5627499578840798e-06,0.0001968238748304125,0.0
lead_capacity_value_heterogeneity,capacity_value_heterogeneity,0.25,oracle,net_value_per_1k_leads,582878.6665471022,181012.78723373046,475200.59521014354,707708.6179873107,8,,100.0,1.9899994185834657e-06,0.0005266046252926875,0.34475877611292916
lead_capacity_value_heterogeneity,capacity_value_heterogeneity,0.25,s_learner,net_value_per_1k_leads,511876.69660840847,171733.52737796056,410637.45985259174,630826.603648483,8,,64.32723277425843,2.4561759078746945,0.3545617145000506,0.2930976075021641
lead_capacity_value_heterogeneity,capacity_value_heterogeneity,0.25,x_learner,net_value_per_1k_leads,511640.8023490534,162566.32920183527,414912.8621428025,623760.6682486524,8,,64.93718135273146,4.439336207625047,0.5357881736251784,0.3165474488391458
lead_capacity_value_heterogeneity,capacity_value_heterogeneity,0.25,causal_forest,net_value_per_1k_leads,511578.85381333454,162135.24191238248,414315.9894464165,622277.6786394754,8,,64.3931130591363,27.498709399749714,1.22517302700021,0.3291194891002098
lead_capacity_value_heterogeneity,capacity_value_heterogeneity,0.25,dr_learner,net_value_per_1k_leads,507739.19459652435,164108.1908282937,410031.495666595,620660.8306389601,8,,62.79320748347806,6.024213990374847,0.25279962012473334,0.3304683489449035
lead_capacity_value_heterogeneity,capacity_value_heterogeneity,0.25,t_learner,net_value_per_1k_leads,501269.8630477656,160535.7530078012,406713.0604149459,611946.6423725039,8,,59.44554635683795,2.6870037345001947,0.32798349075028455,0.2824985735721337
lead_capacity_value_heterogeneity,capacity_value_heterogeneity,0.25,funnel_ev_gbm,net_value_per_1k_leads,479869.50068346644,145249.36153288643,394323.97298630094,580190.3250348427,8,,49.5368842260779,3.552134853000098,0.5658316287499474,0.2416153581351854
lead_capacity_value_heterogeneity,capacity_value_heterogeneity,0.25,propensity_ev_gbm,net_value_per_1k_leads,479137.2347479436,146380.22059062863,392819.28448348586,581387.1162676811,8,,49.6227912675536,1.9303241764998802,0.26975491737539414,0.24084406775222178
lead_capacity_value_heterogeneity,capacity_value_heterogeneity,0.25,class_transformation,net_value_per_1k_leads,476553.22865884384,161126.1855021642,383160.97327391384,589726.8498313767,8,,47.6479820123712,2.3823034383749473,0.30413092549952125,0.30094563382736866
lead_capacity_value_heterogeneity,capacity_value_heterogeneity,0.25,propensity_ev_logit,net_value_per_1k_leads,468832.0522611807,142560.30632020425,383885.3289313882,567277.4137350488,8,,44.371280583321784,1.0976565552498414,0.20444297500057468,0.22973713026054898
lead_capacity_value_heterogeneity,capacity_value_heterogeneity,0.25,hist_conversion_rate,net_value_per_1k_leads,440931.9376428395,160400.34752019067,348776.5551329728,552663.7302691515,8,,32.727964323011975,0.05249689487504834,0.0022124283750599247,0.2468471490948526
lead_capacity_value_heterogeneity,capacity_value_heterogeneity,0.25,hist_profit_per_agent_hour,net_value_per_1k_leads,440205.8611824203,150501.43247308326,352881.9973927004,545464.8066115209,8,,31.877733265787008,0.059331776125191,0.0011935546249332626,0.24641680236590385
lead_capacity_value_heterogeneity,capacity_value_heterogeneity,0.25,hist_net_profit,net_value_per_1k_leads,440010.2090213101,148696.01333529546,352937.4960592792,543408.5898629939,8,,31.79086716748312,0.054788852249657766,0.0012258504998498626,0.2457197568860919
lead_capacity_value_heterogeneity,capacity_value_heterogeneity,0.25,hist_roas,net_value_per_1k_leads,433758.20000173245,145073.68058114016,350173.51739653916,535921.1860717003,8,,28.524157849444727,0.0462884220000887,0.001685471999962775,0.24772614064652043
lead_capacity_value_heterogeneity,capacity_value_heterogeneity,0.25,existing_policy_capped,net_value_per_1k_leads,429459.6283906135,145932.7102970591,344056.2096094409,531059.6524409468,8,,26.715006463196104,0.0,0.0,0.2521792397650954
lead_capacity_value_heterogeneity,capacity_value_heterogeneity,0.25,lead_score_gbm,net_value_per_1k_leads,429336.16231293866,134209.76548042984,351876.11837530666,523359.9160663294,8,,26.726500888321286,1.8261026758746084,0.2219421416248224,0.17088043869274894
lead_capacity_value_heterogeneity,capacity_value_heterogeneity,0.25,lead_score_logit,net_value_per_1k_leads,428185.6253821352,133323.92402692116,350050.89345529524,521524.765547516,8,,25.992310040143074,1.0439593828753004,0.18463479549996004,0.16567741865168129
lead_capacity_value_heterogeneity,capacity_value_heterogeneity,0.25,lowest_cpl,net_value_per_1k_leads,425343.8452992402,161678.2010780638,332151.63478832203,539005.4939906325,8,,24.149456060449673,0.04422856974997552,0.0009101286248096125,0.24634886255211907
lead_capacity_value_heterogeneity,capacity_value_heterogeneity,0.25,existing_policy_replay,net_value_per_1k_leads,423217.47996377316,152583.31611788907,336382.97492838645,531207.7865869326,8,,23.457981306512572,0.0,0.0,0.2473846572099442
lead_capacity_value_heterogeneity,capacity_value_heterogeneity,0.25,call_everyone,net_value_per_1k_leads,421439.4168698669,156409.52518536936,332332.68576493044,532177.988633499,8,,23.29683827809987,0.041045510375397457,0.006035440875166338,0.2467379495816353
lead_capacity_value_heterogeneity,capacity_value_heterogeneity,0.25,last_click_attribution,net_value_per_1k_leads,421236.2052729585,144419.63141806715,338877.10411480354,523041.4475322368,8,,23.924842941443668,0.05407139037515657,0.002470582374371538,0.24585535766743521
lead_capacity_value_heterogeneity,capacity_value_heterogeneity,0.25,random,net_value_per_1k_leads,420475.2542743185,155719.19105944026,332550.9124944124,532123.0173826783,8,,21.95966632000428,0.0520549838749957,0.0019555229998786,0.2463526083379332
lead_capacity_value_heterogeneity,capacity_value_heterogeneity,0.25,fifo,net_value_per_1k_leads,414472.70451597037,149483.08254195968,330115.9787554857,522054.37824640644,8,,19.638523832331053,0.04339005362476196,0.0008477293745272125,0.24582316510830715
lead_capacity_value_heterogeneity,capacity_value_heterogeneity,0.25,do_nothing,net_value_per_1k_leads,374464.43077699887,148083.2819629989,289588.4791265987,479339.23422460526,8,,0.0,1.940874653882929e-06,0.00019493562513156248,0.0
lead_concept_drift,concept_drift,0.25,oracle,net_value_per_1k_leads,76605.40512482903,53573.03248103458,45619.92579225504,114281.00560170901,8,,100.0,2.2428750980907353e-06,0.0005260052496396,0.19288945769632374
lead_concept_drift,concept_drift,0.25,propensity_ev_logit,net_value_per_1k_leads,75901.79523993804,53823.93672555294,44842.81211644145,113690.377799359,8,,895.6744175396802,0.9132996706250651,0.17705049524965938,0.24817987876644954
lead_concept_drift,concept_drift,0.25,lead_score_logit,net_value_per_1k_leads,75756.06068038431,53210.711665580566,45006.49543701306,113113.49271996334,8,,627.31278247823,0.9179022301245823,0.16483238474984313,0.2460932255926465
lead_concept_drift,concept_drift,0.25,propensity_ev_gbm,net_value_per_1k_leads,75745.46897088182,53867.27598826285,44610.653827217786,113619.9822801318,8,,888.3127600816211,1.6210862316249859,0.24846853225017185,0.2480713929398815
lead_concept_drift,concept_drift,0.25,funnel_ev_gbm,net_value_per_1k_leads,75621.62864594115,53888.7814918654,44379.96043480848,113423.98440048717,8,,876.581690616272,2.956718298000169,0.5216980778748166,0.2484484570696657
lead_concept_drift,concept_drift,0.25,lead_score_gbm,net_value_per_1k_leads,75451.36108060137,53545.15921538538,44473.47669738622,113156.59550013993,8,,619.2189744130551,1.6226443078751345,0.20071929149980855,0.24663335378940338
lead_concept_drift,concept_drift,0.25,s_learner,net_value_per_1k_leads,75158.33244777855,52913.01802498494,44399.32744131097,112235.19590612466,8,,892.6902462739997,2.1397802245001003,0.29978426762477284,0.24783271296016668
lead_concept_drift,concept_drift,0.25,x_learner,net_value_per_1k_leads,74951.87695184379,52445.84751128662,44508.344087026,111712.15329425245,8,,979.7950175312453,3.918752381999866,0.5043878701249014,0.24869659285615892
lead_concept_drift,concept_drift,0.25,dr_learner,net_value_per_1k_leads,74857.33188090916,52588.57457849596,44413.543201602486,111747.92783588753,8,,1343.7448405381572,5.269236767875327,0.22171236074973416,0.24860038358885855
lead_concept_drift,concept_drift,0.25,causal_forest,net_value_per_1k_leads,74836.77186777128,52600.21122650324,44512.84597438009,111773.3615544123,8,,1235.425875918052,11.554093402249691,0.9041836424996745,0.24979295507060112
lead_concept_drift,concept_drift,0.25,t_learner,net_value_per_1k_leads,74656.87892138898,52727.55076131964,44113.280837016966,111734.68848676136,8,,660.5583939577884,2.3617950643749737,0.3020549398752337,0.24815714681035383
lead_concept_drift,concept_drift,0.25,hist_conversion_rate,net_value_per_1k_leads,74295.87445196687,52834.47771856791,43550.8541934765,111354.95623282768,8,,339.31304080671606,0.0439530437499797,0.0011722171252585751,0.24872863006413473
lead_concept_drift,concept_drift,0.25,class_transformation,net_value_per_1k_leads,74142.93333737776,52698.78127351809,43589.104815724546,111300.2323012646,8,,1103.3292331505722,2.207974839375538,0.25799028149981496,0.24845843970781145
lead_concept_drift,concept_drift,0.25,hist_net_profit,net_value_per_1k_leads,74120.5035593747,52340.69421232837,43614.74879778522,110691.09708848306,8,,340.4436911453398,0.05098861237547675,0.0012573466244702625,0.24848894366114582
lead_concept_drift,concept_drift,0.25,hist_profit_per_agent_hour,net_value_per_1k_leads,74117.28563050018,52343.489028037715,43614.74879778522,110691.09708848306,8,,340.29535588925717,0.055427619249712685,0.0012814211247586626,0.24884143459709318
lead_concept_drift,concept_drift,0.25,hist_roas,net_value_per_1k_leads,73936.70235380944,52574.72419427347,43340.09228564697,110660.99447636312,8,,405.1505561189072,0.0464176748746467,0.0011776395001561,0.2478990286852258
lead_concept_drift,concept_drift,0.25,last_click_attribution,net_value_per_1k_leads,73795.75515677813,52646.38124219647,43153.39463309708,110699.92447769025,8,,801.649110496124,0.051285963249711075,0.002587803999858775,0.24722245916343355
lead_concept_drift,concept_drift,0.25,existing_policy_replay,net_value_per_1k_leads,73785.50223191727,52711.465193831114,43159.54740494468,110859.55341831483,8,,1386.9302390258051,0.0,0.0,0.24910779419911705
lead_concept_drift,concept_drift,0.25,existing_policy_capped,net_value_per_1k_leads,73736.0408903533,52218.63201640377,43374.929266416235,110235.36958168857,8,,1083.6026275965971,0.0,0.0,0.2509668360977754
lead_concept_drift,concept_drift,0.25,call_everyone,net_value_per_1k_leads,73689.64849606555,51710.644686912674,43559.02227724566,109907.2409502134,8,,1167.535769952298,0.03739438775050981,0.0060821911251878,0.247854276704337
lead_concept_drift,concept_drift,0.25,do_nothing,net_value_per_1k_leads,73607.36013659796,51672.317335809064,43541.809464101,109918.37025048985,8,,0.0,2.1821249447384616e-06,0.00020257412529637502,0.0
lead_concept_drift,concept_drift,0.25,fifo,net_value_per_1k_leads,73570.06027855843,52890.27546718684,42890.13474113158,110810.093086315,8,,1453.8682873921628,0.043670332124975106,0.000944768875115125,0.24788685062845964
lead_concept_drift,concept_drift,0.25,lowest_cpl,net_value_per_1k_leads,73441.82281164892,52725.20397963457,42704.33839719098,110287.34439339458,8,,951.6349366681147,0.041927144875444314,0.000910318250134825,0.2467264037141983
lead_concept_drift,concept_drift,0.25,random,net_value_per_1k_leads,73121.02012922849,52741.118298988295,42554.298046552605,110383.46240017259,8,,1336.8846763039467,0.04279666362481288,0.0010368001251208,0.24695893156020182
lead_delayed_censored,delayed_censored,0.25,oracle,net_value_per_1k_leads,272161.2927591226,113386.29613172266,207055.98923918116,352380.3042776098,8,,100.0,2.0922500425513135e-06,0.000541874749842425,0.307515608915514
lead_delayed_censored,delayed_censored,0.25,propensity_ev_logit,net_value_per_1k_leads,234437.7548497223,98742.85806104633,177674.88789921947,304369.4101326956,8,,65.8589576147803,0.9257544330000655,0.17633980799996601,0.247923857544037
lead_delayed_censored,delayed_censored,0.25,s_learner,net_value_per_1k_leads,232921.4060011869,103164.54151898806,173670.2495261601,305928.3750966107,8,,63.849512688655494,2.1239236042504217,0.3004166286250438,0.24909963333632373
lead_delayed_censored,delayed_censored,0.25,propensity_ev_gbm,net_value_per_1k_leads,230462.24234480562,101366.40017884421,172180.29765408265,302014.8236235275,8,,61.717365108059134,1.609516349750038,0.24798489737486307,0.2485260172688997
lead_delayed_censored,delayed_censored,0.25,funnel_ev_gbm,net_value_per_1k_leads,230122.89410266592,97253.22545103656,173576.2769553739,298469.49436227593,8,,62.063360219456364,2.902113583000073,0.5265937081248921,0.24895075850534645
lead_delayed_censored,delayed_censored,0.25,lead_score_logit,net_value_per_1k_leads,227212.3806608749,94106.70549401126,171770.26727159115,292250.23152342165,8,,60.58048395274141,0.9150455083752149,0.16571482312497207,0.24670036217021846
lead_delayed_censored,delayed_censored,0.25,x_learner,net_value_per_1k_leads,226790.46719613695,102745.87212851632,167674.68662102887,299475.624885406,8,,57.76531941260249,3.862265070625199,0.4972670668748833,0.24812301975975526
lead_delayed_censored,delayed_censored,0.25,t_learner,net_value_per_1k_leads,226424.17975834626,105408.63773071053,166947.3065915131,301417.18523961084,8,,57.34003892046443,2.3177554926251105,0.29911760425056855,0.24773337092779596
lead_delayed_censored,delayed_censored,0.25,lead_score_gbm,net_value_per_1k_leads,224280.66623821028,94677.40112330338,169407.51163662854,290741.6680988642,8,,57.35382964320132,1.6036059906248283,0.2007827536247077,0.24717181080615103
lead_delayed_censored,delayed_censored,0.25,causal_forest,net_value_per_1k_leads,224203.7935979816,102887.85964805154,164566.2532262837,296703.1565426999,8,,55.064213053068656,9.810597529875395,0.8679143240001395,0.2499423869730222
lead_delayed_censored,delayed_censored,0.25,dr_learner,net_value_per_1k_leads,222698.0755433994,101474.24650997003,164457.45534741296,294297.54569220275,8,,53.67012685513696,5.152013377374942,0.21883503224989906,0.24933629267793764
lead_delayed_censored,delayed_censored,0.25,class_transformation,net_value_per_1k_leads,211967.93670245455,102388.9236866801,153151.80363170328,284180.3999749963,8,,43.318974964569165,2.160607370249636,0.25062099174988356,0.24874846635422423
lead_delayed_censored,delayed_censored,0.25,hist_conversion_rate,net_value_per_1k_leads,210028.3500588608,99076.98229910842,152710.29972130997,278721.5995742166,8,,42.69961459585899,0.049541217375008224,0.0012173013751634624,0.24869462552238442
lead_delayed_censored,delayed_censored,0.25,hist_net_profit,net_value_per_1k_leads,207488.7915789628,94681.89145871643,152046.28911596898,272503.51405869884,8,,40.95250087045771,0.05553528287532568,0.001267110124899725,0.24890715019976695
lead_delayed_censored,delayed_censored,0.25,hist_profit_per_agent_hour,net_value_per_1k_leads,207488.7915789628,94681.89145871643,152046.28911596898,272503.51405869884,8,,40.95250087045771,0.06097355924998734,0.0013308963750659625,0.24890715019976695
lead_delayed_censored,delayed_censored,0.25,existing_policy_capped,net_value_per_1k_leads,202159.71435037517,91760.83065082255,147885.9279980731,265176.8543367956,8,,35.899380094945954,0.0,0.0,0.2508997760119385
lead_delayed_censored,delayed_censored,0.25,hist_roas,net_value_per_1k_leads,201365.20398841758,88409.2955724847,149855.23685645577,262967.2226599091,8,,36.07358959195682,0.051431912624821,0.0013014976250360249,0.24749579702750216
lead_delayed_censored,delayed_censored,0.25,lowest_cpl,net_value_per_1k_leads,199203.15799320082,100343.18605162059,140203.52657554107,269269.6599245083,8,,32.016072660198915,0.046000237124871966,0.00091868225013055,0.24670869339941032
lead_delayed_censored,delayed_censored,0.25,last_click_attribution,net_value_per_1k_leads,198111.84742478718,91847.78837952515,144851.3351473838,262151.5988787559,8,,32.10973247720361,0.05508342712550979,0.0024676858749898625,0.2471882430371275
lead_delayed_censored,delayed_censored,0.25,existing_policy_replay,net_value_per_1k_leads,195403.12813981145,93207.15510715706,141670.43378382482,260762.24704315688,8,,29.25087544698879,0.0,0.0,0.24910779419911705
lead_delayed_censored,delayed_censored,0.25,call_everyone,net_value_per_1k_leads,193458.23700730968,93296.38839296793,140506.75728336547,259547.98580793713,8,,27.109782882479017,0.041582189000337125,0.005934318624667825,0.24788810356845992
lead_delayed_censored,delayed_censored,0.25,random,net_value_per_1k_leads,193279.58782678642,96808.29839783153,137849.34758495167,261152.35382679428,8,,26.443380967147235,0.04566940837480611,0.0009523652497591124,0.24694216653874262
lead_delayed_censored,delayed_censored,0.25,fifo,net_value_per_1k_leads,191657.57810194237,93299.34879037148,138446.72858412744,257548.31871309588,8,,26.299929343770692,0.04614415712489968,0.0009037805002662376,0.24792064831260147
lead_delayed_censored,delayed_censored,0.25,do_nothing,net_value_per_1k_leads,163093.38889810455,83532.59685808147,113953.75253853423,220843.8142339462,8,,0.0,1.7477498204243602e-06,0.00020733387532341252,0.0
lead_easy_randomized,easy_randomized,0.25,oracle,net_value_per_1k_leads,272161.2927591226,113386.29613172266,207055.98923918116,352380.3042776098,8,,100.0,2.105124963236449e-06,0.00054360787487435,0.307515608915514
lead_easy_randomized,easy_randomized,0.25,propensity_ev_logit,net_value_per_1k_leads,234319.15763327922,99222.12702584914,177405.76602057484,304330.41521177057,8,,65.69818882287493,0.9403364929997906,0.17830605312497022,0.24817987876644954
lead_easy_randomized,easy_randomized,0.25,s_learner,net_value_per_1k_leads,233852.99214312612,104989.58139585466,174916.66394877233,308842.58104350476,8,,64.65403480949178,2.158710434749878,0.3072461557499082,0.24783271296016668
lead_easy_randomized,easy_randomized,0.25,funnel_ev_gbm,net_value_per_1k_leads,231209.31746360916,100118.31083719038,173752.1070756386,301908.9391750711,8,,62.83047879596135,2.9497083304997886,0.5298628942498453,0.2484484570696657
lead_easy_randomized,easy_randomized,0.25,propensity_ev_gbm,net_value_per_1k_leads,230771.4882978271,99325.16747603533,173582.85301564884,300776.6921739698,8,,62.49579267280967,1.624665595500005,0.2477555682499996,0.2480713929398815
lead_easy_randomized,easy_randomized,0.25,x_learner,net_value_per_1k_leads,229212.69311805052,105534.373034425,169295.27616362026,304207.10744951945,8,,59.80618273645247,3.9703980103749927,0.5037028500000815,0.24869659285615892
lead_easy_randomized,easy_randomized,0.25,t_learner,net_value_per_1k_leads,226886.1690906929,102979.5302084217,168324.60705199954,299699.5649456142,8,,58.23735600485454,2.426005177499519,0.31310876662485043,0.24815714681035383
lead_easy_randomized,easy_randomized,0.25,lead_score_logit,net_value_per_1k_leads,226635.981133606,93655.00955163836,171880.74724429724,291994.0944203186,8,,59.96914100990223,0.919377656624988,0.162271502124895,0.2460932255926465
lead_easy_randomized,easy_randomized,0.25,lead_score_gbm,net_value_per_1k_leads,224396.3653568998,93750.54962028073,169645.548378319,289755.39207402384,8,,57.81162965156493,1.5991434307497912,0.2013778064997495,0.24663335378940338
lead_easy_randomized,easy_randomized,0.25,causal_forest,net_value_per_1k_leads,223787.90687894018,103775.64344378473,164295.8018707096,297351.1931450024,8,,54.63325152141223,22.404574541875036,1.0903550421249975,0.24979295507060112
lead_easy_randomized,easy_randomized,0.25,dr_learner,net_value_per_1k_leads,222685.78728179145,104126.1392840942,163527.9199177741,296182.4659136274,8,,53.83124958181408,5.245161138625008,0.2275560256249491,0.24860038358885855
lead_easy_randomized,easy_randomized,0.25,class_transformation,net_value_per_1k_leads,212365.46229960668,104986.54954192915,151669.44425507743,286019.9340932037,8,,43.44026216238104,2.196279190499922,0.27018114674990557,0.24845843970781145
lead_easy_randomized,easy_randomized,0.25,hist_conversion_rate,net_value_per_1k_leads,209769.44325751538,98924.81790250455,152708.92616911023,278462.7496649368,8,,42.49264216482418,0.044149512499984625,0.0012124534999883876,0.24872863006413473
lead_easy_randomized,easy_randomized,0.25,hist_net_profit,net_value_per_1k_leads,206274.88585169957,93306.21558775181,152271.99104273145,271038.3439347724,8,,40.05657208836102,0.050943787250048375,0.0011750678748967,0.24848894366114582
lead_easy_randomized,easy_randomized,0.25,hist_profit_per_agent_hour,net_value_per_1k_leads,205908.22098882927,93708.19978193179,151465.47509263473,271038.34393477236,8,,39.55247284302674,0.05344341049988085,0.0011694589998114,0.24884143459709318
lead_easy_randomized,easy_randomized,0.25,existing_policy_capped,net_value_per_1k_leads,202432.71807132234,92388.3418840304,147885.9279980731,265980.3158885572,8,,36.05421075251897,0.0,0.0,0.2509668360977754
lead_easy_randomized,easy_randomized,0.25,hist_roas,net_value_per_1k_leads,201610.6512643755,88338.47828030938,150068.63074854645,263162.42424072075,8,,36.31016848055005,0.04469250812496735,0.0011632548749957374,0.2478990286852258
lead_easy_randomized,easy_randomized,0.25,lowest_cpl,net_value_per_1k_leads,199425.73970072623,100111.81740742421,140560.93178024856,269492.12728161365,8,,32.228699029174024,0.04019386512493379,0.0008187623750472626,0.2467264037141983
lead_easy_randomized,easy_randomized,0.25,last_click_attribution,net_value_per_1k_leads,198111.5304083546,91847.71105122828,144850.32643927896,262151.4645586333,8,,32.10953156609633,0.049831851250132744,0.0023509108750658127,0.24722245916343355
lead_easy_randomized,easy_randomized,0.25,existing_policy_replay,net_value_per_1k_leads,195403.12813981145,93207.15510715706,141670.43378382482,260762.24704315688,8,,29.25087544698879,0.0,0.0,0.24910779419911705
lead_easy_randomized,easy_randomized,0.25,call_everyone,net_value_per_1k_leads,193458.19281137225,93296.24697507145,140506.7972101182,259547.70356796734,8,,27.10977603388161,0.035998305499901975,0.005883712874833625,0.247854276704337
lead_easy_randomized,easy_randomized,0.25,random,net_value_per_1k_leads,193279.4921197492,96808.04026652976,137849.34758495167,261152.03765008945,8,,26.443330062020372,0.042632328875242764,0.0009427883749139501,0.24695893156020182
lead_easy_randomized,easy_randomized,0.25,fifo,net_value_per_1k_leads,191658.03442954904,93298.84479041128,138447.45798637177,257548.61778515295,8,,26.30042682331851,0.042532316375059,0.0008637588749706624,0.24788685062845964
lead_easy_randomized,easy_randomized,0.25,do_nothing,net_value_per_1k_leads,163093.38889810455,83532.59685808147,113953.75253853423,220843.8142339462,8,,0.0,1.6104999076560489e-06,0.0001918267499831625,0.0
lead_hidden_confounding,hidden_confounding,0.25,oracle,net_value_per_1k_leads,324656.2759743511,107441.57417211232,262320.88945614506,399414.3921668817,8,,100.0,2.173124812543392e-06,0.00057048512485375,0.30481894299064144
lead_hidden_confounding,hidden_confounding,0.25,propensity_ev_logit,net_value_per_1k_leads,273172.5629842836,99295.44403802119,215773.10513555928,342488.3355090427,8,,54.83417484133552,1.041630181750179,0.18413918999976883,0.2487550309674878
lead_hidden_confounding,hidden_confounding,0.25,funnel_ev_gbm,net_value_per_1k_leads,271729.585439806,98686.2967495776,214590.9194024299,341470.15471761365,8,,53.51469661796959,3.5175900243743854,0.6022074398752011,0.24966547661473665
lead_hidden_confounding,hidden_confounding,0.25,s_learner,net_value_per_1k_leads,270391.52703633485,101658.82898710502,212155.37286473278,341997.754568501,8,,51.83092358511003,2.506318691250044,0.3387780316252247,0.24916051408030754
lead_hidden_confounding,hidden_confounding,0.25,t_learner,net_value_per_1k_leads,269904.19047089934,100645.25989232531,211958.16461507857,340470.5251780706,8,,51.51484625177652,2.7065391478749916,0.33744770924977274,0.24885996377391728
lead_hidden_confounding,hidden_confounding,0.25,propensity_ev_gbm,net_value_per_1k_leads,269588.54432169325,98489.07774520786,212322.3817450768,338732.9064327916,8,,51.52014968377118,1.8205362111252725,0.2782392213748608,0.24890581709642168
lead_hidden_confounding,hidden_confounding,0.25,x_learner,net_value_per_1k_leads,269584.3306237795,101066.60413190548,211614.05672192998,340479.18586977967,8,,51.30163934407483,4.554797127749907,0.5988579362499422,0.24933040050184455
lead_hidden_confounding,hidden_confounding,0.25,dr_learner,net_value_per_1k_leads,267497.1854902515,98279.36110252846,210843.71921130345,336599.1981850995,8,,49.840160744109205,6.411712965624702,0.26763777649989606,0.24875281524676152
lead_hidden_confounding,hidden_confounding,0.25,causal_forest,net_value_per_1k_leads,266827.96055466373,99742.34578975035,209079.043334293,336531.83120810246,8,,49.16332320115019,27.406596485375303,1.2709399079999457,0.24869970015315473
lead_hidden_confounding,hidden_confounding,0.25,lead_score_logit,net_value_per_1k_leads,265850.12595902244,95662.32597188202,210001.4463905292,332784.21583192,8,,48.72453090508475,1.0305655733754975,0.1796940656254264,0.2466841395679117
lead_hidden_confounding,hidden_confounding,0.25,lead_score_gbm,net_value_per_1k_leads,264541.40851646336,94727.76049224599,208592.93186142834,329877.99313772656,8,,47.39795149307553,1.8443114243750642,0.21815738075019905,0.24715940648735119
lead_hidden_confounding,hidden_confounding,0.25,existing_policy_capped,net_value_per_1k_leads,263236.8128281031,91270.72410722822,210237.7051482946,326960.71274719294,8,,47.345243703933576,0.0,0.0,0.2504916604744567
lead_hidden_confounding,hidden_confounding,0.25,existing_policy_replay,net_value_per_1k_leads,258082.73292433203,92053.46246081352,205337.227302255,323042.49086861865,8,,42.486019651852345,0.0,0.0,0.24989912915920082
lead_hidden_confounding,hidden_confounding,0.25,hist_conversion_rate,net_value_per_1k_leads,252974.20916546907,96960.10091611474,197437.83865057453,321619.210356597,8,,37.242492148751296,0.050820317249645044,0.0011577654997835876,0.24803378783480615
lead_hidden_confounding,hidden_confounding,0.25,hist_net_profit,net_value_per_1k_leads,251224.73762255875,94367.59669512157,197054.82238995633,317896.7736888969,8,,36.38215070723518,0.05904751712478169,0.001701176249980525,0.24889022254285773
lead_hidden_confounding,hidden_confounding,0.25,hist_profit_per_agent_hour,net_value_per_1k_leads,250688.48969935122,94102.62129037816,197029.83862739374,317360.5257656893,8,,35.89585839957289,0.057191989499869984,0.0012146273747929998,0.24920739668815686
lead_hidden_confounding,hidden_confounding,0.25,hist_roas,net_value_per_1k_leads,247706.60121989314,87734.34747598367,196622.10995362955,309703.50936570857,8,,33.78756305232777,0.0506484192499101,0.0011966245001530874,0.24839485312037451
lead_hidden_confounding,hidden_confounding,0.25,lowest_cpl,net_value_per_1k_leads,245026.15045519493,97219.71763706414,187441.88653110253,312068.3575852882,8,,30.322081943271957,0.047022912375496106,0.0008671728751323126,0.2468600733482032
lead_hidden_confounding,hidden_confounding,0.25,last_click_attribution,net_value_per_1k_leads,244819.84736125212,92307.33170887626,191217.788415248,309684.59045808075,8,,30.49228353815632,0.058014887000126636,0.002976469250143,0.24800780678015177
lead_hidden_confounding,hidden_confounding,0.25,class_transformation,net_value_per_1k_leads,243596.4895431921,97789.56030864317,187201.01474077877,312695.3800177302,8,,28.54196402074756,2.4610915608745927,0.27512091962512386,0.2492116553481108
lead_hidden_confounding,hidden_confounding,0.25,fifo,net_value_per_1k_leads,243514.38075623126,93002.1177056738,190161.54086542098,309014.57884029765,8,,29.424563889541737,0.0416206956247151,0.001402830749839225,0.2476863593596035
lead_hidden_confounding,hidden_confounding,0.25,random,net_value_per_1k_leads,242545.88844036372,96254.47783365025,186569.04154455478,309762.0794839258,8,,27.711943631519592,0.050192284500098994,0.0009595541250745876,0.2467057695980812
lead_hidden_confounding,hidden_confounding,0.25,call_everyone,net_value_per_1k_leads,242248.53454757849,91185.7273467382,189444.50669521815,306041.48968204216,8,,27.708089494650366,0.039164722124496565,0.00687311799993035,0.2474166533759797
lead_hidden_confounding,hidden_confounding,0.25,do_nothing,net_value_per_1k_leads,210312.0353235933,86481.69426013839,160033.06985534687,270667.9449561433,8,,0.0,1.863624447651091e-06,0.0001986308752747875,0.0
lead_misleading_attribution,misleading_attribution,0.25,oracle,net_value_per_1k_leads,272073.2799946002,105609.78253585905,213515.37541649712,347651.36566966993,8,,100.0,2.126124627466197e-06,0.0005180241250854626,0.30675041380733514
lead_misleading_attribution,misleading_attribution,0.25,propensity_ev_logit,net_value_per_1k_leads,234974.90179627948,90340.61057927931,183285.95901037098,299121.08892329625,8,,65.8234980580837,0.9032007375005833,0.17629196724988103,0.2501973907125792
lead_misleading_attribution,misleading_attribution,0.25,funnel_ev_gbm,net_value_per_1k_leads,232236.53070592886,88358.04287415795,181589.81274308843,294670.5762255801,8,,63.37369490521848,2.909257003499988,0.5258034453747769,0.25050253177501414
lead_misleading_attribution,misleading_attribution,0.25,propensity_ev_gbm,net_value_per_1k_leads,231783.2763860532,90383.58761788833,180139.27398538502,295656.05295140255,8,,62.63089317170981,1.6362451870002133,0.25350003650055436,0.25040378884594305
lead_misleading_attribution,misleading_attribution,0.25,lead_score_logit,net_value_per_1k_leads,231755.99584040834,89002.9973010028,181705.4652468508,295407.2661359349,8,,62.89189213846662,0.916129133125196,0.1642927622499428,0.2481641209080825
lead_misleading_attribution,misleading_attribution,0.25,s_learner,net_value_per_1k_leads,230718.19698292785,88395.6032591649,179684.0941477565,292844.3642449583,8,,61.8572717803885,2.1153876580003725,0.30146563537482507,0.2500241048427455
lead_misleading_attribution,misleading_attribution,0.25,t_learner,net_value_per_1k_leads,226913.9609269579,92134.60245829388,174370.1161262912,292576.7596361735,8,,57.50687877570145,2.321023225375029,0.30082951125018553,0.2496528505416713
lead_misleading_attribution,misleading_attribution,0.25,lead_score_gbm,net_value_per_1k_leads,226842.73579994307,87046.22597781905,177293.43126753508,289019.84950728103,8,,58.528936391692284,1.5699515531250654,0.2003348187497522,0.24934333772349415
lead_misleading_attribution,misleading_attribution,0.25,x_learner,net_value_per_1k_leads,226811.54717341583,89101.02631300483,175667.79528479456,289673.0209541181,8,,57.83788494790811,3.865211230875275,0.49405522749975717,0.25131948069226095
lead_misleading_attribution,misleading_attribution,0.25,causal_forest,net_value_per_1k_leads,223635.677257161,87184.4416821829,173354.4758892482,285229.1247829081,8,,55.12331943655825,12.617145188750328,0.9154438291250244,0.25176021890572575
lead_misleading_attribution,misleading_attribution,0.25,dr_learner,net_value_per_1k_leads,219579.53483769056,91027.92087653886,166124.68841718673,284075.91318756074,8,,50.542046839849604,5.121441238249645,0.22035527587513568,0.2518018790853302
lead_misleading_attribution,misleading_attribution,0.25,hist_profit_per_agent_hour,net_value_per_1k_leads,211613.4587213454,88403.48782257765,161713.69286487327,275326.3342710588,8,,42.8441918138453,0.05289881549970227,0.0012145156249516375,0.24841533758426615
lead_misleading_attribution,misleading_attribution,0.25,hist_conversion_rate,net_value_per_1k_leads,211528.11155044643,86627.967828101,162219.08183252424,273347.54712001805,8,,43.12169675307011,0.04338560399992271,0.0011428886250541372,0.24770979385382025
lead_misleading_attribution,misleading_attribution,0.25,hist_net_profit,net_value_per_1k_leads,211350.57990709489,88291.11647786637,161599.13403772438,275108.0738517314,8,,42.60057538605395,0.05092484649981083,0.0013132306253282374,0.24838125442134865
lead_misleading_attribution,misleading_attribution,0.25,class_transformation,net_value_per_1k_leads,209795.39536060434,90530.70753248778,157843.93872178294,274012.66987586475,8,,40.689498956533015,2.1644386508751268,0.25303142674965784,0.250168647526934
lead_misleading_attribution,misleading_attribution,0.25,hist_roas,net_value_per_1k_leads,205679.77191225672,81620.03251556313,159216.1796274975,263770.5709411981,8,,38.21686199375981,0.04582471337494094,0.0012822568751289125,0.24881396336534423
lead_misleading_attribution,misleading_attribution,0.25,existing_policy_capped,net_value_per_1k_leads,204093.85239153204,90229.08525452774,152723.33695819147,268408.86426073406,8,,35.402801653785545,0.0,0.0,0.24847454779225359
lead_misleading_attribution,misleading_attribution,0.25,last_click_attribution,net_value_per_1k_leads,201196.29444459247,87721.82071120126,150721.72172610456,263338.53945923597,8,,33.05162804532358,0.04965587862534444,0.0025079278750581,0.24794017931778933
lead_misleading_attribution,misleading_attribution,0.25,existing_policy_replay,net_value_per_1k_leads,198114.32177939554,90382.23472139907,146790.28993672616,262141.74861604144,8,,29.43739722981939,0.0,0.0,0.2514844734205137
lead_misleading_attribution,misleading_attribution,0.25,lowest_cpl,net_value_per_1k_leads,197307.7648907702,81943.93159140988,150056.95691721805,254663.92074483278,8,,29.837646028138018,0.040969311750131895,0.0008973179999429375,0.2485387803722553
lead_misleading_attribution,misleading_attribution,0.25,call_everyone,net_value_per_1k_leads,196272.493942904,87407.75425778695,146157.8803599433,258025.34229583506,8,,28.039902016372878,0.036024871250219755,0.00561360287474595,0.2482740364054848
lead_misleading_attribution,misleading_attribution,0.25,random,net_value_per_1k_leads,196053.10074932716,86282.8915176157,146131.96850793593,256883.92693788282,8,,28.235508785831612,0.0411527363748973,0.0009652312503475749,0.2492862865693245
lead_misleading_attribution,misleading_attribution,0.25,fifo,net_value_per_1k_leads,195613.28567267818,86318.44163712562,146039.67826917535,256544.3070998174,8,,27.92124306386227,0.04229606000012605,0.000919386499845075,0.24800551105788643
lead_misleading_attribution,misleading_attribution,0.25,do_nothing,net_value_per_1k_leads,166399.93596870254,78435.65606907326,121209.11807362013,221764.35438367396,8,,0.0,2.0083750769117614e-06,0.0002068371252334375,0.0
lead_negative_control_null_effect,negative_control_null_effect,0.25,do_nothing,net_value_per_1k_leads,163093.38889810455,83532.59685808147,113953.75253853423,220843.8142339462,8,,,1.6274996141873999e-06,0.000206538499924075,0.0
lead_negative_control_null_effect,negative_control_null_effect,0.25,oracle,net_value_per_1k_leads,163093.38889810455,83532.59685808147,113953.75253853423,220843.8142339462,8,,,1.6516248706466286e-06,0.00047835875011508747,0.0
lead_negative_control_null_effect,negative_control_null_effect,0.25,s_learner,net_value_per_1k_leads,162176.7198866469,83283.56897624646,113205.19750592756,219844.12377243585,8,,,2.1098281681249773,0.3025239929995678,0.15854591633068288
lead_negative_control_null_effect,negative_control_null_effect,0.25,dr_learner,net_value_per_1k_leads,162025.69631915828,83332.74233625286,113094.75848672239,219712.4691926647,8,,,5.079753789499591,0.2118953536250956,0.18481770957899424
lead_negative_control_null_effect,negative_control_null_effect,0.25,causal_forest,net_value_per_1k_leads,161706.26982158213,83512.37284342747,112557.72576538069,219447.42008919254,8,,,11.224077140875352,0.8725238663753316,0.24005478143346412
lead_negative_control_null_effect,negative_control_null_effect,0.25,lowest_cpl,net_value_per_1k_leads,161680.33018702696,83537.26887405616,112557.48379803333,219430.25144958525,8,,,0.04192234025003923,0.0009009578750464626,0.2467264037141983
lead_negative_control_null_effect,negative_control_null_effect,0.25,hist_net_profit,net_value_per_1k_leads,161678.90121428863,83533.69623454717,112552.17581301248,219420.89727504406,8,,,0.05331433162496065,0.0011905848748482999,0.24783646239571833
lead_negative_control_null_effect,negative_control_null_effect,0.25,hist_profit_per_agent_hour,net_value_per_1k_leads,161678.22469082597,83534.32616118196,112550.23005248714,219420.16487833956,8,,,0.054973073999917646,0.00127373587497455,0.24818854810756708
lead_negative_control_null_effect,negative_control_null_effect,0.25,hist_roas,net_value_per_1k_leads,161677.8951781101,83529.63928251,112552.24654818201,219422.32874999015,8,,,0.04648392474973656,0.0012612712500867501,0.24707959406846502
lead_negative_control_null_effect,negative_control_null_effect,0.25,last_click_attribution,net_value_per_1k_leads,161677.74571055663,83537.70277669001,112551.09986388477,219427.3721150873,8,,,0.0511216515001251,0.0027682502502556876,0.24718894950454895
lead_negative_control_null_effect,negative_control_null_effect,0.25,hist_conversion_rate,net_value_per_1k_leads,161674.37398241556,83541.52283258448,112539.32765388275,219425.1745429372,8,,,0.045691056875284575,0.0011809803747837,0.24887703933197305
lead_negative_control_null_effect,negative_control_null_effect,0.25,lead_score_gbm,net_value_per_1k_leads,161671.0679259508,83536.08744985604,112537.92512008178,219412.86891061673,8,,,1.5540881062502194,0.2007952567496431,0.24619025495565444
lead_negative_control_null_effect,negative_control_null_effect,0.25,fifo,net_value_per_1k_leads,161669.32861692848,83533.00054705344,112534.20135675505,219410.60122402324,8,,,0.042080068250243075,0.000951176375110625,0.24788685062845964
lead_negative_control_null_effect,negative_control_null_effect,0.25,lead_score_logit,net_value_per_1k_leads,161669.19712878185,83540.73145438792,112533.56080334424,219418.0057036201,8,,,0.8816819391254285,0.16476182099995637,0.2463828669846735
lead_negative_control_null_effect,negative_control_null_effect,0.25,random,net_value_per_1k_leads,161668.3546928073,83542.39425144644,112522.94123028468,219416.12362836406,8,,,0.042512195999961436,0.0010327379998215625,0.24695893156020182
lead_negative_control_null_effect,negative_control_null_effect,0.25,propensity_ev_logit,net_value_per_1k_leads,161667.61295344436,83539.89261422332,112530.98928548973,219418.84278639694,8,,,0.8982172012504179,0.17387033862496534,0.24811329069497812
lead_negative_control_null_effect,negative_control_null_effect,0.25,call_everyone,net_value_per_1k_leads,161667.44235914585,83533.14197088755,112526.77308385784,219411.6216137003,8,,,0.037006816374969234,0.005960237875569825,0.247854276704337
lead_negative_control_null_effect,negative_control_null_effect,0.25,class_transformation,net_value_per_1k_leads,161665.83871030973,83533.28339917,112528.00737212926,219408.7659356324,8,,,2.167976492875141,0.2538271056250778,0.24809541658643547
lead_negative_control_null_effect,negative_control_null_effect,0.25,funnel_ev_gbm,net_value_per_1k_leads,161664.0507197262,83539.88812894882,112525.11084523847,219414.17578901353,8,,,2.663604051374932,0.5266793388748283,0.24794359020608206
lead_negative_control_null_effect,negative_control_null_effect,0.25,propensity_ev_gbm,net_value_per_1k_leads,161663.91899144833,83544.8263232132,112521.23970940665,219417.60734514875,8,,,1.5539783182496194,0.2458325518753099,0.24708280586840742
lead_negative_control_null_effect,negative_control_null_effect,0.25,x_learner,net_value_per_1k_leads,161662.90270711167,83537.43595133083,112523.83984354994,219410.05002273782,8,,,3.8722201821253748,0.49779767737436487,0.24773570987777238
lead_negative_control_null_effect,negative_control_null_effect,0.25,t_learner,net_value_per_1k_leads,161662.71405611784,83533.65707322325,112523.43224842235,219407.5092145175,8,,,2.297244532000377,0.3003421346249979,0.2471618012945785
lead_negative_control_null_effect,negative_control_null_effect,0.25,existing_policy_capped,net_value_per_1k_leads,161658.89720802868,83533.76625653106,112520.6361842443,219405.11539610793,8,,,0.0,0.0,0.25072063947791434
lead_negative_control_null_effect,negative_control_null_effect,0.25,existing_policy_replay,net_value_per_1k_leads,161658.67433913436,83533.57405749429,112520.46632422254,219405.0426267708,8,,,0.0,0.0,0.24910779419911705
lead_noisy_crm,noisy_crm,0.25,oracle,net_value_per_1k_leads,271716.1014471455,112795.0120777624,206711.10191629172,351520.1714798776,8,,100.0,1.9330000213813037e-06,0.000532687874510825,0.30730917867479596
lead_noisy_crm,noisy_crm,0.25,propensity_ev_logit,net_value_per_1k_leads,227859.2023041563,99463.99653762602,170104.66445553763,297253.2264341639,8,,59.89653708967175,1.0806567792501482,0.18799189037508765,0.24872611487361146
lead_noisy_crm,noisy_crm,0.25,funnel_ev_gbm,net_value_per_1k_leads,225388.09970453422,99613.54360266148,167297.56452869787,294875.56318525027,8,,57.434521003136226,4.20993175550052,0.7001996927499476,0.24839922824763605
lead_noisy_crm,noisy_crm,0.25,propensity_ev_gbm,net_value_per_1k_leads,224156.85098581575,98670.10868510189,166895.85325484065,293438.32299148076,8,,56.40880931101988,2.2068886540000676,0.3042445410003438,0.24829668380344422
lead_noisy_crm,noisy_crm,0.25,lead_score_logit,net_value_per_1k_leads,222906.00201577693,95315.46535311735,167335.54446381898,289566.7121972473,8,,56.34342851615354,1.0698810597500596,0.17776186824971768,0.24634824553350518
lead_noisy_crm,noisy_crm,0.25,lead_score_gbm,net_value_per_1k_leads,218251.85593712103,93560.53917111128,162949.7541555138,283402.0657187408,8,,52.316792046630795,2.147200538750212,0.23418263599978667,0.24693547712521619
lead_noisy_crm,noisy_crm,0.25,class_transformation,net_value_per_1k_leads,208858.14292533166,100869.49572359053,150839.99313158903,280136.525063444,8,,41.01788207407975,3.017452556249964,0.30823022737513384,0.2490383811726008
lead_noisy_crm,noisy_crm,0.25,hist_conversion_rate,net_value_per_1k_leads,208281.82863758624,99041.84695097769,150492.51246240735,277077.8173221299,8,,41.425123028186974,0.04719317750027578,0.001191631624806125,0.24938401142580377
lead_noisy_crm,noisy_crm,0.25,hist_net_profit,net_value_per_1k_leads,207884.02534934698,98901.37160251735,150464.85303142056,276611.8086655793,8,,40.97202744215548,0.05442389074983105,0.0012938741251673001,0.2490362061486629
lead_noisy_crm,noisy_crm,0.25,hist_profit_per_agent_hour,net_value_per_1k_leads,206370.75668976756,95342.79603117082,150464.85303142056,272072.002686841,8,,40.09897182734882,0.05714666375024531,0.001197066500026225,0.2491337988617403
lead_noisy_crm,noisy_crm,0.25,existing_policy_capped,net_value_per_1k_leads,202361.10477925482,95090.32574028849,146939.85049249546,268258.41036979685,8,,36.06556613348009,0.0,0.0,0.2506161811088936
lead_noisy_crm,noisy_crm,0.25,hist_roas,net_value_per_1k_leads,200463.72395751573,90778.98945131632,147329.7646293286,263407.54208624497,8,,35.15093648788074,0.048454984000272774,0.001182610499881725,0.24818868985737869
lead_noisy_crm,noisy_crm,0.25,lowest_cpl,net_value_per_1k_leads,198529.58928590384,100485.7459313862,139429.90239082728,268647.83269525814,8,,31.5819758220605,0.04471495650000175,0.0008767417500621,0.2477720768348619
lead_noisy_crm,noisy_crm,0.25,last_click_attribution,net_value_per_1k_leads,197942.3694906855,93679.68354604483,143442.845240984,262947.3998092756,8,,32.11257303204914,0.05470669812507361,0.0025475379998169375,0.24803917936740744
lead_noisy_crm,noisy_crm,0.25,existing_policy_replay,net_value_per_1k_leads,194264.7289301966,93541.53129631774,140453.23813675396,260160.02615033722,8,,28.681551385637402,0.0,0.0,0.24899788359924416
lead_noisy_crm,noisy_crm,0.25,call_everyone,net_value_per_1k_leads,193383.3241204362,94468.91706620416,139915.4858673655,260514.70434493548,8,,27.425718622732443,0.039858802124626835,0.00590321125014265,0.2478894697148344
lead_noisy_crm,noisy_crm,0.25,random,net_value_per_1k_leads,192350.0966152001,97134.6491821662,136595.41991954646,260525.59621085005,8,,26.011933108599422,0.0457234482503281,0.0009828874999584002,0.24714952179103794
lead_noisy_crm,noisy_crm,0.25,fifo,net_value_per_1k_leads,191567.9745410752,93418.21719729475,138245.85119335714,257551.49984921585,8,,26.727434471037384,0.04570496950009323,0.0009495400001923624,0.2479060592122241
lead_noisy_crm,noisy_crm,0.25,do_nothing,net_value_per_1k_leads,162621.929794984,84322.08239881364,112881.86153507313,221088.5784222653,8,,0.0,1.739375193210435e-06,0.0002125045000411,0.0
lead_observed_confounding,observed_confounding,0.25,oracle,net_value_per_1k_leads,324656.2759743511,107441.57417211232,262320.88945614506,399414.3921668817,8,,100.0,2.18224977288628e-06,0.000530375999915075,0.30481894299064144
lead_observed_confounding,observed_confounding,0.25,propensity_ev_logit,net_value_per_1k_leads,283690.3876163341,94020.04398750502,229192.95716211828,349886.5365861505,8,,64.71204731398396,1.1509491065005477,0.21811462624964406,0.2475368535493755
lead_observed_confounding,observed_confounding,0.25,s_learner,net_value_per_1k_leads,282593.2147897344,96618.49240494233,226436.01981013507,350379.57906634826,8,,63.33316052011621,2.6553556696246687,0.3932499541249399,0.2478414665254176
lead_observed_confounding,observed_confounding,0.25,funnel_ev_gbm,net_value_per_1k_leads,282169.1789469432,94170.47665811484,227715.99233102048,347911.1606023577,8,,63.206864434850765,3.8700043035000817,0.605011104624964,0.2480304096509202
lead_observed_confounding,observed_confounding,0.25,propensity_ev_gbm,net_value_per_1k_leads,282010.5562574467,94154.14345755517,227207.98130171065,347286.19594818435,8,,63.04180797330103,2.1469835637501546,0.30858905437480644,0.2479081683164239
lead_observed_confounding,observed_confounding,0.25,t_learner,net_value_per_1k_leads,279305.0985712301,97022.10056815043,223527.13169007245,346870.72509878175,8,,60.21044423129147,2.774552652000011,0.3374636128748989,0.24724708782547614
lead_observed_confounding,observed_confounding,0.25,x_learner,net_value_per_1k_leads,277166.12140818243,98617.89475719478,220024.28613997437,346393.34233382234,8,,58.36586058565062,4.9127807518750615,0.6633936923749388,0.2485664054319488
lead_observed_confounding,observed_confounding,0.25,lead_score_logit,net_value_per_1k_leads,276912.0222923481,91113.91582324941,222902.11902654482,339956.37672033545,8,,59.15685945718638,1.139430367624982,0.20124657274982377,0.24580983379325497
lead_observed_confounding,observed_confounding,0.25,lead_score_gbm,net_value_per_1k_leads,276840.9959960863,92094.54441304997,222753.94581396185,340810.1526247916,8,,58.84540966358611,2.0615520818751065,0.2473096932501448,0.24631799540096677
lead_observed_confounding,observed_confounding,0.25,causal_forest,net_value_per_1k_leads,273133.72395045357,96459.3572825082,216778.98980901626,340676.529567631,8,,55.01390647940133,33.25539692375014,1.172587475249884,0.24986260710021005
lead_observed_confounding,observed_confounding,0.25,dr_learner,net_value_per_1k_leads,271415.0759862894,95473.59506236366,215883.97458080604,337917.68425409996,8,,53.42953932967,6.9140817923751,0.25971090262464713,0.2502420853937943
lead_observed_confounding,observed_confounding,0.25,existing_policy_capped,net_value_per_1k_leads,263236.8128281031,91270.72410722822,210237.7051482946,326960.71274719294,8,,47.345243703933576,0.0,0.0,0.2504916604744567
lead_observed_confounding,observed_confounding,0.25,existing_policy_replay,net_value_per_1k_leads,258082.73292433203,92053.46246081352,205337.227302255,323042.49086861865,8,,42.486019651852345,0.0,0.0,0.24989912915920082
lead_observed_confounding,observed_confounding,0.25,hist_conversion_rate,net_value_per_1k_leads,252974.20916546907,96960.10091611474,197437.83865057453,321619.210356597,8,,37.242492148751296,0.06419224437490809,0.0017251782498987874,0.24803378783480615
lead_observed_confounding,observed_confounding,0.25,hist_net_profit,net_value_per_1k_leads,251224.73762255875,94367.59669512157,197054.82238995633,317896.7736888969,8,,36.38215070723518,0.06235943662477434,0.0017760640005235,0.24889022254285773
lead_observed_confounding,observed_confounding,0.25,hist_profit_per_agent_hour,net_value_per_1k_leads,250688.48969935122,94102.62129037816,197029.83862739374,317360.5257656893,8,,35.89585839957289,0.07553339274977584,0.001334963124691,0.24920739668815686
lead_observed_confounding,observed_confounding,0.25,hist_roas,net_value_per_1k_leads,247706.60121989314,87734.34747598367,196622.10995362955,309703.50936570857,8,,33.78756305232777,0.055686957874968315,0.0012335865001204499,0.24839485312037451
lead_observed_confounding,observed_confounding,0.25,lowest_cpl,net_value_per_1k_leads,245026.15045519493,97219.71763706414,187441.88653110253,312068.3575852882,8,,30.322081943271957,0.053149556625157815,0.0014216443748863875,0.2468600733482032
lead_observed_confounding,observed_confounding,0.25,last_click_attribution,net_value_per_1k_leads,244819.84736125212,92307.33170887626,191217.788415248,309684.59045808075,8,,30.49228353815632,0.06346156325025726,0.00244192924947125,0.24800780678015177
lead_observed_confounding,observed_confounding,0.25,fifo,net_value_per_1k_leads,243514.38075623126,93002.1177056738,190161.54086542098,309014.57884029765,8,,29.424563889541737,0.05100589500011661,0.0008902822501112751,0.2476863593596035
lead_observed_confounding,observed_confounding,0.25,random,net_value_per_1k_leads,242545.88844036372,96254.47783365025,186569.04154455478,309762.0794839258,8,,27.711943631519592,0.05081450037528153,0.0009437119995254125,0.2467057695980812
lead_observed_confounding,observed_confounding,0.25,call_everyone,net_value_per_1k_leads,242248.53454757849,91185.7273467382,189444.50669521815,306041.48968204216,8,,27.708089494650366,0.05128903212539621,0.007716015750247551,0.2474166533759797
lead_observed_confounding,observed_confounding,0.25,class_transformation,net_value_per_1k_leads,227191.02141088323,95854.41144297775,171390.20740662754,293906.9397917222,8,,13.923345362919237,2.6063690623748244,0.29709041549995163,0.24976490655562325
lead_observed_confounding,observed_confounding,0.25,do_nothing,net_value_per_1k_leads,210312.0353235933,86481.69426013839,160033.06985534687,270667.9449561433,8,,0.0,1.6706253518350422e-06,0.00018664962590258748,0.0
lead_policy_feedback_loop,policy_feedback_loop,0.25,oracle,net_value_per_1k_leads,272161.2927591226,113386.29613172266,207055.98923918116,352380.3042776098,8,,100.0,2.1622499843942933e-06,0.0005370353749185124,0.307515608915514
lead_policy_feedback_loop,policy_feedback_loop,0.25,propensity_ev_logit,net_value_per_1k_leads,231399.26576569796,97419.6831489009,174580.2490587779,298879.17299871467,8,,63.47806489734184,0.9051698127502732,0.1749494256248454,0.24648582260100893
lead_policy_feedback_loop,policy_feedback_loop,0.25,s_learner,net_value_per_1k_leads,229938.846113713,100673.7330817448,171495.12972258969,300642.296251094,8,,61.292147195926276,2.167552378624805,0.30326337487485944,0.2468006665171183
lead_policy_feedback_loop,policy_feedback_loop,0.25,propensity_ev_gbm,net_value_per_1k_leads,228922.91650118263,98272.19981252521,171596.04825567655,297081.7470365878,8,,60.947040159191864,1.6170751894999285,0.2508186678749098,0.24687062269341392
lead_policy_feedback_loop,policy_feedback_loop,0.25,funnel_ev_gbm,net_value_per_1k_leads,228383.724724147,98401.81690394315,170981.29448308688,296845.9838771428,8,,60.23359006363085,2.9624540540000908,0.5291257231247073,0.2467837666058491
lead_policy_feedback_loop,policy_feedback_loop,0.25,lead_score_logit,net_value_per_1k_leads,226959.77421406118,92705.75636651994,172288.16030763637,291265.2176670381,8,,60.32086880419669,0.9104533822501253,0.16653334199941122,0.24494525117354454
lead_policy_feedback_loop,policy_feedback_loop,0.25,lead_score_gbm,net_value_per_1k_leads,222556.21624693542,93802.46989800474,167985.81798238296,287851.5794398467,8,,55.779122157744254,1.6198722940000607,0.20011568462473403,0.24456733730555952
lead_policy_feedback_loop,policy_feedback_loop,0.25,t_learner,net_value_per_1k_leads,222048.04894638347,102171.17355712771,162295.36803028444,293275.01203812246,8,,53.29074542022661,2.380349147000061,0.30460769349974726,0.24636868525216232
lead_policy_feedback_loop,policy_feedback_loop,0.25,x_learner,net_value_per_1k_leads,221609.39742367069,103371.2693190708,161656.98189564352,293784.6043826323,8,,52.7079435537065,4.130225119249644,0.5317973631251789,0.24605901538464653
lead_policy_feedback_loop,policy_feedback_loop,0.25,causal_forest,net_value_per_1k_leads,217557.61514704546,98854.64033917627,159913.21395471384,286440.00362290774,8,,49.71998081030233,21.86867489375004,1.086245935875013,0.24733183846464304
lead_policy_feedback_loop,policy_feedback_loop,0.25,dr_learner,net_value_per_1k_leads,208754.1016317744,93266.8917719707,153938.877198032,273121.99935709464,8,,42.10889975247287,5.468028380999613,0.21289049737515592,0.2496510567450701
lead_policy_feedback_loop,policy_feedback_loop,0.25,hist_conversion_rate,net_value_per_1k_leads,205428.20578956767,91585.32918014252,152138.9236278332,268781.4760709103,8,,39.53441943277031,0.04530307200025159,0.0011678835005568123,0.24728493054334486
lead_policy_feedback_loop,policy_feedback_loop,0.25,hist_net_profit,net_value_per_1k_leads,204235.26205022557,92267.63811366027,151276.36878751393,269061.07272355177,8,,38.34805216560807,0.052984627749992755,0.0012202581253858875,0.24704692553526514
lead_policy_feedback_loop,policy_feedback_loop,0.25,hist_profit_per_agent_hour,net_value_per_1k_leads,204210.2904113489,92280.89066463143,151226.0401170112,269060.4484325799,8,,38.32290073010455,0.05399496149993861,0.0012124046254484125,0.24706369280555357
lead_policy_feedback_loop,policy_feedback_loop,0.25,class_transformation,net_value_per_1k_leads,203362.30225338315,98922.02271501043,146361.80727644952,273078.93724826653,8,,35.452434615721366,2.232928976750145,0.2557724056252937,0.24528710836339995
lead_policy_feedback_loop,policy_feedback_loop,0.25,hist_roas,net_value_per_1k_leads,200013.83412557325,88888.7119173443,148542.61218805666,262091.87603243868,8,,34.833197645630094,0.04667916874973339,0.0012011745000108376,0.24711515555273872
lead_policy_feedback_loop,policy_feedback_loop,0.25,lowest_cpl,net_value_per_1k_leads,198892.21118955198,100418.91142427953,139746.68406649065,269095.96710014116,8,,31.72904494315869,0.04104771212541887,0.0008890913750291751,0.2469851984384316
lead_policy_feedback_loop,policy_feedback_loop,0.25,last_click_attribution,net_value_per_1k_leads,198115.79755042662,91621.56437524006,145227.19173437796,262279.9000930417,8,,32.18792203093956,0.05055807137500774,0.0024640087494844374,0.24596597498688522
lead_policy_feedback_loop,policy_feedback_loop,0.25,existing_policy_capped,net_value_per_1k_leads,196942.4092082918,87673.01634175965,144983.10227041715,257199.6315510103,8,,32.10541908527727,0.0,0.0,0.2501112760106224
lead_policy_feedback_loop,policy_feedback_loop,0.25,call_everyone,net_value_per_1k_leads,193441.44523090287,93282.05581732545,140451.01164114062,259516.98650922635,8,,27.089328980356612,0.037599435250513076,0.006477933749238175,0.24709885633603657
lead_policy_feedback_loop,policy_feedback_loop,0.25,random,net_value_per_1k_leads,193261.40945665957,96828.23357685092,137824.4053352754,261134.97078294097,8,,26.425717703025885,0.043182833125001666,0.0010447278750688749,0.24642383324873302
lead_policy_feedback_loop,policy_feedback_loop,0.25,fifo,net_value_per_1k_leads,191698.16423587827,93311.31223440723,138477.12545611794,257590.3167182888,8,,26.335774581093375,0.04171057562484744,0.0008752993753659375,0.24740194569228385
lead_policy_feedback_loop,policy_feedback_loop,0.25,existing_policy_replay,net_value_per_1k_leads,189313.7379251773,89004.77264080125,138074.96265047905,251423.09367989356,8,,24.542583026774352,0.0,0.0,0.24934666128909455
lead_policy_feedback_loop,policy_feedback_loop,0.25,do_nothing,net_value_per_1k_leads,163093.38889810455,83532.59685808147,113953.75253853423,220843.8142339462,8,,0.0,1.8039997939922614e-06,0.000195389499822275,0.0
lead_propensity_not_uplift,propensity_not_uplift,0.25,oracle,net_value_per_1k_leads,355286.7115893959,112369.6699752414,291581.92372667085,435249.7060218232,8,,100.0,2.2757500346415327e-06,0.0005039030000943501,0.30342002768277887
lead_propensity_not_uplift,propensity_not_uplift,0.25,s_learner,net_value_per_1k_leads,321877.96563082654,108078.02888636109,260040.29695026815,399323.46172758203,8,,52.388624480994835,2.1935027949998585,0.30196208637505606,0.24900007313549832
lead_propensity_not_uplift,propensity_not_uplift,0.25,t_learner,net_value_per_1k_leads,318443.577031084,107129.96513334783,257371.3021745991,395389.00908433326,8,,48.19908601986586,2.4571708534999743,0.30380346724984975,0.24839684104319265
lead_propensity_not_uplift,propensity_not_uplift,0.25,x_learner,net_value_per_1k_leads,316318.8065067264,105434.86706028052,256248.66706447865,392011.4148698497,8,,45.46325832417739,3.9868931968750303,0.488693237625057,0.25013335870738984
lead_propensity_not_uplift,propensity_not_uplift,0.25,causal_forest,net_value_per_1k_leads,315452.48424968135,105138.04873970643,256299.88374916403,391188.3072903565,8,,43.95246326073994,23.897843409375014,1.1651251091250288,0.2490167592839162
lead_propensity_not_uplift,propensity_not_uplift,0.25,dr_learner,net_value_per_1k_leads,313633.6256831561,105717.24981155717,253324.91858375625,389056.4242272591,8,,41.23906588002769,5.220735372249919,0.21058260387508193,0.24965387518938104
lead_propensity_not_uplift,propensity_not_uplift,0.25,hist_conversion_rate,net_value_per_1k_leads,312108.4354828913,105883.06996443935,251937.22185438406,387956.43725169636,8,,40.08293851293041,0.04301614312498708,0.0012253439999766877,0.24911359168017572
lead_propensity_not_uplift,propensity_not_uplift,0.25,class_transformation,net_value_per_1k_leads,310474.87314329995,105657.4323563097,250303.81578457812,385532.6647821469,8,,36.926828937202764,2.1716804515000376,0.2444591680001622,0.24983484757756869
lead_propensity_not_uplift,propensity_not_uplift,0.25,hist_profit_per_agent_hour,net_value_per_1k_leads,309504.96337225277,104800.93826016191,250749.60168469846,384639.00358971936,8,,35.76124411016359,0.05415534687506349,0.00119773049993905,0.24937670886387336
lead_propensity_not_uplift,propensity_not_uplift,0.25,funnel_ev_gbm,net_value_per_1k_leads,309230.9671101123,103607.34949359113,249945.01192151583,382617.91615693545,8,,34.98883395912432,3.1989127432499345,0.5192228444998364,0.24885149476215215
lead_propensity_not_uplift,propensity_not_uplift,0.25,hist_net_profit,net_value_per_1k_leads,308689.64945177967,104534.89648633607,250168.73099665396,383663.52148514264,8,,34.43874785691379,0.0501390438749922,0.0011881415000516,0.248406645696407
lead_propensity_not_uplift,propensity_not_uplift,0.25,propensity_ev_gbm,net_value_per_1k_leads,308459.53604783776,104072.47202999091,248651.00587321495,382315.9043006096,8,,33.65126757474914,1.6415446069999007,0.24313363475005184,0.2487482250847558
lead_propensity_not_uplift,propensity_not_uplift,0.25,propensity_ev_logit,net_value_per_1k_leads,308359.6174100572,104380.38700005009,248892.51281352981,382717.5659450893,8,,33.78915259077647,0.9402019294998354,0.17292429525002712,0.2482829494072873
lead_propensity_not_uplift,propensity_not_uplift,0.25,hist_roas,net_value_per_1k_leads,304974.5137789486,99140.17185267278,249769.0210488891,376270.50169916585,8,,30.67055964842949,0.04484858650005204,0.0011407880000433124,0.24805315467185068
lead_propensity_not_uplift,propensity_not_uplift,0.25,last_click_attribution,net_value_per_1k_leads,304766.2130484905,102393.18795600033,246568.53221396462,378664.5816597644,8,,30.218533476621097,0.04939100312503793,0.0024327993751284754,0.24722245916343355
lead_propensity_not_uplift,propensity_not_uplift,0.25,existing_policy_capped,net_value_per_1k_leads,304641.93644947716,100245.80435336489,246354.12357657054,375725.85615628795,8,,31.18950811514263,0.0,0.0,0.24994495570525288
lead_propensity_not_uplift,propensity_not_uplift,0.25,lead_score_logit,net_value_per_1k_leads,303466.70471950015,99896.71633727697,246323.99988550376,374047.0835436235,8,,28.23145151226138,0.9057260833749297,0.1606449148749789,0.24631407341703987
lead_propensity_not_uplift,propensity_not_uplift,0.25,call_everyone,net_value_per_1k_leads,302304.5370907156,103139.75094151017,244018.61688665042,376808.50691417,8,,26.90897792805536,0.03741362199991723,0.005723139749989012,0.247854276704337
lead_propensity_not_uplift,propensity_not_uplift,0.25,lead_score_gbm,net_value_per_1k_leads,302060.216878155,100186.2342885003,244259.23517249463,373326.8770230218,8,,26.247437574684522,1.5821127324999225,0.19365685312516231,0.2457160257096237
lead_propensity_not_uplift,propensity_not_uplift,0.25,existing_policy_replay,net_value_per_1k_leads,301842.1700664584,102730.93756037422,242733.55156835756,375223.79797707254,8,,26.55796673442253,0.0,0.0,0.24910779419911705
lead_propensity_not_uplift,propensity_not_uplift,0.25,random,net_value_per_1k_leads,300760.1539995405,101850.11905644886,242999.53656605916,374084.23082444246,8,,24.71305309346392,0.0408207327499212,0.0009707043748221126,0.24695893156020182
lead_propensity_not_uplift,propensity_not_uplift,0.25,lowest_cpl,net_value_per_1k_leads,300713.7516361022,104273.46850691266,239612.7762589114,374253.2030162917,8,,23.956649914945913,0.04072868687489969,0.000879817874988425,0.2467264037141983
lead_propensity_not_uplift,propensity_not_uplift,0.25,fifo,net_value_per_1k_leads,300523.8513301431,103059.1651720657,241571.53189480232,374251.9149155794,8,,24.57493150373187,0.04092258662512899,0.0008662222500106125,0.24788685062845964
lead_propensity_not_uplift,propensity_not_uplift,0.25,do_nothing,net_value_per_1k_leads,282444.90640910785,97859.60314286899,225280.65456837026,351459.88279022207,8,,0.0,1.8165000028602665e-06,0.00020219662474114998,0.0
lead_rare_outcome,rare_outcome,0.25,oracle,net_value_per_1k_leads,117991.09523284463,73285.47496937095,77314.50500472024,170170.00194186938,8,,100.0,1.8831250372386421e-06,0.0005994129999180124,0.2971246875397229
lead_rare_outcome,rare_outcome,0.25,lead_score_logit,net_value_per_1k_leads,102574.27446546782,59049.57577812502,69274.64148497824,144093.68228154906,8,,73.67110798452904,0.8385066472499147,0.16030915562487275,0.24633095699389712
lead_rare_outcome,rare_outcome,0.25,propensity_ev_logit,net_value_per_1k_leads,101488.67578970296,63413.86169485589,65865.03487508836,146363.89265848382,8,,68.11958484789747,0.8872337046250323,0.18556161425021853,0.24777634167815699
lead_rare_outcome,rare_outcome,0.25,propensity_ev_gbm,net_value_per_1k_leads,100257.12266921668,61408.16486325278,65846.75414696851,143506.71596726545,8,,66.74887793817132,1.5461985102502922,0.24642466325042278,0.24753310316672072
lead_rare_outcome,rare_outcome,0.25,funnel_ev_gbm,net_value_per_1k_leads,100240.42686708788,61249.02724670851,65674.41963691733,143413.78712686858,8,,67.05702149198468,2.7493284160000258,0.5252509933749252,0.24863454673350366
lead_rare_outcome,rare_outcome,0.25,lead_score_gbm,net_value_per_1k_leads,100131.34377603288,59275.91539606742,66528.10287052233,141814.93185718186,8,,68.47847536492009,1.4940773868751194,0.19392947112510223,0.24630940749645247
lead_rare_outcome,rare_outcome,0.25,s_learner,net_value_per_1k_leads,100006.35947424817,62591.35734953803,64859.773261109316,143940.8510809639,8,,65.45672775900528,1.9885541853751647,0.2993521313750307,0.24746686242977492
lead_rare_outcome,rare_outcome,0.25,t_learner,net_value_per_1k_leads,94827.69817423006,60075.0341813978,60822.85210763605,136844.30706449668,8,,55.76609192573485,2.153783268499865,0.301724501250078,0.24861657310190366
lead_rare_outcome,rare_outcome,0.25,x_learner,net_value_per_1k_leads,94281.63928507983,60563.113088809274,60769.19791009876,137226.849056541,8,,53.314871949697576,3.6646157806251267,0.49816673475027073,0.2473687431627539
lead_rare_outcome,rare_outcome,0.25,causal_forest,net_value_per_1k_leads,92656.85809538612,58326.17418984403,60449.960186151424,134355.2855491896,8,,50.71839923331663,29.19014620899975,1.1524142957498498,0.24860795151189263
lead_rare_outcome,rare_outcome,0.25,dr_learner,net_value_per_1k_leads,88418.03562330652,58213.47771672752,55846.1409685043,129614.09790489817,8,,41.61025092625899,5.0014972729998135,0.20449057862492734,0.2501897978397626
lead_rare_outcome,rare_outcome,0.25,hist_conversion_rate,net_value_per_1k_leads,86532.51344108193,57387.8578309155,54140.446284373946,127257.41232379762,8,,37.89661521806886,0.04839166562487656,0.001641562000145275,0.24869295144715153
lead_rare_outcome,rare_outcome,0.25,hist_net_profit,net_value_per_1k_leads,85169.4274778719,53861.54854171264,54335.1154396716,122798.29530026084,8,,36.37651327528223,0.051832824249800014,0.0012067307501410752,0.24704209268282734
lead_rare_outcome,rare_outcome,0.25,hist_profit_per_agent_hour,net_value_per_1k_leads,84830.28133968948,54032.60111155681,53941.409454137174,122788.05033192359,8,,35.282092385339354,0.0527591261252382,0.001242431250034275,0.24746127444003724
lead_rare_outcome,rare_outcome,0.25,hist_roas,net_value_per_1k_leads,84244.40442353298,53317.43074076977,53815.209629848665,121764.9101998836,8,,34.31163054909819,0.047054659125024004,0.0014717505001726125,0.2476154823194748
lead_rare_outcome,rare_outcome,0.25,lowest_cpl,net_value_per_1k_leads,83490.75915788452,56677.21460187899,50351.74958467119,122558.30979068742,8,,30.709964633432822,0.04500401975019482,0.0008593146250177124,0.2467264037141983
lead_rare_outcome,rare_outcome,0.25,existing_policy_capped,net_value_per_1k_leads,83480.88642117563,52878.30971626862,53269.24075787449,120575.0586621612,8,,32.14787705517955,0.0,0.0,0.25106948137847807
lead_rare_outcome,rare_outcome,0.25,class_transformation,net_value_per_1k_leads,83093.60178095277,55327.27640440289,51384.29405259446,121651.80998797741,8,,30.36811157947023,2.0692463875000158,0.24653305387516866,0.2477429116390817
lead_rare_outcome,rare_outcome,0.25,last_click_attribution,net_value_per_1k_leads,82293.65610335498,54371.52473687083,52123.276445359406,121000.58752724467,8,,29.873804785951258,0.050845537874920355,0.0024434088750239754,0.2475079864515328
lead_rare_outcome,rare_outcome,0.25,call_everyone,net_value_per_1k_leads,81543.5890553627,53500.31575530545,51230.00808605226,119018.29297468091,8,,27.18748386485087,0.03838418600014387,0.006795063624735962,0.247854276704337
lead_rare_outcome,rare_outcome,0.25,random,net_value_per_1k_leads,80904.21587581161,55077.9290955,50183.86854231312,119607.18065695804,8,,25.495417457470914,0.040514922499937656,0.0009217326247607625,0.24695893156020182
lead_rare_outcome,rare_outcome,0.25,fifo,net_value_per_1k_leads,80318.36235152367,50070.13345061038,51214.548310209284,114958.47693111465,8,,27.384169599073815,0.05186888550008456,0.0008883970000396875,0.24788685062845964
lead_rare_outcome,rare_outcome,0.25,existing_policy_replay,net_value_per_1k_leads,78686.11150989699,50769.108173968416,49486.085152355256,114198.17673390209,8,,22.90226898929573,0.0,0.0,0.24910779419911705
lead_rare_outcome,rare_outcome,0.25,do_nothing,net_value_per_1k_leads,67167.47849105456,45561.357725885005,40652.749186126224,98876.74407652498,8,,0.0,1.6741249737606267e-06,0.00019810499998125,0.0
lead_seasonality_trend,seasonality_trend,0.25,oracle,net_value_per_1k_leads,332414.06503395666,120053.38276290988,263675.3298347182,416709.5926516243,8,,100.0,2.2168749183038017e-06,0.0005276869999306126,0.3098439707154823
lead_seasonality_trend,seasonality_trend,0.25,s_learner,net_value_per_1k_leads,283560.8344634978,113529.9223965369,218667.27312268672,364151.84253149346,8,,59.83475824924541,2.13979739350043,0.30051753699967776,0.24820841270611504
lead_seasonality_trend,seasonality_trend,0.25,propensity_ev_logit,net_value_per_1k_leads,281431.5991182269,104317.1680923035,220919.66532412556,354474.47790171666,8,,59.27034400323366,0.9167762989998209,0.17303589012522022,0.24843248790326516
lead_seasonality_trend,seasonality_trend,0.25,funnel_ev_gbm,net_value_per_1k_leads,281327.19329169986,106401.55351130254,219424.45922918408,355710.6633201758,8,,58.762884541703585,2.962613741750147,0.5253904961250555,0.2487665974343196
lead_seasonality_trend,seasonality_trend,0.25,t_learner,net_value_per_1k_leads,279801.75349330524,111807.7776356571,215440.4083437945,358614.9844031408,8,,56.935283189647734,2.368764283374503,0.2998212425004567,0.24824248155901535
lead_seasonality_trend,seasonality_trend,0.25,propensity_ev_gbm,net_value_per_1k_leads,278771.04911605164,106665.19693856928,216905.79708642018,353973.24530444504,8,,56.737773195987465,1.6333506086252783,0.24403367300010353,0.24864906980702253
lead_seasonality_trend,seasonality_trend,0.25,x_learner,net_value_per_1k_leads,278586.74162074545,110583.27141891683,214513.72937638153,356136.4383035698,8,,56.00131026446334,3.8922470872498707,0.4932622736243957,0.2491720482488497
lead_seasonality_trend,seasonality_trend,0.25,lead_score_logit,net_value_per_1k_leads,274552.07629621064,101038.55827370063,215843.73745326218,345467.8096267084,8,,54.17571792357193,0.9004612930002622,0.163779449750109,0.24650010250381704
lead_seasonality_trend,seasonality_trend,0.25,causal_forest,net_value_per_1k_leads,273285.4605649617,106974.16612697876,210068.7531485946,347261.9205802921,8,,52.07629229843355,9.79927982175036,0.848291340874539,0.24942923304880704
lead_seasonality_trend,seasonality_trend,0.25,dr_learner,net_value_per_1k_leads,271322.0662877532,108300.28799484417,207934.82780423874,346705.4892507355,8,,50.270000196951614,5.236644878375273,0.2236960487496162,0.2489166523784495
lead_seasonality_trend,seasonality_trend,0.25,lead_score_gbm,net_value_per_1k_leads,271264.6184778986,98670.48598478411,214247.81869759285,340751.5628841605,8,,51.5855956848165,1.587141427624374,0.19993664162507224,0.2469890678897998
lead_seasonality_trend,seasonality_trend,0.25,class_transformation,net_value_per_1k_leads,263274.0648035263,109987.12225503933,198936.4995196247,340330.6754550013,8,,43.219182960612144,2.196899480125012,0.24880996299998512,0.24803668097898013
lead_seasonality_trend,seasonality_trend,0.25,hist_conversion_rate,net_value_per_1k_leads,259892.61261215157,105947.71482764931,198881.51446297916,334261.31862651015,8,,41.34634272742041,0.04372329099965095,0.0011851819999719251,0.24862541650950468
lead_seasonality_trend,seasonality_trend,0.25,hist_net_profit,net_value_per_1k_leads,256793.9964910428,101393.39036963425,197903.35881132327,327642.1043274316,8,,39.22917907570598,0.05007700487522011,0.0012017842498152625,0.2484717652175713
lead_seasonality_trend,seasonality_trend,0.25,hist_profit_per_agent_hour,net_value_per_1k_leads,255829.8202576591,101838.6697671219,196423.97947020023,326938.25838169013,8,,38.414694177288176,0.054046669249828434,0.0012272527505955999,0.24880711062333924
lead_seasonality_trend,seasonality_trend,0.25,hist_roas,net_value_per_1k_leads,250859.0111735233,95809.25783915077,195398.64846423472,318123.33205134387,8,,35.05719863318633,0.04554010250012648,0.0012454857496777,0.24817039910584993
lead_seasonality_trend,seasonality_trend,0.25,lowest_cpl,net_value_per_1k_leads,250341.0499421748,107514.9873561327,187700.90727268893,325430.27182929637,8,,33.173579509529,0.041831252000065385,0.0008979152501069125,0.2467264037141983
lead_seasonality_trend,seasonality_trend,0.25,last_click_attribution,net_value_per_1k_leads,249810.01564497343,100570.5978856569,191856.87931735988,320630.76708129427,8,,33.50519643238122,0.05049289549947385,0.0024563696251788747,0.24708612651176348
lead_seasonality_trend,seasonality_trend,0.25,existing_policy_capped,net_value_per_1k_leads,249447.25165513525,101357.61596535156,189525.4811843692,319747.48851271486,8,,32.96917243630171,0.0,0.0,0.2500995106208561
lead_seasonality_trend,seasonality_trend,0.25,random,net_value_per_1k_leads,245902.83374128706,107567.49191855025,184195.3808733066,321984.26489162206,8,,29.207923710520618,0.04268694112488443,0.0009833488747971874,0.24695893156020182
lead_seasonality_trend,seasonality_trend,0.25,call_everyone,net_value_per_1k_leads,244215.29741176887,100257.58758742061,187714.37038757178,315651.68915090273,8,,28.595563413651135,0.036890851250063805,0.006054053624666225,0.247854276704337
lead_seasonality_trend,seasonality_trend,0.25,existing_policy_replay,net_value_per_1k_leads,243887.2591602289,103044.90406523562,184590.41119736707,315997.9072277732,8,,28.006895750608468,0.0,0.0,0.24910779419911705
lead_seasonality_trend,seasonality_trend,0.25,fifo,net_value_per_1k_leads,237865.88707000753,103582.26687873449,179335.1458508133,311817.1380270213,8,,23.109063493636583,0.04165863612547579,0.0009518862500498999,0.24788685062845964
lead_seasonality_trend,seasonality_trend,0.25,do_nothing,net_value_per_1k_leads,208638.5475090696,92680.59567153915,154761.27382726202,273150.6403353192,8,,0.0,1.738624632707797e-06,0.0002251308749236625,0.0
lead_selection_bias,selection_bias,0.25,oracle,net_value_per_1k_leads,272161.2927591226,113386.29613172266,207055.98923918116,352380.3042776098,8,,100.0,2.2176252514327643e-06,0.000516582000273,0.307515608915514
lead_selection_bias,selection_bias,0.25,propensity_ev_logit,net_value_per_1k_leads,234453.56892276817,97891.32216440556,177667.0286915921,303303.28439518675,8,,65.91253991345883,0.9258008528747723,0.177378204499746,0.2482241277237278
lead_selection_bias,selection_bias,0.25,propensity_ev_gbm,net_value_per_1k_leads,231403.21714241902,97570.48502238757,174986.41657068834,299893.4752642536,8,,63.21690249829855,1.6689444001247011,0.2472206906249994,0.24834414790472847
lead_selection_bias,selection_bias,0.25,s_learner,net_value_per_1k_leads,231362.01847718714,100239.87836136027,173783.70270595088,302400.11478696845,8,,62.57378500524802,2.084640709124642,0.2996416047492403,0.24820532631371559
lead_selection_bias,selection_bias,0.25,funnel_ev_gbm,net_value_per_1k_leads,230483.85940663607,97470.31597576394,173605.03365706897,298368.0526908785,8,,62.31601364951955,2.9693949757502196,0.5239975577501355,0.2487347670148377
lead_selection_bias,selection_bias,0.25,t_learner,net_value_per_1k_leads,230390.47481680586,100924.30304985677,172264.76293590304,301325.59704332886,8,,61.68842984820675,2.3294285041249623,0.30267666949998784,0.24842795075725785
lead_selection_bias,selection_bias,0.25,x_learner,net_value_per_1k_leads,227537.26561262703,98935.20685355946,169237.4181552966,296202.6521200781,8,,59.098884329923465,3.9377527945000566,0.5497600981250343,0.24920731487334563
lead_selection_bias,selection_bias,0.25,lead_score_logit,net_value_per_1k_leads,226300.37168732923,92560.15051350246,171789.76868025507,290672.13070335356,8,,59.93472296267072,0.9473489417498513,0.17035716899999892,0.2464837477683673
lead_selection_bias,selection_bias,0.25,lead_score_gbm,net_value_per_1k_leads,225277.44709637188,93523.77680910431,170797.7999431376,290517.4045430773,8,,58.66729881653319,1.6152159190003204,0.20159022687516875,0.24667820522284276
lead_selection_bias,selection_bias,0.25,causal_forest,net_value_per_1k_leads,221577.05899817197,100999.80916471059,162393.69474311022,291780.4666608521,8,,52.71915689388369,19.436043244375014,1.0106719287502983,0.24924086823556943
lead_selection_bias,selection_bias,0.25,dr_learner,net_value_per_1k_leads,218234.06852639513,100244.80404538185,159598.00556390896,288037.5412744323,8,,49.68687846552922,5.448952385374469,0.21998940587491234,0.24930507484115202
lead_selection_bias,selection_bias,0.25,existing_policy_capped,net_value_per_1k_leads,214855.31192925712,98571.99214211202,157111.78323843662,283223.13065675274,8,,47.31380374097732,0.0,0.0,0.24973159675541493
lead_selection_bias,selection_bias,0.25,hist_conversion_rate,net_value_per_1k_leads,211905.19010091363,98226.64743550627,154655.97659921387,279956.4137346102,8,,44.52329944083949,0.04347579162504185,0.0011462888755885874,0.24786880310322812
lead_selection_bias,selection_bias,0.25,hist_net_profit,net_value_per_1k_leads,206789.1833772285,93802.83417963414,151983.3093790179,271930.04052577866,8,,40.06066399833726,0.05175795937520884,0.0012247026252225,0.24844209134930179
lead_selection_bias,selection_bias,0.25,hist_profit_per_agent_hour,net_value_per_1k_leads,206115.6221158242,93975.33864243675,151371.33918364663,271084.90217048395,8,,39.446815785148786,0.056389187749800784,0.0011972273753144123,0.2482553803054815
lead_selection_bias,selection_bias,0.25,existing_policy_replay,net_value_per_1k_leads,204891.10198106105,96946.58555963627,149307.96050934805,273088.6117392068,8,,38.219678003113124,0.0,0.0,0.24833571360126516
lead_selection_bias,selection_bias,0.25,hist_roas,net_value_per_1k_leads,200880.987257381,89121.45185772332,148509.21445188829,262490.3267325912,8,,35.32217481593879,0.04539557087491626,0.0011791206250108626,0.24775211145443327
lead_selection_bias,selection_bias,0.25,lowest_cpl,net_value_per_1k_leads,199152.97696472998,100376.32076162042,140151.25969227456,269206.99844802654,8,,31.968086675446532,0.04188720750016722,0.0008485228750032001,0.2465529228815404
lead_selection_bias,selection_bias,0.25,last_click_attribution,net_value_per_1k_leads,198280.0206668144,91765.0352390055,145228.10006236396,262278.0024022652,8,,32.27758323224815,0.05281853112501263,0.0029563350003627,0.2480413079227624
lead_selection_bias,selection_bias,0.25,call_everyone,net_value_per_1k_leads,193374.66745682136,93322.97303404918,140411.2315090745,259494.89589451882,8,,27.017306733642755,0.036274506875315596,0.005774549125362625,0.24773569955793295
lead_selection_bias,selection_bias,0.25,random,net_value_per_1k_leads,193281.03712257938,96808.05320735028,137850.06561897232,261152.5695669,8,,26.44473722281277,0.0423260121251587,0.0009885136248612499,0.24665401907327944
lead_selection_bias,selection_bias,0.25,fifo,net_value_per_1k_leads,191692.22473843477,92954.00159513991,138875.07646433893,257582.11041101548,8,,26.369878164382484,0.041831906749848664,0.0008871115001056376,0.24793735410874645
lead_selection_bias,selection_bias,0.25,class_transformation,net_value_per_1k_leads,186100.53090677946,89188.54430150116,134159.5597902377,247793.6691768843,8,,20.59851861221229,2.11632505462444,0.24799107074954915,0.24834769636472664
lead_selection_bias,selection_bias,0.25,do_nothing,net_value_per_1k_leads,163093.38889810455,83532.59685808147,113953.75253853423,220843.8142339462,8,,0.0,1.6774999949120684e-06,0.00019071562473977501,0.0
lead_sparse,sparse,0.25,oracle,net_value_per_1k_leads,278428.5586657959,79530.27877884853,229025.75285292423,331349.33127713087,8,,100.0,2.2069998522056267e-06,0.00047786712480042497,0.30210970359325073
lead_sparse,sparse,0.25,propensity_ev_logit,net_value_per_1k_leads,234681.4938900852,73355.0982974768,189321.47635059943,283772.57921886886,8,,63.7746578843211,1.3378772278748556,0.18961178674976503,0.24820667375498645
lead_sparse,sparse,0.25,funnel_ev_gbm,net_value_per_1k_leads,230550.47428193048,71852.72326717427,185815.17319972249,278318.5819489042,8,,60.32750821877052,2.9884803730001295,0.5216169501250079,0.24820890477440166
lead_sparse,sparse,0.25,propensity_ev_gbm,net_value_per_1k_leads,230311.80731340905,71628.80976006635,185939.9143025813,278178.1241308835,8,,59.99612916738996,1.6441913682498353,0.2494247404999896,0.2479540223313172
lead_sparse,sparse,0.25,lead_score_logit,net_value_per_1k_leads,229340.26041358124,70311.38580753769,185829.0722843203,276151.9384457171,8,,59.18206490540672,1.1507197254999255,0.16909175087505446,0.24674075667323675
lead_sparse,sparse,0.25,s_learner,net_value_per_1k_leads,228021.12369511998,69973.07802425521,184606.7169594897,274680.93740706024,8,,58.17395526954793,2.172691324499965,0.3207318702499151,0.24740415565829643
lead_sparse,sparse,0.25,t_learner,net_value_per_1k_leads,224459.82135363529,70855.4438543311,180465.35646974068,271764.1217238067,8,,55.28875968855922,2.3968547084999727,0.30912865037510073,0.24775635272203045
lead_sparse,sparse,0.25,x_learner,net_value_per_1k_leads,224230.1456839741,69634.7434066146,181235.5859871239,270690.01899421087,8,,54.873996781943916,3.9820048077500587,0.5056560596248119,0.2482216053446341
lead_sparse,sparse,0.25,lead_score_gbm,net_value_per_1k_leads,223860.57019540016,70664.79330580046,179974.51515253988,270995.88289295416,8,,54.34588622130293,1.6183906728751936,0.19940069850019876,0.24665626882345315
lead_sparse,sparse,0.25,dr_learner,net_value_per_1k_leads,220448.97522257312,69961.26327481927,176436.31677393836,267117.64317572356,8,,51.499471085064854,5.246897088375135,0.22242472662526322,0.249209230126894
lead_sparse,sparse,0.25,causal_forest,net_value_per_1k_leads,220372.05096483277,75116.02150195591,172640.60734236945,269757.50535477453,8,,51.274305139617724,26.178676189749922,1.1665153769997687,0.24955049163926218
lead_sparse,sparse,0.25,hist_conversion_rate,net_value_per_1k_leads,210946.0643966772,65602.9459788872,170271.8767748474,254645.26888251828,8,,43.791647298203195,0.042325208749843975,0.001105148625015275,0.2473359041411188
lead_sparse,sparse,0.25,hist_net_profit,net_value_per_1k_leads,210254.62490022855,66450.1469454325,169098.6410470456,254483.66435897312,8,,43.39396405022988,0.05082138024988575,0.001336351000190875,0.24756787801697533
lead_sparse,sparse,0.25,hist_profit_per_agent_hour,net_value_per_1k_leads,209747.76762855685,66929.80415061173,168170.41369845736,254211.7455341992,8,,42.8063754358696,0.052676364500030076,0.0012463571251828,0.24857492421633698
lead_sparse,sparse,0.25,existing_policy_capped,net_value_per_1k_leads,208450.5704565201,67744.90266199314,166067.6182116663,253145.75553133158,8,,41.24509854958716,0.0,0.0,0.2522386919383648
lead_sparse,sparse,0.25,class_transformation,net_value_per_1k_leads,206116.6664388146,72235.81055867819,160419.84204633895,253902.2436139366,8,,39.34098817023415,2.2435652071249024,0.26612457287501456,0.24940572374096756
lead_sparse,sparse,0.25,hist_roas,net_value_per_1k_leads,205054.90474990406,61977.62005279548,166609.76868353868,246408.73551294382,8,,39.39680880277833,0.0447369246248854,0.0011307540000870626,0.24700794360277217
lead_sparse,sparse,0.25,last_click_attribution,net_value_per_1k_leads,198032.82143362943,66804.00737273887,156086.73866985738,241843.5457486001,8,,33.03228737748689,0.04923323987486579,0.002407048124837225,0.24645514794912418
lead_sparse,sparse,0.25,call_everyone,net_value_per_1k_leads,194075.74428152957,71713.96195976132,149010.7688435419,241450.81699071464,8,,28.915267779850037,0.03789765987517052,0.0058060679999698255,0.24775798525421525
lead_sparse,sparse,0.25,existing_policy_replay,net_value_per_1k_leads,193176.01728355285,69536.15332840492,149732.8310327754,239115.53476853733,8,,28.437088797932958,0.0,0.0,0.2508458594398654
lead_sparse,sparse,0.25,fifo,net_value_per_1k_leads,191954.20126232124,71415.99749829719,147339.79597319412,238968.59799515922,8,,27.361449103810074,0.041256174124896426,0.0008518519998687751,0.24708248974428135
lead_sparse,sparse,0.25,random,net_value_per_1k_leads,191801.27865834546,68635.10358398884,148588.53219479264,236582.93697142566,8,,27.237529333058156,0.041548249500010515,0.000920501375276175,0.24751500383246317
lead_sparse,sparse,0.25,lowest_cpl,net_value_per_1k_leads,191696.7384506637,65178.97642052595,151134.19681099086,234837.3321752427,8,,27.948619692776916,0.04076578437491203,0.0008486053749265374,0.24645850785339501
lead_sparse,sparse,0.25,do_nothing,net_value_per_1k_leads,158942.22527960705,62354.84807965592,119513.09216294397,199778.40681507945,8,,0.0,1.802125098038232e-06,0.00019899187498136252,0.0
lead_strong_heterogeneity,strong_heterogeneity,0.25,oracle,net_value_per_1k_leads,337669.98470538354,98179.00278976558,280930.08334324195,406309.5997434967,8,,100.0,2.0092498971280293e-06,0.0005433352499721375,0.2923204427824711
lead_strong_heterogeneity,strong_heterogeneity,0.25,s_learner,net_value_per_1k_leads,290533.89680591476,96777.94773960182,232941.9774188245,357723.55159444455,8,,72.84821014233769,2.4202410591248054,0.3407847209996362,0.24813342775098882
lead_strong_heterogeneity,strong_heterogeneity,0.25,x_learner,net_value_per_1k_leads,287358.39819329535,96240.50167355363,230262.58539969625,354615.05306274135,8,,71.06366136694163,4.311566974624952,0.5457086579997394,0.24784252692766895
lead_strong_heterogeneity,strong_heterogeneity,0.25,t_learner,net_value_per_1k_leads,282320.6454202529,97243.3409600912,225459.5143056988,350419.9797146872,8,,67.96638636280296,2.581125423625508,0.3419789446249979,0.24837883201189306
lead_strong_heterogeneity,strong_heterogeneity,0.25,causal_forest,net_value_per_1k_leads,279110.9426975445,94021.71702095837,222462.6226953246,344445.644574309,8,,66.45713082146175,24.70326596224993,1.192906209249827,0.24814296995488933
lead_strong_heterogeneity,strong_heterogeneity,0.25,dr_learner,net_value_per_1k_leads,278203.1210133092,92042.38718740219,223138.3661626543,342266.58936923224,8,,65.89252013437527,5.760962909999989,0.24275902850013148,0.2476676941094495
lead_strong_heterogeneity,strong_heterogeneity,0.25,propensity_ev_gbm,net_value_per_1k_leads,273226.48291319335,83371.91397918925,223442.02364491252,330881.30853261123,8,,63.36843186721232,1.7140599613752556,0.269792373250084,0.24936116056418264
lead_strong_heterogeneity,strong_heterogeneity,0.25,funnel_ev_gbm,net_value_per_1k_leads,273225.42785338126,83550.39433019538,223264.73784909784,330885.2063545374,8,,63.34667561385635,3.210295505624572,0.5864785562498582,0.24858456479739438
lead_strong_heterogeneity,strong_heterogeneity,0.25,propensity_ev_logit,net_value_per_1k_leads,263200.5909409891,78451.79255935112,216308.2933562029,317057.6587692179,8,,57.55602270913381,0.9465202733750857,0.18597208287508232,0.24824879822637463
lead_strong_heterogeneity,strong_heterogeneity,0.25,lead_score_logit,net_value_per_1k_leads,261321.00424433732,72351.12706243621,217170.3923386014,310330.98974294274,8,,56.857625545097264,0.9918530457501902,0.16614363074984334,0.24599520248955764
lead_strong_heterogeneity,strong_heterogeneity,0.25,class_transformation,net_value_per_1k_leads,259971.73607352556,93375.49666592652,205615.1534851196,325381.4801992488,8,,55.155842409071525,2.3969334278752967,0.2699975476249392,0.24830251258454503
lead_strong_heterogeneity,strong_heterogeneity,0.25,lead_score_gbm,net_value_per_1k_leads,257824.58617912763,69228.70937122703,215884.51892244763,304861.14819446416,8,,54.98806263845011,1.670666864250279,0.20421079574987283,0.24666560844432
lead_strong_heterogeneity,strong_heterogeneity,0.25,hist_net_profit,net_value_per_1k_leads,218249.3289319275,84682.10922458339,168629.43559826093,276793.7727080411,8,,31.596283587280702,0.05252625400032679,0.0011777448751217373,0.24857409765484056
lead_strong_heterogeneity,strong_heterogeneity,0.25,hist_profit_per_agent_hour,net_value_per_1k_leads,217438.79934689545,85605.20553640196,167585.07698157983,276631.0378632837,8,,31.0513880593992,0.05384701549985489,0.0012396460000445,0.24896015915611625
lead_strong_heterogeneity,strong_heterogeneity,0.25,hist_conversion_rate,net_value_per_1k_leads,217375.1703443639,90280.02289997834,164374.95358242717,280568.7870986842,8,,31.122635176728146,0.045678484875111225,0.0011497897502294623,0.2491319075399056
lead_strong_heterogeneity,strong_heterogeneity,0.25,lowest_cpl,net_value_per_1k_leads,214076.35326289647,92774.53866161992,160045.6209406852,278233.2462995788,8,,28.760489189315173,0.044506786124998116,0.0008468836247174625,0.2467264037141983
lead_strong_heterogeneity,strong_heterogeneity,0.25,hist_roas,net_value_per_1k_leads,212458.0910857385,80768.94580952065,164673.4245115111,268139.07778057473,8,,28.30510633394888,0.048983523625224686,0.0016859958749363875,0.24691435343742912
lead_strong_heterogeneity,strong_heterogeneity,0.25,last_click_attribution,net_value_per_1k_leads,210262.67047479932,84451.77135213591,160386.6876191106,269063.49357401836,8,,27.168590803113403,0.05292427599999876,0.0023654704998534127,0.24712014474553679
lead_strong_heterogeneity,strong_heterogeneity,0.25,existing_policy_capped,net_value_per_1k_leads,209080.99439676024,83111.58274385851,159383.41131035078,265662.5481669535,8,,26.493510123423395,0.0,0.0,0.24991173334531494
lead_strong_heterogeneity,strong_heterogeneity,0.25,random,net_value_per_1k_leads,208608.9502953726,87050.87571159529,157289.431472208,268826.68932969955,8,,25.908368124344495,0.04372892237529409,0.0009185701251225875,0.24695893156020182
lead_strong_heterogeneity,strong_heterogeneity,0.25,existing_policy_replay,net_value_per_1k_leads,207537.9018414991,86725.41846481035,156414.31548311858,267516.50086430635,8,,25.55346551196577,0.0,0.0,0.24910779419911705
lead_strong_heterogeneity,strong_heterogeneity,0.25,fifo,net_value_per_1k_leads,204870.57171867543,87657.67731953655,154121.10240287945,266535.85069017875,8,,23.967602210429654,0.04577556300000647,0.0009119417496776376,0.24788685062845964
lead_strong_heterogeneity,strong_heterogeneity,0.25,call_everyone,net_value_per_1k_leads,204530.36430949921,86662.03494082471,154285.74828952368,265308.32880388014,8,,23.558294820962836,0.04016188087530277,0.006805019999774175,0.247854276704337
lead_strong_heterogeneity,strong_heterogeneity,0.25,do_nothing,net_value_per_1k_leads,163093.38889810455,83532.59685808147,113953.75253853423,220843.8142339462,8,,0.0,1.7873750266517163e-06,0.00019790349995215002,0.0
lead_value_heterogeneity,value_heterogeneity,0.25,oracle,net_value_per_1k_leads,455095.3019621408,187337.41897941608,348575.8708722488,587190.9956925506,8,,100.0,2.1378748442657525e-06,0.000494446500397275,0.29542869525636933
lead_value_heterogeneity,value_heterogeneity,0.25,s_learner,net_value_per_1k_leads,366665.99633714114,167809.41184886024,273630.06438893,486537.3207988804,8,,56.18510607397145,2.1711363076251473,0.3053228191247399,0.2482232496796387
lead_value_heterogeneity,value_heterogeneity,0.25,propensity_ev_logit,net_value_per_1k_leads,363632.6152643617,150290.50805225808,277861.7527331065,470068.9616121064,8,,56.400636388753654,0.9405697649999638,0.178375374624693,0.24804975568239096
lead_value_heterogeneity,value_heterogeneity,0.25,propensity_ev_gbm,net_value_per_1k_leads,358772.3283098502,151253.9360710605,273958.15021658526,466726.28584012756,8,,53.82328135865771,1.6817994308753441,0.24934190775024942,0.24824622072651495
lead_value_heterogeneity,value_heterogeneity,0.25,funnel_ev_gbm,net_value_per_1k_leads,358358.80534092593,155474.7049157085,273107.9793537811,470397.0053327742,8,,53.21074450889904,2.951973100374744,0.539020190374913,0.24833527093023977
lead_value_heterogeneity,value_heterogeneity,0.25,x_learner,net_value_per_1k_leads,357845.7131652588,166684.60225399878,265823.1986390602,477508.5137136711,8,,51.70496108216905,3.9453092068752085,0.5051403113743618,0.24841314144358992
lead_value_heterogeneity,value_heterogeneity,0.25,t_learner,net_value_per_1k_leads,354945.27036578977,166231.85494294937,262551.11113137734,473926.1657992336,8,,50.315030933660765,2.407260850749708,0.32870011599948157,0.2481834027118863
lead_value_heterogeneity,value_heterogeneity,0.25,lead_score_logit,net_value_per_1k_leads,354655.4255177716,144060.37760978538,271105.53921897087,455805.8953471049,8,,53.354417223323516,0.9246171792501627,0.16536250312560696,0.2460932255926465
lead_value_heterogeneity,value_heterogeneity,0.25,lead_score_gbm,net_value_per_1k_leads,351381.836708506,144205.521228598,268432.43679484236,453183.5737369112,8,,51.66893405444192,1.6050969342493318,0.20408566237483677,0.24663335378940338
lead_value_heterogeneity,value_heterogeneity,0.25,causal_forest,net_value_per_1k_leads,339057.26393864607,163014.37528940264,246811.63085364286,455016.77336608974,8,,41.81660319398382,25.154603874375425,1.16393054162495,0.2495623043459427
lead_value_heterogeneity,value_heterogeneity,0.25,dr_learner,net_value_per_1k_leads,338817.9699851755,167142.8305541385,246217.99491647934,458621.9431392414,8,,41.575608603205296,5.2345306941247145,0.22387565037524834,0.24915610005999606
lead_value_heterogeneity,value_heterogeneity,0.25,hist_conversion_rate,net_value_per_1k_leads,334742.15399997355,157905.84601629313,243699.24703709956,442976.5585843162,8,,40.07774673462348,0.04330020262545981,0.00112883075007625,0.24872863006413473
lead_value_heterogeneity,value_heterogeneity,0.25,class_transformation,net_value_per_1k_leads,328770.1555322709,163238.42731463243,236083.2052884891,445271.2292019332,8,,35.86057112202294,2.2121453836248293,0.2526295676245809,0.2481474398647742
lead_value_heterogeneity,value_heterogeneity,0.25,hist_profit_per_agent_hour,net_value_per_1k_leads,325906.21443349455,143313.19627424443,242748.61913397885,426175.9914885071,8,,36.84662552608164,0.05388581250008424,0.001370271750147325,0.2488624786066697
lead_value_heterogeneity,value_heterogeneity,0.25,hist_net_profit,net_value_per_1k_leads,325902.5087957835,143316.45237935663,242744.91349626787,426175.89515380916,8,,36.844715206333014,0.05051382137526157,0.0012494823749875249,0.2488796640677696
lead_value_heterogeneity,value_heterogeneity,0.25,existing_policy_capped,net_value_per_1k_leads,323602.42000290036,142399.43205754514,239642.66698731564,420315.510281215,8,,35.5286838103481,0.0,0.0,0.25128535567672694
lead_value_heterogeneity,value_heterogeneity,0.25,hist_roas,net_value_per_1k_leads,322266.901335128,147562.94564951689,237380.13439406024,425870.40832686157,8,,34.54977405223799,0.04453455799966829,0.0011408373752601125,0.2484529133286422
lead_value_heterogeneity,value_heterogeneity,0.25,lowest_cpl,net_value_per_1k_leads,320173.32526904193,156913.1484464045,228439.59949183837,428695.1766071613,8,,32.5775866395998,0.0410332946250946,0.0008775779999723125,0.2467264037141983
lead_value_heterogeneity,value_heterogeneity,0.25,last_click_attribution,net_value_per_1k_leads,309371.43401061825,140800.81496062415,228857.9580836225,409385.20001135254,8,,28.69453403946936,0.05431570649989223,0.002978206124680525,0.24713725125613978
lead_value_heterogeneity,value_heterogeneity,0.25,existing_policy_replay,net_value_per_1k_leads,306033.2364051314,144802.7528423982,222396.91408144828,407097.6737699909,8,,26.333361046061142,0.0,0.0,0.24910779419911705
lead_value_heterogeneity,value_heterogeneity,0.25,random,net_value_per_1k_leads,303229.32313436584,151734.09679463186,217290.00005648064,411413.6761804286,8,,23.924311468095922,0.040895663999890475,0.0009536066249893,0.24695893156020182
lead_value_heterogeneity,value_heterogeneity,0.25,call_everyone,net_value_per_1k_leads,301720.38479720737,145124.1603545202,219897.575365285,404815.6048605558,8,,23.739141901580027,0.03646210624992814,0.005722566000031237,0.247854276704337
lead_value_heterogeneity,value_heterogeneity,0.25,fifo,net_value_per_1k_leads,299388.68234941445,147356.0551243076,216621.25812178422,404089.257238289,8,,23.55846628341034,0.04181250812530374,0.00087645949997745,0.24788685062845964
lead_value_heterogeneity,value_heterogeneity,0.25,do_nothing,net_value_per_1k_leads,251582.37543879275,125434.22967927495,178694.68767885247,339861.48333112535,8,,0.0,1.8627501958690118e-06,0.000201069750573825,0.0
lead_very_rare_outcome,very_rare_outcome,0.25,oracle,net_value_per_1k_leads,59534.8306931166,44569.047772767095,34838.458425910314,91208.89455027063,8,,100.0,2.4772500637482153e-06,0.0005346938750107626,0.29168494340663964
lead_very_rare_outcome,very_rare_outcome,0.25,lead_score_logit,net_value_per_1k_leads,52333.133701404644,40469.41788958156,29705.242165547734,81038.30064558539,8,,70.1713706320995,0.7899876740000309,0.1332432526249931,0.24643206097635845
lead_very_rare_outcome,very_rare_outcome,0.25,propensity_ev_logit,net_value_per_1k_leads,51805.110194013076,39774.91306596372,29532.03333841341,79837.59910805158,8,,68.44622844975467,0.806567173624785,0.1409473806251071,0.24771783159499627
lead_very_rare_outcome,very_rare_outcome,0.25,lead_score_gbm,net_value_per_1k_leads,50628.10911475805,39710.03759361594,27946.368871885523,78639.87421307877,8,,63.56921941627351,1.406680938124964,0.17042451875011005,0.24622322985299827
lead_very_rare_outcome,very_rare_outcome,0.25,funnel_ev_gbm,net_value_per_1k_leads,50302.331714542925,39447.69607578883,27992.974547302292,78107.14464025851,8,,61.78772512291175,2.6011129290002373,0.5021009967498458,0.2473513175009751
lead_very_rare_outcome,very_rare_outcome,0.25,propensity_ev_gbm,net_value_per_1k_leads,50227.54880441221,39678.060579367346,27551.318611194547,78167.13764345415,8,,61.02801743021057,1.445298588375067,0.21597285512518732,0.24665378618212427
lead_very_rare_outcome,very_rare_outcome,0.25,s_learner,net_value_per_1k_leads,49125.95495295091,40025.72584994623,26478.396306878418,77427.96326044985,8,,55.23284202680119,1.8359334507498488,0.266706486125031,0.24629430626139892
lead_very_rare_outcome,very_rare_outcome,0.25,causal_forest,net_value_per_1k_leads,48360.0393800402,37883.68174678223,27195.266703555666,75251.1089556271,8,,55.325390588929984,30.604058653500033,1.1200471290001133,0.24778246534349443
lead_very_rare_outcome,very_rare_outcome,0.25,t_learner,net_value_per_1k_leads,46250.54508812985,37633.36385966074,24502.3104476873,72603.15227294456,8,,43.46668758864965,1.920168672999921,0.27421271324988084,0.24871978221953212
lead_very_rare_outcome,very_rare_outcome,0.25,x_learner,net_value_per_1k_leads,45603.83786561718,37304.33933537411,24624.752170658423,71982.90510200974,8,,41.03160168096103,3.61153177687504,0.4783422698749291,0.2480926905178477
lead_very_rare_outcome,very_rare_outcome,0.25,hist_conversion_rate,net_value_per_1k_leads,43978.45715751912,34986.045212153265,24091.809141302787,68786.72126640263,8,,37.49766461584846,0.04979258062496679,0.0011488872499966752,0.2468743050797964
lead_very_rare_outcome,very_rare_outcome,0.25,hist_profit_per_agent_hour,net_value_per_1k_leads,43958.52740847245,35334.79587606804,23735.67945620988,68819.49283474163,8,,36.62145953110362,0.06406616837500674,0.001249105500050925,0.24752755837345813
lead_very_rare_outcome,very_rare_outcome,0.25,hist_net_profit,net_value_per_1k_leads,43923.61824736607,35370.66784930346,23692.770173105626,68819.49283474163,8,,36.31315564112474,0.05344888175000048,0.0012551526249353125,0.24754429421493623
lead_very_rare_outcome,very_rare_outcome,0.25,dr_learner,net_value_per_1k_leads,43495.39504349679,34670.42860304204,24285.039099286205,68180.4550797015,8,,35.47764364082058,4.882124208999926,0.1789820732500402,0.24912547800713072
lead_very_rare_outcome,very_rare_outcome,0.25,hist_roas,net_value_per_1k_leads,43364.05243753125,35113.06523227363,23454.73514004726,68108.58436024238,8,,33.336854037223034,0.04986424275000438,0.0011651882500700126,0.24739273428854652
lead_very_rare_outcome,very_rare_outcome,0.25,last_click_attribution,net_value_per_1k_leads,42214.02768373378,34730.48484623964,22927.86996786101,66918.73850299431,8,,28.685979367972983,0.05710053250015786,0.0029460279999966,0.24695221215128502
lead_very_rare_outcome,very_rare_outcome,0.25,lowest_cpl,net_value_per_1k_leads,41554.79971668098,35996.095465691185,20997.860008985226,66979.70282731074,8,,23.655611348905154,0.043303703625269876,0.00086680749984675,0.2467264037141983
lead_very_rare_outcome,very_rare_outcome,0.25,existing_policy_capped,net_value_per_1k_leads,41238.546871453036,32856.08845675312,22624.297911037924,64377.01099804202,8,,26.684368732803456,0.0,0.0,0.2501272051860375
lead_very_rare_outcome,very_rare_outcome,0.25,class_transformation,net_value_per_1k_leads,40856.83973430058,34586.82454881221,21541.485382119885,65464.32355075118,8,,23.12151127380733,2.070606621875072,0.2223315999999613,0.2476343120876916
lead_very_rare_outcome,very_rare_outcome,0.25,random,net_value_per_1k_leads,40630.82347950323,35483.49139829064,20986.32827152808,65963.84218521342,8,,20.033330317192927,0.04349600024988827,0.0009647757499350875,0.24695893156020182
lead_very_rare_outcome,very_rare_outcome,0.25,fifo,net_value_per_1k_leads,40618.96083591819,32949.857999155465,21826.227573039538,64119.57549227201,8,,24.30487161995549,0.045984709624804,0.00137948150018015,0.24788685062845964
lead_very_rare_outcome,very_rare_outcome,0.25,call_everyone,net_value_per_1k_leads,40435.67928796919,34843.60698944236,21041.828968865026,65286.88111159399,8,,18.454651005593984,0.0401708416251267,0.005660839125084687,0.247854276704337
lead_very_rare_outcome,very_rare_outcome,0.25,existing_policy_replay,net_value_per_1k_leads,39920.649119588896,33453.45684792008,20724.143142483757,63410.4204294194,8,,19.35735769084929,0.0,0.0,0.24910779419911705
lead_very_rare_outcome,very_rare_outcome,0.25,do_nothing,net_value_per_1k_leads,34729.16686178452,29219.769303472167,18267.252865426948,55461.219756659084,8,,0.0,1.7343749050269253e-06,0.0001950022499385625,0.0
